filename,class1,gender,race,age
sa_3532701.jpg,gymnast,1,0,0
sa_10549407.jpg,lifeguard,1,1,0
sa_3536267.jpg,motorcyclist,0,1,0
sa_3905562.jpg,speaker,0,0,0
sa_10790146.jpg,repairman,0,1,0
sa_7374048.jpg,singer,0,0,0
sa_1297103.jpg,farmer,0,1,0
sa_7995918.jpg,doctor,0,1,0
sa_3291338.jpg,climber,0,0,0
sa_6045842.jpg,guard,0,1,0
sa_6446153.jpg,disk_jockey,0,1,0
sa_2772779.jpg,repairman,0,1,0
sa_1932356.jpg,flutist,0,2,0
sa_2886046.jpg,nurse,1,1,0
sa_10987830.jpg,retailer,0,0,0
sa_3644509.jpg,machinist,0,1,0
sa_10774597.jpg,cheerleader,1,0,0
sa_181695.jpg,backpacker,0,0,1
sa_7732092.jpg,reporter,0,1,0
sa_2588919.jpg,speaker,0,0,0
sa_3021239.jpg,tennis_player,0,0,0
sa_1341163.jpg,computer_user,0,0,0
sa_1573059.jpg,farmer,0,2,0
sa_9023120.jpg,seller,1,0,0
sa_311823.jpg,guitarist,0,1,0
sa_1127583.jpg,lawman,0,1,0
sa_1927700.jpg,skateboarder,1,1,0
sa_7378964.jpg,skateboarder,0,0,0
sa_7207508.jpg,repairman,0,1,0
sa_3926822.jpg,gardener,0,1,0
sa_6541816.jpg,guitarist,0,0,0
sa_159899.jpg,seller,1,2,0
sa_9204091.jpg,speaker,0,1,0
sa_837776.jpg,boatman,1,0,0
sa_8702059.jpg,lawman,0,0,0
sa_1851560.jpg,climber,1,0,0
sa_7162347.jpg,seller,0,1,0
sa_8311821.jpg,gardener,1,0,0
sa_851699.jpg,singer,0,2,0
sa_11035402.jpg,waiter,0,1,0
sa_7286520.jpg,guitarist,0,0,0
sa_881941.jpg,guard,0,0,0
sa_11002786.jpg,lifeguard,0,1,0
sa_11101294.jpg,seller,0,0,1
sa_4985208.jpg,retailer,0,0,0
sa_7885866.jpg,ballplayer,0,2,0
sa_6277788.jpg,skateboarder,0,0,0
sa_1202642.jpg,sculptor,0,0,0
sa_2761788.jpg,seller,1,0,1
sa_8152165.jpg,student,0,0,0
sa_10587456.jpg,tennis_player,0,1,0
sa_5720549.jpg,lawman,0,1,0
sa_4326866.jpg,prayer,0,1,0
sa_9770616.jpg,painter,0,1,1
sa_7824370.jpg,tennis_player,0,1,0
sa_2979459.jpg,tennis_player,1,1,0
sa_6451924.jpg,computer_user,0,1,0
sa_11137721.jpg,prayer,0,0,0
sa_3073670.jpg,farmer,1,1,0
sa_10603064.jpg,lawman,0,0,0
sa_7132855.jpg,guard,0,0,0
sa_2288537.jpg,computer_user,0,1,0
sa_2522591.jpg,repairman,0,1,0
sa_7023376.jpg,tennis_player,1,0,0
sa_2730109.jpg,farmer,1,1,1
sa_9692491.jpg,farmer,1,2,0
sa_6609463.jpg,guard,0,2,0
sa_8126786.jpg,painter,1,1,0
sa_925056.jpg,speaker,0,0,0
sa_5891401.jpg,guard,0,0,0
sa_7446405.jpg,repairman,0,1,0
sa_4625602.jpg,machinist,0,1,0
sa_1982185.jpg,lawman,0,1,0
sa_2270630.jpg,lawman,1,1,0
sa_10827778.jpg,guard,0,1,0
sa_11053610.jpg,farmer,0,1,0
sa_9622272.jpg,craftsman,0,0,1
sa_6631595.jpg,tennis_player,0,0,0
sa_2902486.jpg,singer,0,1,0
sa_6997513.jpg,boatman,1,0,0
sa_3483018.jpg,skateboarder,0,0,0
sa_3851977.jpg,tennis_player,0,0,0
sa_8988408.jpg,nurse,1,0,0
sa_7249774.jpg,craftsman,1,0,1
sa_2999718.jpg,disk_jockey,0,1,0
sa_2200988.jpg,farmer,1,1,0
sa_6791491.jpg,electrician,0,0,0
sa_8240546.jpg,lawman,0,1,0
sa_5106716.jpg,painter,0,1,1
sa_7853165.jpg,singer,1,0,0
sa_6523720.jpg,tennis_player,1,0,0
sa_8858842.jpg,gymnast,1,0,0
sa_3173565.jpg,gymnast,1,1,0
sa_8006663.jpg,speaker,0,0,1
sa_9334491.jpg,soccer_player,0,0,0
sa_136822.jpg,skateboarder,0,0,0
sa_6413578.jpg,doctor,0,1,0
sa_7532286.jpg,speaker,0,1,0
sa_7221783.jpg,laborer,0,1,0
sa_10866673.jpg,retailer,0,1,0
sa_3827226.jpg,laborer,0,1,0
sa_9679971.jpg,teacher,0,1,1
sa_1647330.jpg,tennis_player,1,1,0
sa_10408995.jpg,singer,0,1,0
sa_8353651.jpg,hairdresser,0,1,0
sa_8969404.jpg,laborer,0,1,1
sa_7650141.jpg,painter,0,1,0
sa_1485699.jpg,singer,0,0,0
sa_2953201.jpg,horseman,0,1,0
sa_714492.jpg,gymnast,1,0,0
sa_9001690.jpg,guitarist,0,1,0
sa_3875805.jpg,gymnast,0,0,0
sa_4411757.jpg,horseman,0,0,0
sa_4665745.jpg,guitarist,0,1,0
sa_2869601.jpg,tennis_player,0,1,0
sa_4779919.jpg,referee,0,0,0
sa_4932672.jpg,seller,0,1,0
sa_9860326.jpg,lawman,0,1,0
sa_10208093.jpg,seller,0,1,0
sa_4494396.jpg,guitarist,0,0,0
sa_204966.jpg,speaker,0,0,1
sa_2667361.jpg,speaker,1,1,0
sa_8713769.jpg,horseman,0,0,0
sa_5012447.jpg,laborer,0,0,0
sa_4996572.jpg,lawman,0,1,0
sa_2120433.jpg,craftsman,1,1,0
sa_5886177.jpg,dancer,0,0,0
sa_3731678.jpg,speaker,0,0,0
sa_4182867.jpg,gymnast,1,0,0
sa_8698197.jpg,soccer_player,0,0,0
sa_5592855.jpg,horseman,1,0,0
sa_5286611.jpg,hairdresser,0,1,0
sa_9118740.jpg,seller,0,1,0
sa_3587637.jpg,dancer,1,0,0
sa_6878070.jpg,farmer,0,1,0
sa_8678037.jpg,singer,0,1,0
sa_11114866.jpg,machinist,0,1,0
sa_7318209.jpg,dancer,0,1,0
sa_5188984.jpg,backpacker,1,0,0
sa_3380016.jpg,hairdresser,0,2,0
sa_665067.jpg,craftsman,1,1,0
sa_2823452.jpg,horseman,1,0,0
sa_3375074.jpg,guard,0,0,0
sa_5132995.jpg,waiter,1,1,0
sa_1147308.jpg,singer,0,0,0
sa_7493474.jpg,boatman,1,1,0
sa_9227821.jpg,farmer,1,0,1
sa_6877223.jpg,drummer,0,1,1
sa_3189303.jpg,painter,0,1,0
sa_6242897.jpg,soldier,0,1,0
sa_7984342.jpg,motorcyclist,1,1,0
sa_5299108.jpg,electrician,0,0,0
sa_5877316.jpg,guitarist,0,0,0
sa_8871920.jpg,disk_jockey,0,0,0
sa_10715839.jpg,hairdresser,0,0,0
sa_277416.jpg,motorcyclist,0,1,0
sa_6218996.jpg,singer,0,0,0
sa_4051577.jpg,computer_user,0,1,0
sa_1633255.jpg,painter,0,2,0
sa_5315638.jpg,guitarist,0,1,0
sa_4813858.jpg,speaker,1,1,0
sa_1579504.jpg,dancer,1,1,0
sa_1721870.jpg,lawman,0,1,0
sa_6745179.jpg,boatman,0,0,0
sa_245588.jpg,horseman,0,0,0
sa_9610469.jpg,craftsman,0,1,1
sa_6595256.jpg,reporter,0,1,0
sa_5446748.jpg,craftsman,1,1,0
sa_8606737.jpg,tennis_player,1,0,0
sa_3452868.jpg,seller,0,1,0
sa_5584264.jpg,guitarist,0,0,0
sa_8316202.jpg,painter,0,1,1
sa_1962392.jpg,prayer,0,0,1
sa_3485189.jpg,guard,0,1,0
sa_1385276.jpg,lifeguard,1,1,0
sa_4528049.jpg,lawman,0,0,0
sa_3662272.jpg,lifeguard,0,0,0
sa_4937857.jpg,lifeguard,0,0,0
sa_7298856.jpg,basketball_player,0,0,0
sa_1472349.jpg,laborer,0,1,1
sa_6427757.jpg,seller,1,1,0
sa_6287312.jpg,tennis_player,0,0,0
sa_3961443.jpg,speaker,0,0,0
sa_4359728.jpg,soldier,1,1,0
sa_6822938.jpg,lawman,0,1,0
sa_4708969.jpg,horseman,0,0,0
sa_774665.jpg,guitarist,0,1,1
sa_6834269.jpg,lifeguard,1,1,0
sa_8299384.jpg,craftsman,0,1,1
sa_3672452.jpg,lawman,0,0,0
sa_6364385.jpg,soldier,0,0,0
sa_3662777.jpg,soccer_player,0,1,0
sa_5225744.jpg,repairman,0,0,0
sa_5627781.jpg,lawman,0,1,1
sa_5675174.jpg,farmer,0,0,1
sa_75989.jpg,prayer,0,0,1
sa_6816721.jpg,ballplayer,0,0,0
sa_9703296.jpg,soldier,0,0,0
sa_6419894.jpg,retailer,0,1,0
sa_1537644.jpg,retailer,0,1,1
sa_6920907.jpg,dancer,0,1,0
sa_3207874.jpg,guitarist,0,0,0
sa_6962989.jpg,backpacker,0,0,0
sa_1584987.jpg,skateboarder,0,1,0
sa_10939766.jpg,lawman,0,1,0
sa_2678040.jpg,singer,0,1,0
sa_4285295.jpg,soldier,0,0,0
sa_3190637.jpg,painter,0,1,1
sa_977124.jpg,flutist,0,1,1
sa_1142603.jpg,singer,1,0,0
sa_1439875.jpg,craftsman,0,0,0
sa_7554443.jpg,gymnast,0,1,0
sa_2816308.jpg,dancer,1,1,0
sa_10521262.jpg,guitarist,0,0,0
sa_10843356.jpg,climber,1,0,0
sa_2396081.jpg,hairdresser,0,1,1
sa_9772940.jpg,lawman,0,0,0
sa_9948307.jpg,singer,0,1,1
sa_9744211.jpg,computer_user,0,0,0
sa_8931200.jpg,painter,1,1,0
sa_2344814.jpg,speaker,0,1,0
sa_8932978.jpg,farmer,0,1,0
sa_5664560.jpg,tennis_player,0,0,0
sa_6346354.jpg,craftsman,0,0,1
sa_9203310.jpg,painter,1,1,0
sa_10205156.jpg,speaker,0,0,1
sa_6070288.jpg,sculptor,0,0,0
sa_3082375.jpg,bartender,1,1,0
sa_4243157.jpg,lawman,0,1,0
sa_8051062.jpg,nurse,1,0,0
sa_1436790.jpg,guitarist,0,1,0
sa_2590400.jpg,boatman,0,1,0
sa_9709090.jpg,electrician,0,0,0
sa_3584095.jpg,seller,1,0,0
sa_6500837.jpg,tennis_player,0,0,0
sa_6826421.jpg,fireman,0,1,0
sa_7681701.jpg,nurse,1,2,0
sa_2580083.jpg,gymnast,1,1,0
sa_2130942.jpg,computer_user,0,1,0
sa_5924449.jpg,reporter,0,1,0
sa_2633550.jpg,laborer,0,1,0
sa_669510.jpg,singer,0,1,0
sa_1184045.jpg,skateboarder,1,0,0
sa_5663003.jpg,repairman,0,0,0
sa_4113091.jpg,farmer,1,1,0
sa_4818599.jpg,retailer,0,0,1
sa_1088001.jpg,basketball_player,0,1,0
sa_6436913.jpg,hairdresser,0,0,0
sa_9478226.jpg,runner,0,1,0
sa_7448194.jpg,retailer,1,1,0
sa_5128262.jpg,farmer,0,1,0
sa_2813119.jpg,lawman,0,1,1
sa_6596573.jpg,reporter,0,1,0
sa_8841565.jpg,horseman,0,0,0
sa_2602587.jpg,painter,1,1,0
sa_8392587.jpg,horseman,1,0,0
sa_6824543.jpg,seller,1,1,0
sa_8821987.jpg,backpacker,1,1,1
sa_3450291.jpg,trumpeter,0,0,0
sa_8521108.jpg,cheerleader,1,1,0
sa_5710273.jpg,farmer,0,1,1
sa_7603598.jpg,guitarist,0,0,0
sa_4308315.jpg,patient,1,1,0
sa_1571922.jpg,teacher,1,0,0
sa_1950580.jpg,disk_jockey,1,0,0
sa_6902983.jpg,painter,0,1,1
sa_1755825.jpg,lawman,0,0,0
sa_669713.jpg,sculptor,0,2,1
sa_6695173.jpg,skateboarder,0,1,0
sa_6415139.jpg,computer_user,0,0,0
sa_8439665.jpg,drummer,1,1,0
sa_685689.jpg,speaker,0,1,0
sa_8847972.jpg,dancer,1,0,0
sa_1440647.jpg,soldier,0,0,0
sa_6902452.jpg,horseman,1,1,0
sa_952833.jpg,singer,1,1,0
sa_9362339.jpg,repairman,0,0,0
sa_209527.jpg,backpacker,1,0,0
sa_3840025.jpg,patient,1,1,0
sa_7732285.jpg,fireman,0,0,0
sa_3345892.jpg,motorcyclist,1,1,0
sa_646652.jpg,painter,0,1,0
sa_5167333.jpg,computer_user,0,0,0
sa_2365151.jpg,farmer,0,1,0
sa_8557559.jpg,backpacker,0,0,0
sa_9264703.jpg,ballplayer,0,0,0
sa_3636835.jpg,climber,0,1,0
sa_3101245.jpg,craftsman,0,1,0
sa_3092028.jpg,soldier,0,1,0
sa_10423879.jpg,seller,1,1,0
sa_1558327.jpg,gymnast,1,1,0
sa_9871989.jpg,boatman,0,0,0
sa_5991695.jpg,guard,0,0,0
sa_10353729.jpg,basketball_player,0,2,0
sa_7820095.jpg,computer_user,1,0,0
sa_5794610.jpg,repairman,0,0,0
sa_910785.jpg,painter,0,1,0
sa_3331505.jpg,seller,0,1,1
sa_4637444.jpg,gymnast,1,1,0
sa_2311250.jpg,speaker,1,0,0
sa_2240016.jpg,laborer,0,2,0
sa_9834148.jpg,gymnast,1,0,0
sa_3252730.jpg,craftsman,0,0,0
sa_3277809.jpg,repairman,0,1,1
sa_4911112.jpg,tennis_player,1,1,0
sa_7936846.jpg,singer,0,0,0
sa_9505362.jpg,seller,1,1,0
sa_7326077.jpg,laborer,0,1,0
sa_5444413.jpg,runner,0,0,0
sa_4852778.jpg,boatman,0,0,0
sa_3379058.jpg,ballplayer,0,0,0
sa_10230514.jpg,motorcyclist,0,1,0
sa_5201143.jpg,motorcyclist,0,0,0
sa_10994110.jpg,boatman,0,1,0
sa_10321605.jpg,speaker,0,2,0
sa_4372129.jpg,guitarist,0,0,0
sa_8445002.jpg,doctor,1,0,0
sa_2873578.jpg,singer,1,1,0
sa_2194957.jpg,gardener,0,0,0
sa_2202393.jpg,trumpeter,0,0,0
sa_9962252.jpg,seller,0,2,0
sa_2501262.jpg,gymnast,1,1,0
sa_4746653.jpg,disk_jockey,0,0,0
sa_9972151.jpg,singer,0,2,0
sa_5907378.jpg,hairdresser,0,1,1
sa_2844056.jpg,singer,1,0,0
sa_5459815.jpg,guitarist,0,1,0
sa_2375131.jpg,backpacker,0,0,0
sa_11119461.jpg,repairman,0,1,0
sa_10833981.jpg,dancer,1,0,0
sa_7340800.jpg,gymnast,0,0,0
sa_9076507.jpg,carpenter,0,0,0
sa_9306004.jpg,lawman,0,1,0
sa_3594356.jpg,craftsman,0,1,0
sa_10160384.jpg,lawman,0,0,0
sa_5992072.jpg,laborer,0,1,0
sa_11055980.jpg,gardener,0,1,0
sa_740452.jpg,carpenter,0,1,0
sa_8607016.jpg,ballplayer,0,1,0
sa_2944679.jpg,repairman,0,1,0
sa_4711509.jpg,painter,0,1,1
sa_2732719.jpg,gardener,0,0,0
sa_359000.jpg,skateboarder,0,1,0
sa_8855443.jpg,hairdresser,0,1,0
sa_5004972.jpg,ballplayer,0,1,0
sa_7084183.jpg,patient,1,1,0
sa_3717667.jpg,backpacker,0,0,0
sa_5424735.jpg,runner,0,0,0
sa_8118172.jpg,craftsman,0,1,0
sa_965681.jpg,computer_user,0,1,0
sa_8999406.jpg,tennis_player,1,0,0
sa_8190228.jpg,lawman,0,0,0
sa_10038800.jpg,disk_jockey,0,0,0
sa_3346080.jpg,computer_user,1,0,0
sa_4427766.jpg,lawman,0,0,0
sa_2485969.jpg,craftsman,1,1,0
sa_1932574.jpg,skateboarder,0,0,0
sa_2671642.jpg,backpacker,0,1,0
sa_1431301.jpg,painter,0,1,0
sa_8527253.jpg,tennis_player,1,1,0
sa_4180960.jpg,ballplayer,0,0,0
sa_6281685.jpg,speaker,0,0,0
sa_3533680.jpg,speaker,0,1,0
sa_8690209.jpg,hairdresser,0,0,0
sa_5483193.jpg,prayer,0,1,0
sa_2143499.jpg,laborer,0,1,0
sa_5301120.jpg,backpacker,0,1,0
sa_4388421.jpg,lawman,0,1,0
sa_2216972.jpg,craftsman,0,1,1
sa_9391484.jpg,repairman,0,0,0
sa_3522553.jpg,tennis_player,1,0,0
sa_3382743.jpg,waiter,0,0,0
sa_10895346.jpg,dancer,0,0,0
sa_7346440.jpg,gymnast,1,0,0
sa_3365636.jpg,lawman,0,0,1
sa_4134165.jpg,lawman,0,1,0
sa_8601645.jpg,referee,0,1,0
sa_3071546.jpg,singer,1,2,0
sa_7503967.jpg,basketball_player,0,1,0
sa_656234.jpg,speaker,0,1,1
sa_4935509.jpg,repairman,0,0,0
sa_8028416.jpg,motorcyclist,0,1,0
sa_4245228.jpg,farmer,1,0,1
sa_1777017.jpg,electrician,0,1,0
sa_10009194.jpg,repairman,0,1,0
sa_8128286.jpg,guitarist,0,0,0
sa_6799536.jpg,speaker,1,0,1
sa_652721.jpg,craftsman,0,1,0
sa_6353648.jpg,craftsman,0,0,0
sa_6077465.jpg,singer,1,0,0
sa_9697382.jpg,nurse,0,1,0
sa_6451360.jpg,seller,0,0,1
sa_6222018.jpg,farmer,1,1,0
sa_8765391.jpg,guitarist,0,1,0
sa_9684947.jpg,lawman,0,0,0
sa_9928221.jpg,patient,1,1,0
sa_6345851.jpg,craftsman,0,2,0
sa_6654351.jpg,computer_user,0,0,0
sa_3463166.jpg,lawman,0,0,0
sa_895779.jpg,speaker,0,1,0
sa_7263859.jpg,repairman,0,0,0
sa_5497606.jpg,runner,1,0,0
sa_9493488.jpg,guard,0,1,0
sa_6318900.jpg,backpacker,1,0,0
sa_10322551.jpg,speaker,0,1,0
sa_5405778.jpg,singer,1,1,0
sa_9063408.jpg,guitarist,0,1,0
sa_663623.jpg,farmer,0,2,1
sa_8417527.jpg,speaker,0,1,0
sa_10475446.jpg,singer,0,0,0
sa_2874174.jpg,skateboarder,1,0,0
sa_7311295.jpg,computer_user,0,1,0
sa_7789221.jpg,dancer,1,1,0
sa_10174193.jpg,speaker,1,1,0
sa_672843.jpg,referee,0,1,0
sa_6445096.jpg,backpacker,1,0,0
sa_9567965.jpg,singer,1,0,1
sa_7350370.jpg,gymnast,0,1,0
sa_3091041.jpg,speaker,1,0,0
sa_1651601.jpg,laborer,0,0,1
sa_902871.jpg,speaker,1,1,0
sa_9760293.jpg,laborer,0,0,0
sa_3780148.jpg,hairdresser,0,0,0
sa_3334150.jpg,speaker,1,2,0
sa_8449067.jpg,seller,1,0,0
sa_514441.jpg,farmer,0,0,0
sa_1219405.jpg,computer_user,0,0,0
sa_5441075.jpg,guitarist,0,0,0
sa_22465.jpg,gymnast,0,0,0
sa_8624310.jpg,speaker,0,0,0
sa_10559518.jpg,repairman,0,1,0
sa_166576.jpg,hairdresser,0,0,0
sa_5332526.jpg,skateboarder,0,1,0
sa_588076.jpg,laborer,1,0,1
sa_9634095.jpg,sculptor,1,1,0
sa_673252.jpg,nurse,0,1,0
sa_4423530.jpg,farmer,1,1,0
sa_4954352.jpg,painter,0,1,0
sa_9205250.jpg,computer_user,1,0,0
sa_174136.jpg,speaker,1,0,0
sa_3801954.jpg,speaker,0,1,0
sa_122643.jpg,farmer,0,0,1
sa_7538783.jpg,painter,0,2,0
sa_9949926.jpg,lawman,0,0,1
sa_9766242.jpg,lawman,1,1,0
sa_9938270.jpg,singer,1,0,0
sa_6348978.jpg,climber,0,0,0
sa_3865794.jpg,backpacker,0,1,0
sa_4791880.jpg,farmer,0,1,0
sa_2495678.jpg,lawman,0,1,0
sa_10949481.jpg,backpacker,1,0,0
sa_3043853.jpg,dancer,0,0,0
sa_5855723.jpg,dancer,1,0,0
sa_5255105.jpg,electrician,0,0,0
sa_3434362.jpg,speaker,0,1,0
sa_5425909.jpg,singer,0,1,0
sa_1115411.jpg,guard,0,0,0
sa_9665260.jpg,student,0,1,0
sa_929440.jpg,craftsman,0,0,0
sa_5690114.jpg,doctor,1,1,0
sa_4830553.jpg,patient,0,1,0
sa_8245008.jpg,laborer,0,1,0
sa_1562286.jpg,skateboarder,0,2,0
sa_7776611.jpg,skateboarder,0,1,0
sa_8075696.jpg,singer,0,0,0
sa_6568030.jpg,gardener,0,0,0
sa_4084229.jpg,lawman,0,0,0
sa_10081946.jpg,lawman,0,1,0
sa_9267909.jpg,speaker,0,0,0
sa_4512901.jpg,climber,0,1,0
sa_10919369.jpg,craftsman,1,1,0
sa_3876701.jpg,waiter,0,0,0
sa_8225366.jpg,dancer,1,0,0
sa_3034765.jpg,tennis_player,1,0,0
sa_5961197.jpg,speaker,0,1,0
sa_5147020.jpg,gymnast,0,0,0
sa_1785144.jpg,singer,0,0,0
sa_150392.jpg,farmer,0,1,0
sa_10646879.jpg,runner,0,1,0
sa_4739742.jpg,lawman,0,1,0
sa_4080142.jpg,reporter,0,1,0
sa_2640513.jpg,referee,0,0,1
sa_3609580.jpg,computer_user,0,0,0
sa_5095613.jpg,laborer,0,1,0
sa_1912661.jpg,singer,0,1,0
sa_3036947.jpg,craftsman,0,1,0
sa_1398127.jpg,horseman,1,0,0
sa_10501515.jpg,guard,0,0,0
sa_10652686.jpg,doctor,0,1,0
sa_4632825.jpg,painter,0,1,0
sa_1814522.jpg,lawman,0,1,0
sa_5846110.jpg,speaker,0,0,0
sa_7933860.jpg,farmer,0,1,0
sa_7736413.jpg,sculptor,0,2,0
sa_10510081.jpg,laborer,0,1,1
sa_6065631.jpg,prayer,0,1,0
sa_10919303.jpg,runner,0,1,0
sa_202369.jpg,computer_user,1,0,0
sa_7712372.jpg,repairman,0,1,0
sa_10866261.jpg,sculptor,0,0,0
sa_3796816.jpg,seller,0,0,0
sa_5176902.jpg,dancer,1,0,0
sa_7116223.jpg,hairdresser,0,1,0
sa_7838980.jpg,carpenter,0,1,0
sa_3575272.jpg,repairman,0,1,1
sa_5904855.jpg,seller,0,1,0
sa_9424878.jpg,boatman,0,0,0
sa_842041.jpg,singer,0,1,0
sa_11137831.jpg,repairman,0,1,0
sa_10702774.jpg,sculptor,0,1,0
sa_6074582.jpg,computer_user,1,1,0
sa_3428383.jpg,tennis_player,0,0,0
sa_7397159.jpg,ballplayer,0,1,0
sa_6872848.jpg,nurse,0,1,0
sa_3997344.jpg,retailer,1,1,0
sa_7690998.jpg,craftsman,0,1,1
sa_161145.jpg,farmer,1,1,1
sa_5637544.jpg,computer_user,0,0,0
sa_1584274.jpg,tennis_player,1,0,0
sa_3772494.jpg,referee,0,0,0
sa_1158953.jpg,repairman,0,0,0
sa_2425026.jpg,tennis_player,1,1,0
sa_10651041.jpg,nurse,1,1,0
sa_9195129.jpg,singer,0,0,0
sa_2080343.jpg,computer_user,0,0,0
sa_8848936.jpg,guitarist,0,0,0
sa_8677809.jpg,horseman,0,1,0
sa_3852723.jpg,lawman,0,0,0
sa_7439681.jpg,singer,1,0,0
sa_3869704.jpg,repairman,0,1,0
sa_10928885.jpg,carpenter,0,0,0
sa_2452795.jpg,skateboarder,0,0,0
sa_10697571.jpg,dancer,1,0,0
sa_1097978.jpg,boatman,0,2,0
sa_612826.jpg,seller,0,0,0
sa_1358009.jpg,ballplayer,0,1,0
sa_8100941.jpg,drummer,0,0,0
sa_115869.jpg,horseman,1,0,0
sa_804458.jpg,speaker,0,1,0
sa_6546175.jpg,ballplayer,0,0,0
sa_6619814.jpg,drummer,0,1,0
sa_8608245.jpg,tennis_player,1,0,0
sa_414984.jpg,referee,0,1,0
sa_7739280.jpg,retailer,0,0,0
sa_1535685.jpg,soldier,1,1,0
sa_5329078.jpg,guitarist,0,1,0
sa_1121395.jpg,lifeguard,0,1,0
sa_10331034.jpg,repairman,0,0,0
sa_3257498.jpg,prayer,1,1,0
sa_247280.jpg,computer_user,0,1,0
sa_2857909.jpg,speaker,0,0,0
sa_9177167.jpg,soccer_player,0,0,0
sa_6311487.jpg,seller,1,1,0
sa_5247609.jpg,skateboarder,0,1,0
sa_5086916.jpg,repairman,0,1,0
sa_379959.jpg,boatman,1,0,0
sa_7597528.jpg,machinist,0,1,0
sa_6532545.jpg,lawman,1,0,0
sa_1963604.jpg,gardener,1,0,0
sa_4623784.jpg,guard,0,0,0
sa_9941880.jpg,seller,0,1,0
sa_4385023.jpg,ballplayer,0,1,0
sa_7391541.jpg,painter,0,1,0
sa_5091001.jpg,seller,0,1,0
sa_2952550.jpg,farmer,1,0,0
sa_2096764.jpg,lawman,0,0,0
sa_9366538.jpg,carpenter,0,1,0
sa_9519916.jpg,craftsman,0,0,1
sa_7613894.jpg,sculptor,0,0,0
sa_9725479.jpg,laborer,1,0,1
sa_1480212.jpg,farmer,0,1,1
sa_6622996.jpg,craftsman,0,1,0
sa_10347138.jpg,lawman,0,0,1
sa_6967182.jpg,climber,0,1,0
sa_9949587.jpg,referee,0,0,0
sa_978323.jpg,computer_user,1,0,0
sa_3004765.jpg,lawman,0,0,0
sa_1807447.jpg,computer_user,0,1,0
sa_1133037.jpg,tennis_player,0,1,0
sa_6418476.jpg,laborer,0,0,1
sa_7803985.jpg,farmer,1,1,1
sa_10546671.jpg,tennis_player,0,1,0
sa_1957296.jpg,reporter,0,1,0
sa_4623213.jpg,nurse,1,0,0
sa_8037924.jpg,tennis_player,0,0,0
sa_8015187.jpg,seller,1,1,0
sa_10537488.jpg,speaker,0,2,0
sa_7689280.jpg,tennis_player,1,0,0
sa_8855228.jpg,singer,1,1,0
sa_7313528.jpg,gymnast,1,1,0
sa_2110175.jpg,waiter,1,0,0
sa_1124065.jpg,horseman,0,0,0
sa_9222096.jpg,craftsman,0,1,1
sa_1115788.jpg,tennis_player,0,1,0
sa_2744950.jpg,singer,1,0,0
sa_6125069.jpg,lawman,0,0,0
sa_457950.jpg,tennis_player,0,1,0
sa_8371525.jpg,guitarist,0,1,0
sa_10401104.jpg,farmer,0,1,0
sa_4613518.jpg,prayer,0,1,0
sa_2907533.jpg,lawman,1,1,0
sa_536071.jpg,tennis_player,0,0,0
sa_10510975.jpg,gymnast,0,0,0
sa_4578900.jpg,machinist,0,0,0
sa_1393359.jpg,horseman,1,0,0
sa_4615015.jpg,tennis_player,0,0,0
sa_5714608.jpg,speaker,0,0,1
sa_8299336.jpg,farmer,0,0,0
sa_9123103.jpg,craftsman,0,0,0
sa_4714257.jpg,farmer,1,1,0
sa_4582280.jpg,hairdresser,0,0,0
sa_122128.jpg,singer,0,0,0
sa_652622.jpg,basketball_player,0,1,0
sa_6341331.jpg,sculptor,0,1,0
sa_3845299.jpg,gardener,0,1,0
sa_10404542.jpg,lawman,0,0,0
sa_4055097.jpg,painter,0,1,0
sa_2272833.jpg,machinist,0,1,1
sa_5215932.jpg,ballplayer,0,1,0
sa_1225214.jpg,farmer,0,1,0
sa_1936977.jpg,soldier,0,1,0
sa_10046941.jpg,ballplayer,0,0,0
sa_6309198.jpg,singer,0,1,0
sa_6127404.jpg,ballplayer,0,0,0
sa_3724068.jpg,guard,0,0,0
sa_3231285.jpg,boatman,1,1,0
sa_4177795.jpg,painter,0,1,0
sa_3963323.jpg,gymnast,0,1,0
sa_7912660.jpg,drummer,0,0,0
sa_6683475.jpg,skateboarder,0,0,0
sa_1533472.jpg,gardener,0,1,0
sa_4630686.jpg,seller,0,1,0
sa_6418687.jpg,farmer,0,2,0
sa_4723637.jpg,painter,0,1,1
sa_4015676.jpg,lawman,0,1,0
sa_8822566.jpg,reporter,0,1,0
sa_1392371.jpg,hairdresser,0,1,0
sa_4879764.jpg,astronaut,0,1,0
sa_1832410.jpg,lawman,0,0,0
sa_5249812.jpg,boatman,0,1,0
sa_4508923.jpg,painter,0,0,1
sa_10956351.jpg,speaker,0,1,0
sa_8844458.jpg,lifeguard,0,1,0
sa_10695080.jpg,craftsman,0,1,1
sa_4077563.jpg,speaker,0,1,0
sa_2492270.jpg,skateboarder,0,1,0
sa_3466550.jpg,singer,0,0,0
sa_284097.jpg,tennis_player,0,0,0
sa_3773694.jpg,speaker,0,1,0
sa_6996627.jpg,craftsman,0,1,1
sa_6813852.jpg,disk_jockey,0,1,0
sa_1628563.jpg,lawman,1,1,0
sa_1154484.jpg,farmer,0,1,0
sa_10129470.jpg,backpacker,1,1,0
sa_9451517.jpg,guard,0,0,0
sa_3596354.jpg,craftsman,0,1,1
sa_7979573.jpg,tennis_player,1,0,0
sa_3381358.jpg,disk_jockey,0,0,0
sa_183427.jpg,laborer,0,2,0
sa_4975037.jpg,lawman,0,0,0
sa_1614774.jpg,hairdresser,0,1,1
sa_6173977.jpg,horseman,0,0,0
sa_6815341.jpg,speaker,0,0,0
sa_2395264.jpg,guard,0,0,0
sa_10145171.jpg,horseman,0,0,0
sa_3868297.jpg,gymnast,1,1,0
sa_9313148.jpg,skateboarder,0,0,0
sa_4119163.jpg,repairman,0,1,0
sa_426881.jpg,singer,0,1,1
sa_1986259.jpg,hairdresser,0,1,0
sa_6886782.jpg,soccer_player,0,1,0
sa_8374453.jpg,skateboarder,0,1,0
sa_9157451.jpg,gymnast,1,0,0
sa_4947911.jpg,climber,0,0,0
sa_6786664.jpg,retailer,0,0,0
sa_5436046.jpg,soldier,0,1,0
sa_113089.jpg,guitarist,0,0,0
sa_2757554.jpg,painter,0,0,1
sa_11062846.jpg,backpacker,0,1,0
sa_5100151.jpg,guitarist,0,0,0
sa_4725098.jpg,soccer_player,0,0,0
sa_2747079.jpg,gymnast,1,1,0
sa_9008353.jpg,horseman,0,0,0
sa_3397672.jpg,guitarist,0,0,0
sa_8997156.jpg,laborer,0,1,0
sa_9074015.jpg,speaker,1,0,0
sa_3350392.jpg,gymnast,1,0,0
sa_4107516.jpg,computer_user,1,0,0
sa_2949201.jpg,retailer,0,1,0
sa_9382804.jpg,computer_user,0,0,0
sa_4479131.jpg,cheerleader,0,0,0
sa_9608158.jpg,repairman,0,1,0
sa_2927514.jpg,student,1,0,0
sa_11038711.jpg,backpacker,0,1,0
sa_413224.jpg,disk_jockey,0,0,0
sa_5098954.jpg,computer_user,0,1,0
sa_4172487.jpg,painter,0,0,0
sa_2881050.jpg,guitarist,0,1,0
sa_7484617.jpg,speaker,0,1,1
sa_7535297.jpg,astronaut,0,1,0
sa_4903015.jpg,lawman,0,1,0
sa_6248190.jpg,carpenter,0,1,0
sa_6528329.jpg,flutist,0,0,0
sa_3447437.jpg,craftsman,0,1,0
sa_9141436.jpg,singer,1,1,0
sa_7092788.jpg,guard,0,0,0
sa_9589423.jpg,nurse,1,0,0
sa_2171810.jpg,machinist,0,1,0
sa_3438979.jpg,skateboarder,1,0,0
sa_3963250.jpg,boatman,1,1,0
sa_5403604.jpg,prayer,1,1,0
sa_7612524.jpg,retailer,0,0,0
sa_7891322.jpg,painter,0,1,1
sa_5116198.jpg,backpacker,1,1,0
sa_10582570.jpg,bartender,0,0,0
sa_8820735.jpg,retailer,0,1,0
sa_2799519.jpg,computer_user,0,0,0
sa_1452963.jpg,skateboarder,0,0,0
sa_6643929.jpg,retailer,1,0,0
sa_10173219.jpg,singer,0,1,0
sa_6796089.jpg,skateboarder,0,1,0
sa_5140345.jpg,speaker,1,1,0
sa_6196642.jpg,ballplayer,0,0,0
sa_2961509.jpg,gymnast,1,0,0
sa_2374398.jpg,guard,0,2,0
sa_6753727.jpg,patient,0,0,0
sa_738458.jpg,basketball_player,0,0,0
sa_4392773.jpg,craftsman,0,0,0
sa_1381700.jpg,farmer,1,1,0
sa_5335733.jpg,doctor,1,0,0
sa_7460079.jpg,runner,0,0,0
sa_10549547.jpg,tennis_player,0,1,0
sa_837358.jpg,runner,0,0,0
sa_5693900.jpg,seller,1,1,0
sa_2428691.jpg,tennis_player,0,1,0
sa_9822578.jpg,guitarist,0,0,0
sa_2509334.jpg,machinist,0,1,0
sa_7662778.jpg,hairdresser,0,2,0
sa_2435934.jpg,tennis_player,0,1,0
sa_14182.jpg,guitarist,0,1,0
sa_7064413.jpg,repairman,0,1,0
sa_854381.jpg,boatman,1,2,0
sa_7969661.jpg,speaker,1,1,0
sa_7574798.jpg,tennis_player,0,1,0
sa_4861937.jpg,gardener,0,0,1
sa_8407822.jpg,motorcyclist,1,1,0
sa_10005935.jpg,computer_user,0,0,0
sa_5983609.jpg,flutist,0,0,0
sa_6240060.jpg,speaker,0,1,0
sa_4366123.jpg,skateboarder,0,1,0
sa_10640446.jpg,farmer,1,0,0
sa_3457211.jpg,dancer,1,1,0
sa_4922078.jpg,guard,0,1,1
sa_2688971.jpg,reporter,0,1,0
sa_4674923.jpg,teacher,1,2,0
sa_326439.jpg,painter,0,0,0
sa_883180.jpg,reporter,0,0,0
sa_5909576.jpg,laborer,0,1,0
sa_8575892.jpg,singer,0,1,0
sa_4651079.jpg,laborer,0,1,1
sa_1869235.jpg,teacher,0,0,0
sa_9002969.jpg,tennis_player,0,0,0
sa_8784897.jpg,computer_user,1,0,0
sa_5271850.jpg,craftsman,0,2,0
sa_4265820.jpg,doctor,0,1,0
sa_2575869.jpg,patient,0,1,0
sa_715274.jpg,guitarist,0,0,0
sa_9722001.jpg,tennis_player,0,0,0
sa_325440.jpg,gymnast,0,1,0
sa_5319640.jpg,farmer,1,0,0
sa_8056899.jpg,tennis_player,0,0,0
sa_857160.jpg,computer_user,1,0,0
sa_209612.jpg,guard,0,0,0
sa_5695505.jpg,lawman,0,0,0
sa_6926938.jpg,hairdresser,0,0,0
sa_8266248.jpg,repairman,0,1,0
sa_5245645.jpg,tennis_player,1,1,0
sa_5147539.jpg,dancer,1,1,0
sa_690205.jpg,dancer,0,1,0
sa_6905629.jpg,singer,0,1,0
sa_8623967.jpg,guitarist,0,1,0
sa_364774.jpg,tennis_player,0,1,0
sa_8010000.jpg,painter,0,1,1
sa_6578672.jpg,lifeguard,0,1,0
sa_9703102.jpg,lawman,0,0,0
sa_4528999.jpg,farmer,0,1,0
sa_9153687.jpg,boatman,0,0,0
sa_5869287.jpg,soccer_player,0,1,0
sa_30203.jpg,dancer,0,1,0
sa_4736510.jpg,boatman,0,0,0
sa_6320970.jpg,seller,0,0,0
sa_8874440.jpg,farmer,0,1,1
sa_4297573.jpg,singer,0,0,0
sa_3694707.jpg,fireman,0,0,0
sa_4924042.jpg,drummer,0,1,0
sa_2434041.jpg,lawman,1,0,0
sa_1088844.jpg,guitarist,0,1,0
sa_5905451.jpg,horseman,1,0,0
sa_1589751.jpg,skateboarder,0,1,0
sa_4970771.jpg,gymnast,1,1,0
sa_7358953.jpg,soldier,0,0,1
sa_7699316.jpg,seller,1,1,0
sa_4811282.jpg,singer,1,1,0
sa_616867.jpg,retailer,1,0,1
sa_2854597.jpg,electrician,0,1,0
sa_7544625.jpg,craftsman,1,1,0
sa_8108553.jpg,horseman,0,0,0
sa_8450256.jpg,lawman,0,0,0
sa_10197424.jpg,boatman,0,1,0
sa_10437397.jpg,lawman,0,1,0
sa_3741547.jpg,guard,0,0,0
sa_10740634.jpg,computer_user,0,0,0
sa_1115950.jpg,seller,0,0,0
sa_3107344.jpg,electrician,0,1,0
sa_4994237.jpg,laborer,0,0,0
sa_978588.jpg,guard,0,0,0
sa_7907801.jpg,skateboarder,0,0,0
sa_208099.jpg,gardener,1,0,0
sa_4252989.jpg,drummer,0,0,0
sa_6502464.jpg,hairdresser,0,1,0
sa_3667536.jpg,machinist,0,1,0
sa_9724307.jpg,fireman,0,0,0
sa_2959615.jpg,skateboarder,0,1,0
sa_2973173.jpg,prayer,0,1,0
sa_9196842.jpg,dancer,1,0,0
sa_3411310.jpg,speaker,0,0,0
sa_9621764.jpg,tennis_player,1,1,0
sa_2288577.jpg,prayer,1,0,0
sa_6338694.jpg,guard,0,1,0
sa_592256.jpg,horseman,1,0,0
sa_2560927.jpg,painter,0,1,0
sa_4649814.jpg,soccer_player,0,1,0
sa_4262967.jpg,painter,1,1,0
sa_6222327.jpg,computer_user,1,0,0
sa_7211608.jpg,repairman,0,0,1
sa_4086321.jpg,doctor,1,1,0
sa_5812097.jpg,guitarist,0,1,0
sa_1047650.jpg,reporter,0,0,0
sa_6429765.jpg,ballplayer,0,1,0
sa_5733627.jpg,teacher,1,0,0
sa_1987164.jpg,guitarist,1,0,0
sa_2638356.jpg,electrician,0,2,0
sa_3950443.jpg,retailer,0,0,0
sa_10123523.jpg,computer_user,0,0,0
sa_2913844.jpg,retailer,0,0,0
sa_7993427.jpg,craftsman,0,1,1
sa_1041199.jpg,skateboarder,1,1,0
sa_5458133.jpg,gardener,1,1,0
sa_371673.jpg,carpenter,0,1,0
sa_8683243.jpg,patient,1,1,1
sa_9704208.jpg,singer,0,0,0
sa_4878921.jpg,singer,0,1,0
sa_6983372.jpg,tennis_player,0,0,0
sa_10557592.jpg,soldier,0,0,0
sa_3554706.jpg,tennis_player,0,0,0
sa_4098423.jpg,laborer,0,1,0
sa_6648180.jpg,guitarist,0,1,0
sa_8191542.jpg,backpacker,0,1,0
sa_9755513.jpg,basketball_player,0,0,0
sa_712315.jpg,drummer,0,1,0
sa_4388342.jpg,craftsman,0,1,0
sa_7617970.jpg,singer,1,0,0
sa_8581856.jpg,basketball_player,0,0,0
sa_10007149.jpg,farmer,1,0,1
sa_7836223.jpg,singer,0,1,0
sa_6444271.jpg,motorcyclist,0,0,0
sa_7415581.jpg,tennis_player,0,1,0
sa_10459661.jpg,lawman,0,1,0
sa_2400450.jpg,laborer,0,1,0
sa_720701.jpg,tennis_player,0,0,0
sa_4306506.jpg,reporter,0,0,0
sa_4865110.jpg,soccer_player,0,1,0
sa_960714.jpg,lawman,0,0,0
sa_2784473.jpg,speaker,0,1,0
sa_928399.jpg,speaker,0,0,1
sa_7518555.jpg,drummer,1,0,1
sa_753963.jpg,tennis_player,1,0,0
sa_5553191.jpg,singer,0,0,0
sa_357578.jpg,basketball_player,0,1,0
sa_5268887.jpg,reporter,0,0,0
sa_10831567.jpg,gardener,0,0,0
sa_7118023.jpg,tennis_player,1,1,0
sa_7659884.jpg,tennis_player,0,0,0
sa_4279482.jpg,horseman,0,0,0
sa_8555995.jpg,painter,0,1,0
sa_8364257.jpg,painter,1,0,0
sa_5692196.jpg,boatman,0,0,0
sa_9996769.jpg,craftsman,0,2,0
sa_8099173.jpg,skateboarder,0,0,0
sa_4523964.jpg,gardener,1,1,0
sa_8682487.jpg,lawman,0,1,0
sa_8838484.jpg,singer,0,0,0
sa_7759512.jpg,boatman,1,0,0
sa_4630293.jpg,tennis_player,0,1,0
sa_6373070.jpg,speaker,1,0,0
sa_5159556.jpg,speaker,1,1,0
sa_2035004.jpg,lawman,0,0,0
sa_662321.jpg,sculptor,0,0,1
sa_5067573.jpg,speaker,0,0,0
sa_1686463.jpg,skateboarder,0,1,0
sa_3464699.jpg,painter,0,1,0
sa_6788791.jpg,speaker,0,1,0
sa_310260.jpg,motorcyclist,1,0,0
sa_893964.jpg,gymnast,1,0,0
sa_4905722.jpg,student,0,1,0
sa_7107457.jpg,lawman,0,1,0
sa_6071782.jpg,speaker,0,1,0
sa_3578885.jpg,dancer,0,1,0
sa_10874177.jpg,backpacker,1,0,0
sa_9707812.jpg,seller,0,1,0
sa_4146824.jpg,seller,1,0,0
sa_7312999.jpg,repairman,0,1,0
sa_5647904.jpg,student,1,1,0
sa_10729207.jpg,motorcyclist,0,1,0
sa_440012.jpg,ballplayer,0,0,0
sa_8532988.jpg,singer,0,0,0
sa_3444090.jpg,machinist,1,0,0
sa_7474497.jpg,trumpeter,0,1,0
sa_5299369.jpg,ballplayer,0,0,0
sa_46987.jpg,singer,0,0,0
sa_823633.jpg,farmer,0,1,0
sa_6022682.jpg,machinist,0,1,0
sa_10933359.jpg,ballplayer,0,0,0
sa_6962645.jpg,guard,0,0,0
sa_1953931.jpg,referee,0,0,0
sa_7900224.jpg,speaker,0,1,0
sa_5358332.jpg,speaker,0,0,0
sa_6352215.jpg,lawman,0,0,0
sa_5764612.jpg,ballplayer,0,1,0
sa_7777826.jpg,gardener,1,1,0
sa_5564154.jpg,tennis_player,0,0,0
sa_6378150.jpg,hairdresser,0,1,0
sa_5309480.jpg,student,0,0,0
sa_1144511.jpg,drummer,0,0,0
sa_3603110.jpg,gymnast,1,0,0
sa_8795915.jpg,skateboarder,0,1,0
sa_3281135.jpg,speaker,0,1,1
sa_9219354.jpg,lawman,0,0,1
sa_4607560.jpg,seller,0,0,0
sa_3465146.jpg,laborer,1,1,0
sa_663212.jpg,singer,0,0,0
sa_1198041.jpg,skateboarder,0,1,0
sa_11061925.jpg,repairman,0,1,0
sa_3609782.jpg,farmer,0,2,0
sa_4014996.jpg,doctor,0,0,0
sa_15651.jpg,motorcyclist,1,0,0
sa_10384128.jpg,speaker,0,0,1
sa_8202016.jpg,astronaut,0,1,0
sa_5996459.jpg,astronaut,0,0,0
sa_3237045.jpg,speaker,0,1,0
sa_950996.jpg,gymnast,1,0,0
sa_4767395.jpg,guitarist,0,0,0
sa_374888.jpg,soldier,0,1,0
sa_2816124.jpg,seller,1,1,0
sa_9093582.jpg,reporter,1,0,0
sa_2769875.jpg,speaker,0,1,0
sa_307353.jpg,repairman,0,2,0
sa_5246025.jpg,backpacker,0,0,0
sa_11128441.jpg,horseman,0,0,0
sa_7629276.jpg,farmer,1,1,0
sa_2133326.jpg,boatman,0,1,0
sa_5953432.jpg,speaker,0,0,0
sa_7740758.jpg,lifeguard,0,0,0
sa_6864575.jpg,guard,0,0,0
sa_3312830.jpg,tennis_player,0,0,0
sa_9148001.jpg,astronaut,0,1,0
sa_3517875.jpg,speaker,0,1,0
sa_4514222.jpg,tennis_player,1,1,0
sa_5485873.jpg,laborer,0,1,0
sa_10679658.jpg,machinist,0,0,0
sa_7407241.jpg,lawman,0,0,0
sa_1636033.jpg,retailer,0,1,1
sa_4059831.jpg,backpacker,0,1,0
sa_1297854.jpg,guitarist,0,0,0
sa_1718883.jpg,guard,0,0,1
sa_3354127.jpg,electrician,0,1,0
sa_10756485.jpg,repairman,0,0,0
sa_9355182.jpg,craftsman,0,1,1
sa_7001640.jpg,motorcyclist,1,0,0
sa_5610558.jpg,tennis_player,0,0,0
sa_1847552.jpg,retailer,1,0,1
sa_1629314.jpg,student,1,0,0
sa_805560.jpg,repairman,0,0,0
sa_2433479.jpg,painter,1,1,0
sa_8179971.jpg,seller,0,1,0
sa_3891752.jpg,flutist,1,0,0
sa_6440657.jpg,lawman,0,0,0
sa_2514692.jpg,tennis_player,0,1,0
sa_8150677.jpg,boatman,1,0,0
sa_7517061.jpg,horseman,0,0,0
sa_7826403.jpg,backpacker,0,1,1
sa_2058617.jpg,backpacker,1,0,1
sa_1472923.jpg,motorcyclist,0,1,0
sa_4837458.jpg,drummer,0,1,0
sa_8560952.jpg,computer_user,0,0,0
sa_8849214.jpg,electrician,0,0,0
sa_10181591.jpg,computer_user,1,0,0
sa_7623381.jpg,backpacker,0,1,0
sa_3516984.jpg,craftsman,0,2,0
sa_10726453.jpg,hairdresser,0,0,0
sa_4257631.jpg,waiter,0,0,0
sa_4468072.jpg,tennis_player,0,1,0
sa_8677687.jpg,referee,0,0,0
sa_6815086.jpg,painter,0,1,0
sa_8519666.jpg,gymnast,1,1,0
sa_8265969.jpg,speaker,0,1,0
sa_8607179.jpg,nurse,1,1,0
sa_2132055.jpg,boatman,0,1,0
sa_5675005.jpg,speaker,0,0,0
sa_1775520.jpg,repairman,0,1,0
sa_3133390.jpg,tennis_player,0,1,0
sa_3996583.jpg,guard,0,0,0
sa_1950587.jpg,ballplayer,0,1,0
sa_705907.jpg,tennis_player,0,1,0
sa_3643132.jpg,boatman,1,1,1
sa_8773578.jpg,singer,0,2,0
sa_6286495.jpg,flutist,0,0,1
sa_10582003.jpg,speaker,1,0,0
sa_6590586.jpg,tennis_player,1,2,0
sa_5032294.jpg,reporter,0,1,0
sa_4630934.jpg,craftsman,0,0,0
sa_3808979.jpg,lawman,0,0,0
sa_1706332.jpg,ballplayer,0,1,0
sa_4386313.jpg,hairdresser,0,1,0
sa_2341385.jpg,flutist,0,1,0
sa_2236124.jpg,tennis_player,0,0,0
sa_9395846.jpg,reporter,0,0,0
sa_2335113.jpg,seller,1,1,0
sa_8674965.jpg,skateboarder,0,1,0
sa_11037622.jpg,nurse,1,1,0
sa_10540957.jpg,computer_user,0,0,0
sa_10013518.jpg,lawman,0,0,0
sa_3311386.jpg,retailer,0,0,0
sa_4433768.jpg,drummer,0,0,0
sa_9947478.jpg,guard,0,1,0
sa_2586077.jpg,computer_user,1,0,0
sa_7378891.jpg,farmer,0,1,0
sa_8378005.jpg,skateboarder,0,1,0
sa_2323776.jpg,gymnast,1,1,0
sa_4101522.jpg,craftsman,0,1,0
sa_9720366.jpg,lawman,0,0,0
sa_3598469.jpg,lawman,0,0,0
sa_5106107.jpg,repairman,0,1,0
sa_1671319.jpg,speaker,1,0,0
sa_10944257.jpg,reporter,1,0,0
sa_574546.jpg,lawman,1,0,0
sa_4004905.jpg,seller,1,1,0
sa_6357107.jpg,guitarist,0,0,0
sa_3088315.jpg,singer,0,1,0
sa_3280130.jpg,painter,1,1,0
sa_10983820.jpg,dancer,0,1,0
sa_9256178.jpg,retailer,0,0,0
sa_7718796.jpg,singer,0,0,0
sa_8653600.jpg,hairdresser,0,1,0
sa_3812683.jpg,laborer,0,2,0
sa_4728324.jpg,gymnast,1,1,0
sa_125944.jpg,speaker,0,1,0
sa_2909703.jpg,skateboarder,0,1,0
sa_4209015.jpg,speaker,0,0,0
sa_10321493.jpg,speaker,1,0,0
sa_10375379.jpg,guitarist,0,0,0
sa_5739389.jpg,farmer,0,1,0
sa_4658736.jpg,reporter,0,1,0
sa_8915983.jpg,retailer,0,0,0
sa_2219379.jpg,speaker,1,0,0
sa_8471637.jpg,soldier,0,0,0
sa_613815.jpg,horseman,1,0,0
sa_3184893.jpg,singer,0,0,0
sa_10894935.jpg,skateboarder,0,1,0
sa_7581256.jpg,horseman,0,1,0
sa_2790162.jpg,guitarist,1,0,0
sa_1048978.jpg,lawman,0,0,0
sa_6188967.jpg,drummer,0,0,0
sa_6570463.jpg,seller,1,1,1
sa_4596362.jpg,speaker,0,0,0
sa_7489764.jpg,craftsman,1,1,1
sa_1050303.jpg,basketball_player,0,1,0
sa_150122.jpg,motorcyclist,0,0,0
sa_4432183.jpg,craftsman,1,1,0
sa_5922100.jpg,tennis_player,0,0,0
sa_7148418.jpg,tennis_player,1,0,0
sa_480076.jpg,ballplayer,0,1,0
sa_2120628.jpg,dancer,1,1,0
sa_5192157.jpg,laborer,0,1,0
sa_2823412.jpg,computer_user,0,1,0
sa_1639721.jpg,prayer,0,1,1
sa_3625550.jpg,lawman,0,0,0
sa_7198471.jpg,painter,0,0,0
sa_120377.jpg,speaker,0,0,0
sa_8076581.jpg,tennis_player,1,0,0
sa_10690774.jpg,skateboarder,0,0,0
sa_7687902.jpg,boatman,1,0,0
sa_7310537.jpg,reporter,1,0,0
sa_9802867.jpg,skateboarder,1,0,0
sa_3798495.jpg,skateboarder,0,1,0
sa_92424.jpg,doctor,0,0,0
sa_4515886.jpg,speaker,0,0,0
sa_3659555.jpg,climber,0,0,0
sa_6538956.jpg,farmer,1,1,0
sa_5921637.jpg,seller,0,1,0
sa_6550362.jpg,drummer,0,0,0
sa_10326029.jpg,carpenter,0,1,0
sa_1717064.jpg,farmer,0,1,0
sa_4285551.jpg,skateboarder,0,1,0
sa_9880547.jpg,prayer,1,1,0
sa_10946239.jpg,lawman,0,0,0
sa_11092989.jpg,speaker,0,0,0
sa_1384817.jpg,boatman,1,0,1
sa_10690684.jpg,singer,1,1,0
sa_6128199.jpg,soldier,0,0,0
sa_752592.jpg,tennis_player,0,0,0
sa_4465009.jpg,horseman,1,0,0
sa_2249784.jpg,laborer,0,0,0
sa_9069088.jpg,backpacker,1,0,0
sa_5678360.jpg,trumpeter,0,0,0
sa_2625042.jpg,gymnast,1,0,0
sa_4709441.jpg,repairman,0,1,0
sa_10555758.jpg,skateboarder,0,0,0
sa_2131674.jpg,farmer,0,1,0
sa_11102154.jpg,carpenter,0,1,0
sa_7727092.jpg,gardener,1,0,1
sa_6239926.jpg,skateboarder,0,0,0
sa_10151811.jpg,doctor,0,1,0
sa_2835922.jpg,tennis_player,0,0,0
sa_2654144.jpg,repairman,0,0,0
sa_2831967.jpg,boatman,1,1,0
sa_2001677.jpg,sculptor,1,0,0
sa_6965724.jpg,lawman,0,0,0
sa_5084784.jpg,lawman,0,1,0
sa_8375065.jpg,computer_user,0,1,1
sa_8984739.jpg,motorcyclist,1,0,0
sa_3004859.jpg,speaker,1,0,0
sa_6777949.jpg,trumpeter,0,1,0
sa_11012932.jpg,tennis_player,0,1,0
sa_7214230.jpg,lifeguard,0,0,0
sa_3987940.jpg,dancer,1,1,0
sa_7476419.jpg,seller,1,0,1
sa_8655676.jpg,repairman,0,1,0
sa_3097315.jpg,soccer_player,0,1,0
sa_9437829.jpg,painter,0,1,1
sa_2412186.jpg,teacher,0,0,0
sa_8043128.jpg,nurse,1,1,0
sa_2035741.jpg,skateboarder,1,0,0
sa_6143789.jpg,tennis_player,0,0,0
sa_9447322.jpg,backpacker,0,0,0
sa_5022314.jpg,soldier,0,0,0
sa_167147.jpg,computer_user,1,0,0
sa_3058170.jpg,tennis_player,0,0,0
sa_3696630.jpg,tennis_player,1,1,0
sa_10862598.jpg,laborer,0,2,0
sa_6389159.jpg,repairman,0,0,0
sa_17047.jpg,skateboarder,0,2,0
sa_8492689.jpg,repairman,0,1,1
sa_1132072.jpg,skateboarder,0,0,0
sa_3433421.jpg,lawman,0,0,0
sa_10291825.jpg,gymnast,1,0,0
sa_7201095.jpg,craftsman,1,0,1
sa_1658861.jpg,prayer,0,1,0
sa_10686054.jpg,gymnast,1,1,0
sa_10442187.jpg,singer,0,0,0
sa_5143297.jpg,student,1,1,0
sa_5199861.jpg,horseman,1,0,0
sa_7150924.jpg,boatman,1,0,0
sa_4254566.jpg,laborer,0,0,0
sa_9015043.jpg,soldier,0,0,0
sa_8504405.jpg,lifeguard,0,1,0
sa_2988745.jpg,gardener,1,0,0
sa_7754434.jpg,horseman,0,0,0
sa_1780912.jpg,laborer,1,0,0
sa_10840752.jpg,reporter,1,0,0
sa_9286874.jpg,trumpeter,0,0,1
sa_5077189.jpg,speaker,0,1,0
sa_2771568.jpg,ballplayer,0,0,0
sa_7747475.jpg,doctor,1,0,0
sa_10611819.jpg,speaker,0,1,0
sa_7731817.jpg,machinist,0,0,0
sa_10430194.jpg,tennis_player,0,1,0
sa_6919726.jpg,lawman,0,1,1
sa_11060500.jpg,speaker,0,0,0
sa_8378917.jpg,hairdresser,1,0,0
sa_712530.jpg,backpacker,1,0,0
sa_5871700.jpg,lawman,0,0,0
sa_4941038.jpg,lawman,0,0,0
sa_2068985.jpg,trumpeter,0,0,0
sa_2197578.jpg,computer_user,0,0,0
sa_5373739.jpg,tennis_player,0,1,0
sa_9099529.jpg,retailer,0,1,1
sa_1780877.jpg,speaker,0,0,0
sa_7543546.jpg,boatman,1,0,0
sa_5216799.jpg,repairman,0,1,0
sa_4140182.jpg,computer_user,0,1,0
sa_9353629.jpg,speaker,0,0,0
sa_7663831.jpg,skateboarder,0,0,0
sa_10525673.jpg,motorcyclist,1,0,0
sa_9070888.jpg,tennis_player,1,1,0
sa_2977739.jpg,tennis_player,1,0,0
sa_10229266.jpg,repairman,0,1,0
sa_9674329.jpg,lifeguard,0,1,0
sa_11185042.jpg,doctor,0,0,0
sa_9711788.jpg,gymnast,1,0,0
sa_2571100.jpg,craftsman,0,0,1
sa_1008911.jpg,skateboarder,0,0,0
sa_869680.jpg,referee,0,0,1
sa_2800960.jpg,speaker,0,0,1
sa_9855202.jpg,drummer,0,2,0
sa_8898853.jpg,backpacker,1,1,0
sa_7913925.jpg,laborer,0,1,0
sa_3437185.jpg,dancer,0,1,0
sa_8312546.jpg,lawman,0,0,0
sa_4323666.jpg,trumpeter,0,2,0
sa_8757890.jpg,fireman,0,1,0
sa_7183653.jpg,craftsman,0,1,1
sa_1736638.jpg,singer,1,1,0
sa_8814832.jpg,speaker,0,1,0
sa_6085716.jpg,soldier,0,0,0
sa_5812567.jpg,sculptor,0,0,0
sa_1578433.jpg,lawman,1,0,0
sa_10710884.jpg,seller,1,1,0
sa_8331923.jpg,speaker,0,0,0
sa_3509168.jpg,waiter,0,1,0
sa_4465689.jpg,trumpeter,0,1,0
sa_6176222.jpg,singer,1,0,0
sa_6194188.jpg,seller,0,1,0
sa_5910525.jpg,skateboarder,0,1,0
sa_11031461.jpg,laborer,1,0,0
sa_3997487.jpg,soldier,0,0,0
sa_230224.jpg,craftsman,0,1,0
sa_10631030.jpg,lawman,0,0,0
sa_6987787.jpg,speaker,0,1,0
sa_631504.jpg,tennis_player,1,1,0
sa_3789797.jpg,lawman,0,1,0
sa_4442570.jpg,skateboarder,0,0,0
sa_5219958.jpg,speaker,0,1,0
sa_5706929.jpg,teacher,1,0,0
sa_8952707.jpg,laborer,1,1,0
sa_6502276.jpg,drummer,1,0,0
sa_8601930.jpg,tennis_player,1,1,0
sa_1157638.jpg,prayer,0,1,0
sa_6741861.jpg,speaker,0,0,0
sa_7391705.jpg,painter,0,0,0
sa_7048444.jpg,tennis_player,0,0,0
sa_105705.jpg,seller,0,1,0
sa_56894.jpg,tennis_player,0,1,0
sa_2068797.jpg,speaker,0,0,0
sa_6992102.jpg,painter,0,1,0
sa_924616.jpg,waiter,0,1,0
sa_115866.jpg,hairdresser,0,0,0
sa_8020978.jpg,backpacker,1,2,1
sa_8445191.jpg,tennis_player,0,0,0
sa_9753877.jpg,horseman,1,0,0
sa_9954470.jpg,soldier,0,0,0
sa_11020776.jpg,boatman,0,2,0
sa_6581670.jpg,laborer,1,1,1
sa_790928.jpg,farmer,0,1,1
sa_9435158.jpg,ballplayer,0,1,0
sa_3472016.jpg,waiter,1,1,0
sa_3919632.jpg,skateboarder,0,0,0
sa_7130272.jpg,painter,0,1,0
sa_3858845.jpg,seller,0,1,0
sa_9068570.jpg,horseman,1,0,0
sa_1538376.jpg,boatman,0,0,0
sa_4477849.jpg,hairdresser,0,1,0
sa_8128966.jpg,speaker,0,0,1
sa_9097219.jpg,horseman,1,0,0
sa_7309666.jpg,laborer,0,0,0
sa_2652964.jpg,guitarist,0,1,0
sa_10538599.jpg,doctor,1,1,0
sa_59434.jpg,tennis_player,1,2,0
sa_9232462.jpg,singer,0,0,0
sa_8114039.jpg,tennis_player,1,0,0
sa_9108219.jpg,lifeguard,0,1,0
sa_8580278.jpg,guitarist,1,0,0
sa_10271923.jpg,painter,1,0,0
sa_10801019.jpg,runner,0,1,0
sa_9898095.jpg,speaker,0,1,1
sa_360578.jpg,farmer,0,1,0
sa_359136.jpg,tennis_player,0,0,0
sa_7022580.jpg,tennis_player,0,0,0
sa_4929216.jpg,guitarist,0,0,0
sa_6333703.jpg,lawman,0,0,0
sa_3899661.jpg,painter,1,1,0
sa_1553556.jpg,tennis_player,0,0,0
sa_5929435.jpg,guard,0,0,0
sa_10900054.jpg,dancer,1,1,0
sa_2313125.jpg,reporter,1,0,0
sa_5218327.jpg,ballplayer,0,1,0
sa_5755311.jpg,skateboarder,0,0,0
sa_5085852.jpg,speaker,0,0,1
sa_284006.jpg,repairman,0,0,0
sa_1606434.jpg,skateboarder,0,1,0
sa_9239072.jpg,horseman,0,1,0
sa_1120303.jpg,horseman,1,0,0
sa_9939637.jpg,repairman,0,1,0
sa_10267645.jpg,skateboarder,0,1,0
sa_10253865.jpg,tennis_player,0,0,0
sa_7835064.jpg,machinist,0,1,0
sa_2690292.jpg,boatman,1,1,1
sa_7244016.jpg,speaker,0,0,0
sa_6415470.jpg,farmer,0,1,1
sa_10170319.jpg,guitarist,0,0,0
sa_444882.jpg,laborer,1,1,0
sa_11125311.jpg,referee,0,0,0
sa_10160484.jpg,tennis_player,1,0,0
sa_5149519.jpg,seller,0,1,0
sa_6132920.jpg,ballplayer,0,1,0
sa_1942479.jpg,ballplayer,0,0,0
sa_2827285.jpg,tennis_player,0,1,0
sa_9062228.jpg,prayer,1,1,0
sa_6929247.jpg,tennis_player,0,1,0
sa_10724750.jpg,lifeguard,0,1,0
sa_3004085.jpg,painter,1,0,0
sa_1232454.jpg,seller,1,0,0
sa_7633741.jpg,boatman,0,1,1
sa_7499660.jpg,painter,0,0,0
sa_7014341.jpg,lawman,0,1,0
sa_9684605.jpg,drummer,0,1,0
sa_3127454.jpg,sculptor,0,2,0
sa_718259.jpg,repairman,0,0,0
sa_441577.jpg,student,0,0,0
sa_8825216.jpg,laborer,0,1,0
sa_4793242.jpg,boatman,1,1,0
sa_8265855.jpg,backpacker,0,0,0
sa_10015579.jpg,runner,0,1,0
sa_1836859.jpg,seller,0,1,0
sa_6003129.jpg,singer,0,0,0
sa_3290363.jpg,tennis_player,0,1,0
sa_328660.jpg,motorcyclist,0,1,0
sa_568757.jpg,tennis_player,0,1,0
sa_5643210.jpg,motorcyclist,0,1,0
sa_1865479.jpg,speaker,0,1,0
sa_170744.jpg,laborer,0,2,0
sa_9940964.jpg,tennis_player,1,0,0
sa_3217821.jpg,basketball_player,0,1,0
sa_9516819.jpg,tennis_player,1,1,0
sa_6114965.jpg,ballplayer,1,0,0
sa_8733057.jpg,tennis_player,0,0,0
sa_7649247.jpg,soldier,0,0,0
sa_9949341.jpg,gardener,0,1,0
sa_9871193.jpg,prayer,0,1,1
sa_6557707.jpg,speaker,0,1,1
sa_10018692.jpg,motorcyclist,1,1,0
sa_4386934.jpg,hairdresser,0,1,0
sa_10619317.jpg,tennis_player,0,1,0
sa_4201749.jpg,student,0,1,0
sa_5811724.jpg,teacher,0,0,0
sa_7998867.jpg,gardener,0,0,0
sa_1980078.jpg,disk_jockey,0,0,0
sa_10634616.jpg,craftsman,0,1,1
sa_696242.jpg,boatman,0,1,0
sa_4675925.jpg,disk_jockey,0,0,0
sa_5633505.jpg,hairdresser,1,0,0
sa_7391193.jpg,carpenter,0,1,0
sa_5484167.jpg,backpacker,0,0,0
sa_865534.jpg,guitarist,0,0,0
sa_1803659.jpg,laborer,1,1,0
sa_2325808.jpg,motorcyclist,0,0,0
sa_5126955.jpg,judge,0,1,0
sa_1521349.jpg,skateboarder,0,0,0
sa_1510929.jpg,craftsman,0,1,1
sa_8381276.jpg,computer_user,1,0,0
sa_8886367.jpg,seller,1,1,0
sa_8274096.jpg,hairdresser,0,0,1
sa_2583896.jpg,lawman,0,1,0
sa_4852059.jpg,computer_user,0,0,0
sa_6380885.jpg,boatman,0,1,0
sa_4161667.jpg,computer_user,0,0,0
sa_176036.jpg,fireman,0,0,0
sa_10785275.jpg,skateboarder,0,1,0
sa_8605726.jpg,soldier,0,0,0
sa_2483819.jpg,cheerleader,1,0,0
sa_3182301.jpg,singer,0,0,0
sa_5980863.jpg,tennis_player,1,0,0
sa_1915314.jpg,laborer,0,0,0
sa_511922.jpg,speaker,0,1,0
sa_3966415.jpg,ballplayer,1,0,0
sa_69189.jpg,backpacker,0,1,0
sa_6188704.jpg,craftsman,0,0,0
sa_3626984.jpg,lawman,0,0,0
sa_1225611.jpg,horseman,1,0,0
sa_10371006.jpg,skateboarder,0,1,0
sa_6275110.jpg,tennis_player,0,1,0
sa_10088501.jpg,climber,1,0,0
sa_5937200.jpg,guitarist,1,0,0
sa_4350116.jpg,singer,0,0,0
sa_5300907.jpg,singer,1,0,0
sa_3667874.jpg,speaker,0,0,0
sa_10521116.jpg,singer,0,0,0
sa_2579685.jpg,lawman,0,1,1
sa_10008766.jpg,skateboarder,0,0,0
sa_7075442.jpg,tennis_player,1,2,0
sa_8604885.jpg,lawman,0,1,0
sa_497367.jpg,machinist,0,0,0
sa_7914680.jpg,retailer,1,0,0
sa_7249522.jpg,boatman,1,1,1
sa_3028258.jpg,gymnast,1,1,0
sa_10453250.jpg,painter,0,0,0
sa_9079392.jpg,lawman,0,1,0
sa_3555559.jpg,horseman,0,0,0
sa_9739568.jpg,speaker,0,0,1
sa_93988.jpg,singer,1,1,0
sa_7584831.jpg,patient,0,0,0
sa_3563892.jpg,seller,1,0,0
sa_11103308.jpg,guitarist,0,1,0
sa_815.jpg,boatman,0,1,0
sa_7759887.jpg,waiter,0,0,0
sa_11048396.jpg,soldier,0,1,0
sa_8891040.jpg,soldier,0,1,1
sa_8209457.jpg,drummer,0,0,0
sa_10653520.jpg,speaker,0,0,0
sa_11022475.jpg,painter,0,1,1
sa_5907765.jpg,climber,1,0,0
sa_133143.jpg,seller,1,1,0
sa_6729996.jpg,trumpeter,0,1,0
sa_10041402.jpg,boatman,0,1,0
sa_6815258.jpg,motorcyclist,1,1,0
sa_10571431.jpg,reporter,1,0,0
sa_2136562.jpg,reporter,0,1,0
sa_8125408.jpg,motorcyclist,0,0,0
sa_9238458.jpg,laborer,0,1,0
sa_4641818.jpg,runner,1,0,0
sa_7487735.jpg,ballplayer,0,1,0
sa_9014482.jpg,gardener,1,0,0
sa_4335825.jpg,basketball_player,0,2,0
sa_7705023.jpg,seller,1,0,0
sa_2852568.jpg,disk_jockey,0,0,0
sa_149153.jpg,gymnast,0,1,0
sa_6564256.jpg,dancer,0,0,0
sa_7778281.jpg,prayer,0,0,0
sa_787724.jpg,farmer,1,1,0
sa_2040301.jpg,painter,1,0,0
sa_2835176.jpg,climber,0,0,0
sa_9054737.jpg,trumpeter,0,2,1
sa_5234389.jpg,tennis_player,0,0,0
sa_9892202.jpg,guard,0,0,0
sa_8267475.jpg,horseman,0,0,0
sa_4017612.jpg,backpacker,0,1,0
sa_9350823.jpg,speaker,1,1,0
sa_6915973.jpg,computer_user,0,0,0
sa_1874558.jpg,prayer,0,1,1
sa_8295728.jpg,speaker,0,1,0
sa_465720.jpg,referee,0,0,0
sa_10099602.jpg,singer,0,0,1
sa_9350177.jpg,gardener,1,1,1
sa_8686739.jpg,computer_user,1,0,0
sa_6688330.jpg,guitarist,0,0,1
sa_4743521.jpg,flutist,0,1,1
sa_7592849.jpg,speaker,1,0,0
sa_3189495.jpg,farmer,0,0,0
sa_8286439.jpg,soccer_player,0,1,0
sa_6060219.jpg,lifeguard,0,1,0
sa_10226201.jpg,farmer,1,0,1
sa_941338.jpg,farmer,0,0,1
sa_11121472.jpg,ballplayer,0,0,0
sa_3075760.jpg,backpacker,0,1,0
sa_199755.jpg,guard,0,0,0
sa_6278662.jpg,machinist,0,1,0
sa_9629663.jpg,nurse,1,0,0
sa_10936611.jpg,lawman,0,0,0
sa_7870765.jpg,skateboarder,0,0,0
sa_7235133.jpg,soldier,1,0,0
sa_730700.jpg,electrician,0,1,0
sa_10520871.jpg,basketball_player,0,0,0
sa_9463981.jpg,referee,0,0,0
sa_10628814.jpg,seller,1,1,0
sa_3596658.jpg,electrician,0,1,0
sa_2843814.jpg,flutist,0,0,0
sa_8583837.jpg,tennis_player,0,1,0
sa_1873651.jpg,gymnast,1,0,0
sa_7788140.jpg,laborer,0,1,0
sa_11082494.jpg,motorcyclist,0,1,0
sa_2585529.jpg,repairman,0,0,0
sa_5887140.jpg,soccer_player,0,1,0
sa_4810517.jpg,machinist,0,1,0
sa_7607637.jpg,gardener,1,0,1
sa_6207771.jpg,speaker,1,0,1
sa_2348903.jpg,laborer,0,0,1
sa_6983211.jpg,runner,0,0,0
sa_2539881.jpg,dancer,1,1,0
sa_6967747.jpg,computer_user,0,0,0
sa_10887914.jpg,repairman,0,1,0
sa_1334963.jpg,ballplayer,0,1,0
sa_931172.jpg,craftsman,0,2,1
sa_10181054.jpg,singer,0,2,0
sa_4391291.jpg,speaker,0,1,0
sa_6839243.jpg,nurse,1,1,0
sa_6261848.jpg,speaker,0,1,0
sa_10672388.jpg,hairdresser,0,1,0
sa_4212797.jpg,carpenter,0,1,0
sa_5979857.jpg,farmer,1,1,0
sa_10105529.jpg,lawman,0,1,0
sa_9263064.jpg,lawman,1,1,0
sa_7309274.jpg,tennis_player,0,1,0
sa_5574646.jpg,speaker,1,2,0
sa_3729740.jpg,horseman,0,0,0
sa_1470041.jpg,singer,0,0,1
sa_3470404.jpg,farmer,0,2,0
sa_3297715.jpg,lawman,0,0,0
sa_2358476.jpg,backpacker,1,0,0
sa_3023424.jpg,doctor,0,0,0
sa_8968633.jpg,fireman,0,0,0
sa_654013.jpg,tennis_player,1,0,0
sa_866920.jpg,electrician,0,1,0
sa_7826777.jpg,motorcyclist,0,0,0
sa_3889977.jpg,craftsman,0,0,0
sa_10933802.jpg,computer_user,0,1,0
sa_3984524.jpg,guard,0,0,0
sa_539152.jpg,gardener,1,1,0
sa_1530681.jpg,craftsman,0,1,0
sa_1285065.jpg,fireman,0,1,0
sa_2619248.jpg,boatman,0,0,0
sa_8311400.jpg,guitarist,0,0,0
sa_2400831.jpg,speaker,0,0,0
sa_8788891.jpg,painter,0,0,1
sa_7795758.jpg,lawman,0,0,0
sa_679391.jpg,prayer,0,1,0
sa_672634.jpg,ballplayer,0,0,0
sa_6257481.jpg,painter,0,1,0
sa_4546679.jpg,speaker,0,1,0
sa_5756024.jpg,repairman,0,1,0
sa_2368159.jpg,reporter,0,0,0
sa_4719826.jpg,laborer,0,1,0
sa_8841447.jpg,basketball_player,0,1,0
sa_7682292.jpg,skateboarder,0,0,0
sa_7168838.jpg,speaker,0,1,0
sa_3832119.jpg,craftsman,0,0,1
sa_1944458.jpg,hairdresser,0,1,1
sa_8017438.jpg,flutist,0,0,0
sa_9318726.jpg,painter,0,1,1
sa_1043135.jpg,disk_jockey,0,0,0
sa_1074662.jpg,drummer,0,1,1
sa_6286621.jpg,nurse,0,1,0
sa_853761.jpg,carpenter,0,1,0
sa_133479.jpg,singer,0,0,0
sa_1461565.jpg,soldier,0,0,0
sa_1149979.jpg,horseman,0,1,0
sa_9145415.jpg,ballplayer,0,1,0
sa_5033857.jpg,ballplayer,0,1,0
sa_800132.jpg,drummer,0,0,0
sa_614026.jpg,singer,1,0,0
sa_4708099.jpg,painter,1,0,0
sa_1306133.jpg,repairman,0,0,0
sa_3323713.jpg,horseman,0,0,0
sa_9332891.jpg,fireman,0,0,0
sa_10137728.jpg,waiter,0,0,0
sa_768133.jpg,computer_user,1,1,0
sa_6085785.jpg,gymnast,0,0,0
sa_1775786.jpg,fireman,0,1,0
sa_3855521.jpg,tennis_player,1,0,0
sa_2441728.jpg,hairdresser,0,2,0
sa_7546848.jpg,computer_user,0,1,0
sa_7063556.jpg,lawman,0,1,0
sa_2242320.jpg,soldier,0,0,0
sa_5970420.jpg,referee,0,0,0
sa_4562828.jpg,lawman,1,1,0
sa_1489772.jpg,retailer,0,0,0
sa_9875710.jpg,hairdresser,0,1,1
sa_8826870.jpg,speaker,0,0,0
sa_9310250.jpg,patient,0,1,1
sa_1946589.jpg,lawman,0,1,0
sa_10058268.jpg,speaker,0,0,0
sa_8231961.jpg,skateboarder,0,1,0
sa_7834986.jpg,dancer,0,1,0
sa_6563516.jpg,seller,0,1,0
sa_10131208.jpg,backpacker,0,0,0
sa_3284857.jpg,hairdresser,0,1,1
sa_700157.jpg,guard,0,0,0
sa_5370881.jpg,repairman,0,1,0
sa_4134586.jpg,singer,0,2,0
sa_154664.jpg,ballplayer,1,1,0
sa_6834065.jpg,computer_user,0,0,1
sa_2363633.jpg,repairman,0,1,0
sa_3723351.jpg,reporter,0,1,0
sa_8455990.jpg,gardener,1,0,0
sa_9012209.jpg,runner,0,1,0
sa_3997249.jpg,retailer,0,1,0
sa_5605154.jpg,lawman,1,0,0
sa_2163692.jpg,waiter,1,0,0
sa_1814611.jpg,lawman,0,0,0
sa_3511445.jpg,seller,0,0,0
sa_2100429.jpg,seller,0,1,0
sa_8946019.jpg,lawman,0,0,0
sa_1224578.jpg,skateboarder,0,1,0
sa_2400113.jpg,backpacker,0,0,0
sa_9629683.jpg,tennis_player,1,1,0
sa_4507262.jpg,craftsman,0,1,1
sa_296536.jpg,tennis_player,1,1,0
sa_632450.jpg,motorcyclist,0,1,0
sa_10124048.jpg,hairdresser,0,0,0
sa_4893499.jpg,student,0,2,0
sa_10140215.jpg,motorcyclist,0,1,1
sa_57719.jpg,craftsman,0,1,1
sa_2692331.jpg,ballplayer,0,1,0
sa_2173574.jpg,soldier,0,0,0
sa_443735.jpg,reporter,0,0,1
sa_10151360.jpg,skateboarder,0,0,0
sa_5819315.jpg,patient,1,1,0
sa_7377230.jpg,boatman,0,1,0
sa_727566.jpg,guitarist,0,1,0
sa_9200623.jpg,guitarist,0,1,1
sa_8178058.jpg,speaker,0,1,0
sa_10624532.jpg,craftsman,0,1,0
sa_4568408.jpg,speaker,0,0,1
sa_515129.jpg,hairdresser,0,0,0
sa_4231831.jpg,ballplayer,0,1,0
sa_10976448.jpg,repairman,0,1,0
sa_39254.jpg,seller,1,0,0
sa_3847922.jpg,craftsman,0,0,0
sa_8281442.jpg,farmer,0,1,1
sa_8759422.jpg,doctor,1,1,0
sa_544120.jpg,computer_user,1,1,0
sa_4935926.jpg,computer_user,0,0,0
sa_1894943.jpg,repairman,1,0,0
sa_7956053.jpg,tennis_player,1,2,0
sa_2751588.jpg,drummer,0,0,0
sa_5705065.jpg,boatman,0,1,0
sa_1263586.jpg,doctor,1,1,0
sa_3165640.jpg,soldier,0,0,0
sa_7966370.jpg,fireman,0,0,0
sa_7352960.jpg,singer,0,0,0
sa_2575109.jpg,soldier,0,0,0
sa_9066276.jpg,trumpeter,0,0,0
sa_6592828.jpg,tennis_player,1,2,0
sa_4911230.jpg,singer,0,0,0
sa_10437172.jpg,guard,0,0,0
sa_1839654.jpg,boatman,0,1,1
sa_9751836.jpg,machinist,0,1,0
sa_653526.jpg,gardener,0,0,0
sa_3463007.jpg,waiter,0,1,0
sa_8159787.jpg,tennis_player,1,0,0
sa_242150.jpg,disk_jockey,0,0,0
sa_4520286.jpg,hairdresser,0,1,0
sa_10221543.jpg,repairman,0,1,0
sa_9236100.jpg,patient,1,0,0
sa_9523370.jpg,sculptor,0,1,0
sa_5079938.jpg,soldier,1,0,0
sa_9481631.jpg,sculptor,0,1,1
sa_7270070.jpg,ballplayer,0,0,0
sa_10409204.jpg,soccer_player,0,0,0
sa_4993158.jpg,computer_user,0,1,0
sa_7634121.jpg,referee,0,0,0
sa_2765779.jpg,craftsman,0,1,1
sa_1336791.jpg,computer_user,1,0,0
sa_11178397.jpg,lifeguard,0,0,0
sa_10819330.jpg,motorcyclist,0,0,1
sa_8161296.jpg,lawman,0,0,0
sa_10432398.jpg,soldier,0,0,0
sa_7520690.jpg,horseman,0,0,0
sa_6901754.jpg,soccer_player,0,1,0
sa_781121.jpg,boatman,0,0,0
sa_6772039.jpg,tennis_player,1,1,0
sa_4561811.jpg,retailer,1,1,0
sa_2983806.jpg,gardener,0,1,0
sa_7102267.jpg,motorcyclist,1,0,0
sa_2512532.jpg,tennis_player,1,0,0
sa_5915179.jpg,ballplayer,0,2,0
sa_2666168.jpg,gymnast,0,1,0
sa_5176737.jpg,singer,0,0,1
sa_829103.jpg,runner,0,1,1
sa_9113704.jpg,doctor,0,1,0
sa_1544193.jpg,ballplayer,0,1,0
sa_718213.jpg,skateboarder,0,2,0
sa_9554844.jpg,gymnast,0,1,0
sa_223393.jpg,guitarist,0,1,0
sa_8956383.jpg,soldier,0,1,0
sa_573426.jpg,tennis_player,1,0,0
sa_4252538.jpg,hairdresser,0,0,0
sa_4168059.jpg,lawman,0,0,0
sa_5159384.jpg,motorcyclist,0,0,1
sa_9242612.jpg,repairman,0,1,0
sa_8906270.jpg,motorcyclist,1,0,0
sa_9052794.jpg,lawman,0,0,1
sa_3217398.jpg,boatman,0,1,0
sa_7571416.jpg,skateboarder,0,0,0
sa_4950605.jpg,repairman,0,1,0
sa_3468084.jpg,backpacker,1,0,0
sa_1023609.jpg,electrician,0,0,0
sa_9941583.jpg,laborer,0,1,0
sa_10320475.jpg,painter,1,1,0
sa_4809899.jpg,singer,1,0,0
sa_10060389.jpg,boatman,0,0,1
sa_10773187.jpg,lawman,0,1,0
sa_237635.jpg,lawman,0,1,0
sa_3776318.jpg,drummer,0,1,0
sa_1688454.jpg,lifeguard,0,2,0
sa_9845623.jpg,boatman,1,1,0
sa_2164469.jpg,horseman,0,0,0
sa_3539734.jpg,guitarist,0,1,0
sa_6286240.jpg,craftsman,1,1,0
sa_7854279.jpg,teacher,0,1,0
sa_1295513.jpg,craftsman,0,1,0
sa_1822463.jpg,farmer,0,1,0
sa_2957524.jpg,horseman,0,0,0
sa_2386721.jpg,guitarist,0,1,0
sa_5693232.jpg,backpacker,1,1,0
sa_676443.jpg,singer,0,1,0
sa_5305154.jpg,craftsman,0,2,1
sa_709945.jpg,lawman,0,0,0
sa_7190032.jpg,backpacker,0,1,0
sa_10680362.jpg,lawman,0,1,0
sa_5654726.jpg,horseman,0,1,0
sa_11118265.jpg,hairdresser,0,1,0
sa_8795980.jpg,singer,0,1,0
sa_4675440.jpg,guard,0,0,0
sa_9431306.jpg,lawman,0,0,0
sa_8045794.jpg,horseman,1,0,0
sa_7961320.jpg,singer,1,1,0
sa_6327236.jpg,craftsman,1,0,0
sa_4134501.jpg,reporter,1,0,0
sa_6006400.jpg,disk_jockey,0,1,0
sa_5857949.jpg,singer,0,0,1
sa_9190322.jpg,retailer,0,1,0
sa_3364861.jpg,gardener,0,1,0
sa_3107646.jpg,farmer,0,0,0
sa_9501793.jpg,speaker,0,1,0
sa_1293800.jpg,skateboarder,0,0,0
sa_10789036.jpg,backpacker,0,1,0
sa_5075273.jpg,laborer,0,1,0
sa_4892963.jpg,climber,0,1,0
sa_10626487.jpg,farmer,0,1,0
sa_6136103.jpg,farmer,0,1,0
sa_3204320.jpg,retailer,0,1,0
sa_5357283.jpg,farmer,0,1,0
sa_8234407.jpg,repairman,0,0,0
sa_8132610.jpg,lawman,0,1,0
sa_5589287.jpg,disk_jockey,0,1,0
sa_5430129.jpg,prayer,0,0,1
sa_5960784.jpg,soldier,1,0,0
sa_2985350.jpg,craftsman,1,0,0
sa_2924541.jpg,laborer,0,2,0
sa_7543718.jpg,skateboarder,0,1,0
sa_7760773.jpg,machinist,0,1,0
sa_8419503.jpg,trumpeter,0,0,0
sa_6719570.jpg,guitarist,0,0,1
sa_4642295.jpg,teacher,0,0,0
sa_1422787.jpg,drummer,0,0,0
sa_6084938.jpg,backpacker,1,0,0
sa_5214812.jpg,backpacker,0,0,0
sa_8833108.jpg,backpacker,0,1,0
sa_5518827.jpg,hairdresser,0,1,1
sa_4618963.jpg,lawman,0,0,0
sa_9292471.jpg,singer,0,2,0
sa_6830698.jpg,gymnast,0,0,0
sa_7991285.jpg,painter,1,0,1
sa_5024066.jpg,electrician,0,0,0
sa_5301054.jpg,speaker,0,1,0
sa_6285910.jpg,runner,0,0,0
sa_10945785.jpg,speaker,0,1,0
sa_1867447.jpg,basketball_player,0,0,0
sa_3263649.jpg,singer,0,0,0
sa_5366472.jpg,guitarist,0,1,0
sa_1254285.jpg,student,1,1,0
sa_10117318.jpg,referee,0,1,0
sa_243968.jpg,sculptor,0,1,0
sa_4796194.jpg,craftsman,0,1,0
sa_719073.jpg,craftsman,0,0,0
sa_4296572.jpg,guitarist,0,0,1
sa_502763.jpg,backpacker,1,0,0
sa_4910134.jpg,tennis_player,0,2,0
sa_888831.jpg,tennis_player,1,0,0
sa_4320194.jpg,doctor,1,0,0
sa_6084350.jpg,speaker,0,1,0
sa_11106824.jpg,singer,1,0,0
sa_2075445.jpg,seller,1,1,0
sa_10363511.jpg,laborer,0,2,0
sa_9335663.jpg,lawman,0,1,0
sa_282071.jpg,electrician,0,1,0
sa_8188619.jpg,tennis_player,0,0,0
sa_7511520.jpg,painter,0,1,1
sa_4160858.jpg,farmer,0,0,0
sa_6080449.jpg,painter,0,1,0
sa_783250.jpg,ballplayer,0,0,0
sa_9523645.jpg,speaker,1,1,1
sa_5883046.jpg,horseman,0,1,0
sa_4606917.jpg,guitarist,0,0,0
sa_10934428.jpg,speaker,0,1,0
sa_1034948.jpg,soldier,0,1,0
sa_3218978.jpg,soldier,0,0,1
sa_6502298.jpg,doctor,1,0,0
sa_3802071.jpg,retailer,1,1,0
sa_673658.jpg,lawman,0,0,0
sa_6079158.jpg,repairman,0,1,0
sa_6552957.jpg,lawman,0,1,1
sa_8953567.jpg,craftsman,0,0,1
sa_3441141.jpg,farmer,0,1,0
sa_1078779.jpg,painter,0,1,0
sa_787476.jpg,gardener,0,0,0
sa_4163209.jpg,tennis_player,1,0,0
sa_8808941.jpg,lawman,0,0,0
sa_6965046.jpg,soldier,0,0,0
sa_8341048.jpg,hairdresser,0,0,1
sa_4092606.jpg,skateboarder,0,0,0
sa_4655367.jpg,laborer,0,0,0
sa_1016640.jpg,repairman,0,1,0
sa_7835722.jpg,horseman,0,1,0
sa_8489384.jpg,backpacker,0,0,0
sa_491495.jpg,gymnast,0,0,0
sa_10538644.jpg,seller,0,1,0
sa_8485093.jpg,lawman,0,0,0
sa_7002109.jpg,ballplayer,0,0,0
sa_851188.jpg,guitarist,0,0,0
sa_9065953.jpg,disk_jockey,0,1,0
sa_2042837.jpg,guitarist,0,1,0
sa_10571976.jpg,farmer,1,1,0
sa_2201154.jpg,gardener,0,1,0
sa_5070191.jpg,seller,0,0,0
sa_10482075.jpg,motorcyclist,0,1,0
sa_8391678.jpg,speaker,0,0,0
sa_7762506.jpg,laborer,0,1,0
sa_5401485.jpg,tennis_player,1,0,0
sa_10670323.jpg,laborer,0,1,0
sa_9175455.jpg,guard,0,0,0
sa_3403254.jpg,repairman,1,1,0
sa_115836.jpg,repairman,0,0,0
sa_9121773.jpg,boatman,0,0,0
sa_4229544.jpg,skateboarder,0,0,0
sa_519080.jpg,lawman,1,0,0
sa_10588543.jpg,painter,0,1,0
sa_10951840.jpg,farmer,0,0,0
sa_6010181.jpg,guitarist,1,1,0
sa_9476327.jpg,lawman,0,0,0
sa_9390323.jpg,lawman,0,1,0
sa_2589434.jpg,guitarist,0,0,0
sa_1367602.jpg,singer,1,1,1
sa_1992078.jpg,flutist,0,0,0
sa_2729766.jpg,computer_user,1,2,0
sa_6092736.jpg,backpacker,0,0,0
sa_6198445.jpg,skateboarder,0,0,0
sa_7794746.jpg,waiter,0,0,0
sa_1172433.jpg,gymnast,0,1,0
sa_10714091.jpg,lawman,0,0,0
sa_237739.jpg,tennis_player,1,1,0
sa_1358200.jpg,laborer,0,0,0
sa_8855817.jpg,skateboarder,0,0,0
sa_2665681.jpg,lawman,0,1,0
sa_10525777.jpg,guard,0,0,0
sa_8768093.jpg,doctor,1,1,0
sa_4880152.jpg,doctor,0,1,0
sa_6643809.jpg,gardener,0,0,1
sa_7940546.jpg,boatman,0,1,0
sa_5213522.jpg,trumpeter,0,0,0
sa_1366710.jpg,boatman,0,0,0
sa_151767.jpg,speaker,1,1,0
sa_3243751.jpg,backpacker,0,0,0
sa_2481857.jpg,runner,0,0,0
sa_4213940.jpg,gymnast,1,0,0
sa_3739620.jpg,horseman,1,1,0
sa_7156956.jpg,gymnast,0,1,0
sa_10378353.jpg,hairdresser,0,1,0
sa_8958228.jpg,painter,0,1,0
sa_3202334.jpg,computer_user,0,0,0
sa_4424245.jpg,motorcyclist,1,0,0
sa_209888.jpg,craftsman,0,1,0
sa_1274588.jpg,lawman,0,1,0
sa_3569938.jpg,disk_jockey,0,0,0
sa_1711179.jpg,farmer,0,1,1
sa_336840.jpg,gardener,1,0,1
sa_5932520.jpg,waiter,1,1,0
sa_3452599.jpg,nurse,1,1,0
sa_1472282.jpg,boatman,0,0,1
sa_8650743.jpg,dancer,1,1,0
sa_7299618.jpg,hairdresser,0,0,0
sa_10480281.jpg,gymnast,0,1,0
sa_5836778.jpg,waiter,0,1,0
sa_13515.jpg,speaker,1,1,0
sa_7359787.jpg,lawman,0,0,0
sa_4960773.jpg,singer,0,1,0
sa_1101654.jpg,lawman,0,1,0
sa_6727570.jpg,boatman,1,0,0
sa_1547166.jpg,computer_user,0,1,0
sa_9789178.jpg,computer_user,0,0,0
sa_9074881.jpg,speaker,0,1,1
sa_10700839.jpg,painter,0,1,0
sa_8683666.jpg,sculptor,0,0,0
sa_8635403.jpg,doctor,1,1,0
sa_9827320.jpg,ballplayer,0,2,0
sa_4327770.jpg,drummer,0,1,1
sa_483131.jpg,craftsman,0,0,0
sa_8652856.jpg,speaker,0,1,0
sa_6360436.jpg,farmer,0,2,1
sa_4084192.jpg,tennis_player,0,1,0
sa_1488549.jpg,singer,1,1,0
sa_10626431.jpg,speaker,0,1,1
sa_7408010.jpg,tennis_player,1,1,0
sa_3823773.jpg,laborer,1,1,1
sa_10961867.jpg,repairman,0,0,0
sa_2604281.jpg,prayer,1,1,0
sa_3402203.jpg,motorcyclist,0,0,0
sa_6472876.jpg,horseman,1,0,0
sa_2939623.jpg,basketball_player,0,1,0
sa_7663575.jpg,speaker,0,0,0
sa_6098534.jpg,hairdresser,0,1,0
sa_2328500.jpg,retailer,1,1,0
sa_2211133.jpg,boatman,1,0,0
sa_5861277.jpg,basketball_player,0,1,0
sa_6291071.jpg,reporter,0,1,0
sa_7332550.jpg,machinist,0,1,0
sa_7512346.jpg,reporter,1,0,0
sa_3190665.jpg,horseman,1,0,0
sa_10683075.jpg,lawman,1,0,0
sa_3291218.jpg,retailer,0,1,1
sa_9599243.jpg,carpenter,0,1,0
sa_4646995.jpg,nurse,1,1,0
sa_4696712.jpg,tennis_player,1,0,0
sa_676044.jpg,painter,0,0,0
sa_5530358.jpg,boatman,0,1,0
sa_8584824.jpg,guitarist,0,0,0
sa_9649128.jpg,student,1,0,0
sa_8545949.jpg,repairman,0,1,0
sa_4020930.jpg,hairdresser,1,1,0
sa_4831201.jpg,ballplayer,0,1,0
sa_5579399.jpg,backpacker,0,1,0
sa_702104.jpg,tennis_player,1,1,0
sa_2216391.jpg,skateboarder,0,0,0
sa_6211386.jpg,retailer,0,1,0
sa_10999759.jpg,repairman,0,1,0
sa_6632615.jpg,guitarist,0,1,0
sa_6159695.jpg,soccer_player,0,1,0
sa_6715342.jpg,doctor,1,0,0
sa_10565701.jpg,lawman,0,1,0
sa_9677186.jpg,climber,0,1,0
sa_6957516.jpg,lawman,0,0,0
sa_2730841.jpg,doctor,1,0,0
sa_3952135.jpg,lawman,0,0,0
sa_6971202.jpg,retailer,0,1,0
sa_292887.jpg,repairman,0,1,0
sa_4071206.jpg,guard,0,2,0
sa_38632.jpg,reporter,0,0,1
sa_1036184.jpg,laborer,0,0,1
sa_7816858.jpg,patient,0,0,0
sa_5040113.jpg,patient,1,0,0
sa_4193009.jpg,horseman,1,0,0
sa_8123807.jpg,lawman,0,1,0
sa_8422233.jpg,painter,0,1,0
sa_7650291.jpg,lawman,0,0,1
sa_8651240.jpg,backpacker,0,2,0
sa_381363.jpg,soldier,0,1,0
sa_9636030.jpg,lawman,0,1,0
sa_4159968.jpg,lawman,0,0,0
sa_2387792.jpg,tennis_player,0,0,0
sa_10694568.jpg,ballplayer,0,1,0
sa_1729469.jpg,horseman,0,0,0
sa_8546461.jpg,skateboarder,0,1,0
sa_2405117.jpg,backpacker,0,0,0
sa_10113574.jpg,disk_jockey,0,0,0
sa_7258583.jpg,lawman,0,1,0
sa_2889919.jpg,retailer,0,1,0
sa_9066192.jpg,doctor,0,0,0
sa_5112152.jpg,prayer,0,1,0
sa_4365209.jpg,skateboarder,0,0,0
sa_10677383.jpg,dancer,0,1,0
sa_10217794.jpg,singer,0,0,0
sa_827757.jpg,hairdresser,0,1,0
sa_6254720.jpg,computer_user,0,0,0
sa_5722788.jpg,reporter,1,1,0
sa_3541503.jpg,craftsman,0,2,1
sa_2334483.jpg,horseman,1,0,0
sa_9203745.jpg,singer,0,0,0
sa_10598612.jpg,basketball_player,0,2,0
sa_1702429.jpg,retailer,0,0,0
sa_1222150.jpg,prayer,1,1,0
sa_721209.jpg,lawman,0,1,0
sa_5217983.jpg,doctor,0,1,0
sa_1281841.jpg,motorcyclist,1,0,0
sa_10913607.jpg,disk_jockey,0,0,0
sa_6002977.jpg,speaker,0,1,0
sa_2994984.jpg,laborer,0,1,0
sa_1394380.jpg,skateboarder,0,0,0
sa_8566801.jpg,fireman,0,1,0
sa_8183531.jpg,guitarist,0,0,0
sa_4483299.jpg,laborer,0,1,0
sa_6191397.jpg,guard,0,0,0
sa_7914193.jpg,gymnast,1,1,0
sa_1961623.jpg,waiter,0,1,0
sa_10497616.jpg,waiter,1,1,0
sa_5941497.jpg,tennis_player,0,1,0
sa_7284947.jpg,flutist,0,1,0
sa_3656700.jpg,soldier,0,1,0
sa_1285565.jpg,backpacker,0,0,1
sa_1513772.jpg,backpacker,0,1,0
sa_1103679.jpg,speaker,0,1,0
sa_2661468.jpg,craftsman,0,0,0
sa_2119175.jpg,farmer,1,1,0
sa_3966211.jpg,motorcyclist,0,0,0
sa_7495038.jpg,electrician,0,1,0
sa_10791045.jpg,climber,1,0,0
sa_3670403.jpg,climber,0,0,0
sa_5965190.jpg,waiter,1,0,0
sa_9864911.jpg,speaker,1,1,0
sa_897931.jpg,farmer,0,1,0
sa_1358258.jpg,singer,0,0,0
sa_7110711.jpg,seller,0,1,0
sa_7377264.jpg,lifeguard,0,1,0
sa_1377794.jpg,bartender,1,1,0
sa_6008301.jpg,backpacker,0,1,0
sa_1144668.jpg,motorcyclist,0,1,1
sa_4684560.jpg,singer,1,0,0
sa_9771930.jpg,backpacker,0,0,0
sa_10772205.jpg,lawman,0,0,0
sa_315486.jpg,speaker,0,0,0
sa_575114.jpg,basketball_player,0,1,0
sa_2374561.jpg,laborer,1,1,0
sa_8098800.jpg,climber,0,0,0
sa_7519319.jpg,boatman,0,0,1
sa_5961899.jpg,lawman,0,1,0
sa_9956185.jpg,farmer,0,2,0
sa_5090941.jpg,gymnast,1,0,0
sa_7388966.jpg,fireman,0,2,0
sa_9878835.jpg,painter,0,1,0
sa_9405889.jpg,sculptor,0,0,0
sa_2896297.jpg,singer,0,1,0
sa_10049145.jpg,prayer,0,1,1
sa_2954884.jpg,dancer,1,1,0
sa_4524937.jpg,singer,0,0,0
sa_5376088.jpg,tennis_player,0,0,0
sa_6300216.jpg,retailer,1,0,0
sa_4574444.jpg,craftsman,1,0,0
sa_7226585.jpg,tennis_player,0,1,0
sa_2506778.jpg,guard,0,0,0
sa_3421589.jpg,prayer,1,1,0
sa_2857353.jpg,laborer,0,1,0
sa_1349082.jpg,fireman,0,1,0
sa_9094399.jpg,motorcyclist,0,1,0
sa_1113539.jpg,tennis_player,0,0,0
sa_1011357.jpg,laborer,0,2,0
sa_4476880.jpg,tennis_player,0,2,0
sa_4450546.jpg,guitarist,0,0,0
sa_3048952.jpg,singer,0,0,0
sa_4950196.jpg,craftsman,0,1,0
sa_10373390.jpg,retailer,1,1,0
sa_7678887.jpg,laborer,0,1,0
sa_87184.jpg,referee,0,0,0
sa_5409047.jpg,boatman,1,0,0
sa_4208980.jpg,speaker,0,1,0
sa_2348905.jpg,tennis_player,0,0,0
sa_329751.jpg,guitarist,0,1,0
sa_7587282.jpg,dancer,0,0,0
sa_363906.jpg,skateboarder,0,0,0
sa_3433316.jpg,boatman,0,1,0
sa_7443801.jpg,lifeguard,0,0,0
sa_8586727.jpg,painter,0,1,0
sa_5991215.jpg,computer_user,1,1,0
sa_4951789.jpg,sculptor,0,1,0
sa_9732420.jpg,horseman,1,0,0
sa_7087837.jpg,craftsman,0,0,1
sa_1195022.jpg,student,0,1,0
sa_7525863.jpg,nurse,0,0,0
sa_2351437.jpg,tennis_player,1,0,0
sa_3009737.jpg,backpacker,1,0,0
sa_5525740.jpg,lawman,1,0,0
sa_2720442.jpg,waiter,0,0,0
sa_351913.jpg,craftsman,0,1,0
sa_8006874.jpg,nurse,1,1,0
sa_8959671.jpg,seller,1,0,1
sa_8648580.jpg,hairdresser,1,0,0
sa_9769188.jpg,farmer,0,1,0
sa_3746303.jpg,computer_user,1,1,0
sa_7899059.jpg,guitarist,0,0,0
sa_8320430.jpg,lawman,0,1,0
sa_1087412.jpg,waiter,1,1,0
sa_9585287.jpg,student,0,1,0
sa_2520161.jpg,farmer,1,0,1
sa_2149219.jpg,teacher,1,1,0
sa_7770461.jpg,lawman,1,0,0
sa_11074368.jpg,craftsman,0,1,1
sa_3171474.jpg,backpacker,1,0,0
sa_1594528.jpg,speaker,0,0,0
sa_7937228.jpg,sculptor,0,1,0
sa_5983742.jpg,singer,0,0,0
sa_8587766.jpg,seller,0,0,0
sa_5256581.jpg,boatman,0,0,1
sa_9429636.jpg,reporter,0,1,1
sa_3499679.jpg,gardener,1,0,1
sa_7591587.jpg,skateboarder,1,1,0
sa_6015337.jpg,flutist,1,1,0
sa_6573533.jpg,painter,0,0,0
sa_9044823.jpg,lawman,0,0,0
sa_2290381.jpg,seller,0,1,0
sa_6390254.jpg,tennis_player,1,1,0
sa_4055195.jpg,boatman,1,0,0
sa_9568291.jpg,guitarist,0,1,1
sa_836911.jpg,seller,1,1,1
sa_7390075.jpg,ballplayer,0,1,0
sa_2750245.jpg,seller,0,0,0
sa_8524762.jpg,backpacker,1,1,0
sa_2673644.jpg,runner,1,0,0
sa_8892413.jpg,singer,1,0,0
sa_7355640.jpg,dancer,0,0,0
sa_3836687.jpg,carpenter,0,1,0
sa_6797310.jpg,repairman,0,1,0
sa_7349365.jpg,skateboarder,0,1,0
sa_11094066.jpg,basketball_player,0,1,0
sa_9438472.jpg,horseman,1,0,0
sa_1489113.jpg,seller,0,1,0
sa_6392610.jpg,craftsman,0,1,0
sa_7862433.jpg,laborer,0,1,0
sa_9020098.jpg,boatman,0,0,1
sa_5773423.jpg,farmer,0,1,0
sa_5971015.jpg,farmer,0,2,0
sa_4708740.jpg,doctor,0,1,1
sa_10882712.jpg,boatman,1,0,0
sa_5663718.jpg,boatman,0,0,0
sa_793856.jpg,student,1,0,0
sa_6769691.jpg,lawman,0,0,0
sa_5775632.jpg,seller,0,0,0
sa_10405346.jpg,reporter,1,0,0
sa_2021746.jpg,lawman,0,1,0
sa_6327176.jpg,computer_user,0,0,0
sa_10687965.jpg,seller,0,0,1
sa_709935.jpg,tennis_player,0,0,0
sa_6127264.jpg,gardener,0,0,0
sa_3359718.jpg,lawman,1,1,0
sa_11026898.jpg,singer,0,1,0
sa_10607671.jpg,machinist,0,1,0
sa_1955138.jpg,gymnast,1,0,0
sa_2915163.jpg,lawman,0,0,0
sa_10960638.jpg,backpacker,0,1,0
sa_3940000.jpg,lawman,0,1,0
sa_3230375.jpg,motorcyclist,1,0,0
sa_3290265.jpg,speaker,1,0,0
sa_8799785.jpg,backpacker,0,1,0
sa_9665436.jpg,tennis_player,0,2,0
sa_1754024.jpg,singer,0,0,0
sa_181209.jpg,electrician,0,0,0
sa_3077697.jpg,speaker,0,0,0
sa_6145130.jpg,flutist,0,1,0
sa_1891614.jpg,farmer,1,1,0
sa_9908549.jpg,farmer,1,1,1
sa_9193959.jpg,singer,0,1,0
sa_3083431.jpg,seller,1,1,1
sa_4851356.jpg,lawman,0,1,0
sa_2650185.jpg,repairman,0,1,0
sa_289413.jpg,dancer,0,1,0
sa_5268769.jpg,motorcyclist,0,1,0
sa_1906129.jpg,computer_user,1,1,1
sa_5719742.jpg,guitarist,0,1,0
sa_2645754.jpg,gymnast,0,1,0
sa_1633853.jpg,lawman,0,0,0
sa_4850492.jpg,tennis_player,0,0,0
sa_7794544.jpg,craftsman,0,0,0
sa_6961358.jpg,computer_user,0,0,0
sa_4945313.jpg,student,0,1,0
sa_4006099.jpg,farmer,0,1,1
sa_9193061.jpg,gymnast,0,1,0
sa_1806884.jpg,referee,0,0,0
sa_9466259.jpg,sculptor,0,0,0
sa_7721419.jpg,machinist,0,0,0
sa_2133334.jpg,seller,1,0,0
sa_3308121.jpg,dancer,1,0,0
sa_133357.jpg,tennis_player,0,1,0
sa_10397073.jpg,climber,0,1,0
sa_9208660.jpg,waiter,0,0,0
sa_7874026.jpg,tennis_player,1,1,0
sa_6066893.jpg,dancer,0,0,0
sa_873102.jpg,guitarist,0,1,1
sa_7014620.jpg,guitarist,0,1,0
sa_8925201.jpg,gardener,0,1,0
sa_10686831.jpg,gymnast,1,0,0
sa_8506055.jpg,soldier,0,1,0
sa_7810572.jpg,lawman,0,0,0
sa_7225443.jpg,lawman,0,0,0
sa_9974182.jpg,boatman,1,1,0
sa_4599236.jpg,tennis_player,1,1,0
sa_10907435.jpg,climber,0,1,0
sa_2902662.jpg,prayer,1,0,0
sa_4253244.jpg,computer_user,0,0,0
sa_6865579.jpg,guitarist,0,1,0
sa_193585.jpg,computer_user,1,1,0
sa_552271.jpg,farmer,0,1,0
sa_5893898.jpg,dancer,0,0,0
sa_6090348.jpg,teacher,0,1,0
sa_9006481.jpg,boatman,0,0,0
sa_4569540.jpg,guard,0,1,0
sa_7946750.jpg,soldier,1,0,0
sa_432113.jpg,lawman,1,0,0
sa_5849874.jpg,lawman,0,0,0
sa_1070758.jpg,nurse,0,1,0
sa_85220.jpg,waiter,0,1,0
sa_10414725.jpg,waiter,0,0,0
sa_9350368.jpg,ballplayer,0,1,0
sa_6729835.jpg,hairdresser,0,1,1
sa_6632444.jpg,farmer,1,1,0
sa_3529498.jpg,repairman,0,1,0
sa_1164573.jpg,disk_jockey,0,1,0
sa_750387.jpg,drummer,1,0,0
sa_5240868.jpg,craftsman,0,0,0
sa_4505917.jpg,drummer,0,0,1
sa_2761099.jpg,tennis_player,0,0,0
sa_9644085.jpg,motorcyclist,0,0,0
sa_1913598.jpg,repairman,0,1,0
sa_11105497.jpg,laborer,0,1,0
sa_393092.jpg,seller,1,0,0
sa_4975636.jpg,seller,0,1,1
sa_421883.jpg,craftsman,1,0,0
sa_8685437.jpg,hairdresser,0,1,0
sa_2817963.jpg,tennis_player,0,0,0
sa_8262846.jpg,lawman,0,1,0
sa_2759479.jpg,tennis_player,0,1,0
sa_6141392.jpg,repairman,0,0,1
sa_8906211.jpg,repairman,0,1,0
sa_10230803.jpg,tennis_player,0,0,0
sa_175344.jpg,computer_user,0,0,0
sa_4053503.jpg,nurse,1,0,0
sa_8880533.jpg,painter,0,2,0
sa_9567716.jpg,painter,0,1,0
sa_7415396.jpg,machinist,0,1,0
sa_8601474.jpg,retailer,0,0,0
sa_4952497.jpg,speaker,1,0,0
sa_4761037.jpg,guitarist,0,0,0
sa_6464511.jpg,backpacker,0,0,0
sa_8488676.jpg,sculptor,0,1,0
sa_9672519.jpg,speaker,0,1,0
sa_3097518.jpg,doctor,0,0,0
sa_7854591.jpg,drummer,1,0,0
sa_1044996.jpg,skateboarder,0,0,0
sa_7383904.jpg,speaker,0,0,0
sa_6720454.jpg,retailer,1,1,1
sa_5063782.jpg,flutist,0,1,0
sa_8001740.jpg,laborer,0,1,0
sa_2125984.jpg,painter,0,0,0
sa_4029134.jpg,retailer,0,1,0
sa_1092456.jpg,disk_jockey,1,0,0
sa_3597129.jpg,trumpeter,0,1,0
sa_6001343.jpg,soccer_player,0,0,0
sa_9084398.jpg,doctor,1,1,0
sa_9756684.jpg,speaker,0,1,0
sa_4271903.jpg,disk_jockey,1,1,0
sa_9469391.jpg,lawman,0,0,0
sa_4444294.jpg,referee,0,0,0
sa_65584.jpg,tennis_player,0,0,0
sa_4239039.jpg,lawman,0,1,0
sa_396619.jpg,skateboarder,0,0,0
sa_5058521.jpg,singer,0,1,0
sa_4667146.jpg,basketball_player,0,0,0
sa_9738043.jpg,guitarist,0,0,0
sa_1404344.jpg,speaker,1,1,0
sa_5557948.jpg,climber,0,0,0
sa_8105562.jpg,singer,0,0,0
sa_10612841.jpg,horseman,0,0,0
sa_1572237.jpg,lawman,0,1,0
sa_617580.jpg,lawman,0,1,0
sa_1061896.jpg,craftsman,1,1,1
sa_450907.jpg,gymnast,0,1,0
sa_2762098.jpg,astronaut,0,1,0
sa_7141679.jpg,singer,1,0,0
sa_6202791.jpg,laborer,0,1,0
sa_8804868.jpg,horseman,1,0,0
sa_8616543.jpg,backpacker,0,1,0
sa_8323184.jpg,painter,1,1,0
sa_10131826.jpg,soldier,0,1,0
sa_7357450.jpg,horseman,1,0,0
sa_6789149.jpg,hairdresser,1,0,0
sa_3169383.jpg,tennis_player,0,0,0
sa_878229.jpg,gymnast,0,0,0
sa_5970600.jpg,nurse,0,1,0
sa_2987521.jpg,repairman,0,0,0
sa_2514494.jpg,repairman,0,1,0
sa_1344314.jpg,seller,0,0,0
sa_1218817.jpg,painter,1,0,0
sa_7848939.jpg,gardener,0,1,0
sa_10192568.jpg,singer,0,0,0
sa_251189.jpg,repairman,0,2,0
sa_11009888.jpg,seller,1,0,1
sa_3708123.jpg,lawman,0,1,0
sa_11065743.jpg,painter,1,0,0
sa_8875038.jpg,skateboarder,0,0,0
sa_9769922.jpg,gymnast,1,0,0
sa_10836573.jpg,seller,1,1,0
sa_4154127.jpg,craftsman,1,1,0
sa_7666183.jpg,craftsman,0,1,1
sa_2302108.jpg,seller,0,1,0
sa_8853368.jpg,student,1,0,0
sa_4869722.jpg,gymnast,1,0,0
sa_4781314.jpg,soccer_player,0,0,0
sa_10778239.jpg,craftsman,1,2,0
sa_8481601.jpg,basketball_player,0,0,0
sa_9162732.jpg,electrician,0,1,1
sa_5431500.jpg,trumpeter,0,0,0
sa_85109.jpg,flutist,0,1,1
sa_2026087.jpg,repairman,0,1,0
sa_9600694.jpg,guitarist,0,2,0
sa_10233299.jpg,lawman,0,0,0
sa_2872342.jpg,repairman,0,0,0
sa_8121563.jpg,lawman,1,0,0
sa_1112286.jpg,farmer,0,1,0
sa_7447425.jpg,soccer_player,0,1,0
sa_7217922.jpg,repairman,1,0,0
sa_5670857.jpg,repairman,0,0,0
sa_9614653.jpg,laborer,1,1,1
sa_2033270.jpg,speaker,1,1,0
sa_4395249.jpg,laborer,1,0,0
sa_7126067.jpg,craftsman,0,1,0
sa_6404650.jpg,seller,0,1,0
sa_6109886.jpg,electrician,0,0,0
sa_9639640.jpg,dancer,1,0,0
sa_10037638.jpg,guard,0,0,0
sa_11076917.jpg,tennis_player,0,0,0
sa_8728427.jpg,computer_user,0,2,0
sa_3033306.jpg,retailer,1,0,0
sa_2960554.jpg,gymnast,1,1,0
sa_5545159.jpg,craftsman,0,0,0
sa_10952700.jpg,skateboarder,0,1,0
sa_7716945.jpg,tennis_player,0,0,0
sa_2836447.jpg,farmer,1,1,0
sa_6397718.jpg,seller,0,1,0
sa_2399015.jpg,lawman,0,0,0
sa_8081548.jpg,guard,0,1,0
sa_11151035.jpg,speaker,1,1,0
sa_6047769.jpg,repairman,0,1,0
sa_9543656.jpg,computer_user,0,1,0
sa_883380.jpg,retailer,0,0,0
sa_8753416.jpg,lawman,0,1,0
sa_8882622.jpg,speaker,1,0,1
sa_2462558.jpg,backpacker,0,0,0
sa_1621492.jpg,tennis_player,0,0,0
sa_613398.jpg,machinist,1,1,0
sa_2508210.jpg,guard,0,0,0
sa_5254711.jpg,speaker,0,0,0
sa_8834557.jpg,skateboarder,0,0,0
sa_4855588.jpg,laborer,0,1,0
sa_4372887.jpg,repairman,0,0,0
sa_4911210.jpg,reporter,0,1,0
sa_3791673.jpg,farmer,1,1,1
sa_4900000.jpg,laborer,0,0,0
sa_9717412.jpg,computer_user,0,0,0
sa_8590991.jpg,lawman,0,2,0
sa_2830336.jpg,drummer,0,0,1
sa_9276526.jpg,soldier,0,0,0
sa_8262821.jpg,electrician,0,0,0
sa_2237616.jpg,hairdresser,0,0,1
sa_7566998.jpg,guitarist,0,1,0
sa_5792230.jpg,cheerleader,1,0,0
sa_9651310.jpg,soccer_player,0,1,0
sa_2486027.jpg,computer_user,1,1,0
sa_4236345.jpg,motorcyclist,0,2,0
sa_8491324.jpg,skateboarder,1,1,0
sa_6109451.jpg,seller,0,1,0
sa_2688776.jpg,motorcyclist,0,0,1
sa_7149420.jpg,gymnast,0,0,0
sa_9450445.jpg,dancer,1,0,0
sa_8933042.jpg,farmer,1,1,1
sa_222629.jpg,basketball_player,0,2,0
sa_8742444.jpg,painter,1,2,0
sa_514928.jpg,machinist,0,1,0
sa_4510339.jpg,machinist,1,0,0
sa_8549916.jpg,singer,1,0,0
sa_3592745.jpg,ballplayer,0,1,0
sa_2171985.jpg,guard,0,0,0
sa_10287071.jpg,prayer,0,1,0
sa_235749.jpg,farmer,1,1,0
sa_2538263.jpg,lifeguard,0,2,0
sa_8181767.jpg,horseman,0,1,0
sa_10103571.jpg,sculptor,1,1,0
sa_2196879.jpg,speaker,0,0,1
sa_5416979.jpg,tennis_player,0,1,0
sa_5703334.jpg,soccer_player,0,1,0
sa_5161314.jpg,ballplayer,0,0,0
sa_4481805.jpg,soldier,0,0,0
sa_3214761.jpg,reporter,1,0,0
sa_6763384.jpg,computer_user,0,1,0
sa_5316272.jpg,tennis_player,0,1,0
sa_6044169.jpg,singer,1,0,0
sa_5697393.jpg,painter,0,0,0
sa_6530836.jpg,guitarist,0,0,0
sa_10406315.jpg,speaker,0,1,0
sa_1925343.jpg,speaker,0,1,0
sa_2422413.jpg,lawman,1,1,0
sa_2167572.jpg,boatman,0,1,1
sa_10907172.jpg,retailer,1,0,0
sa_10971629.jpg,guitarist,0,1,1
sa_6240695.jpg,repairman,0,0,0
sa_5209591.jpg,tennis_player,0,1,0
sa_4098479.jpg,horseman,1,1,0
sa_2456073.jpg,repairman,0,0,0
sa_7855721.jpg,speaker,1,1,0
sa_5764334.jpg,tennis_player,0,0,0
sa_155581.jpg,backpacker,0,1,0
sa_6945293.jpg,craftsman,0,2,0
sa_2747152.jpg,painter,1,0,0
sa_9115110.jpg,tennis_player,0,1,0
sa_7525142.jpg,lawman,0,1,0
sa_5358456.jpg,prayer,0,1,0
sa_8436251.jpg,seller,1,1,0
sa_6392055.jpg,painter,0,0,0
sa_3878072.jpg,laborer,0,0,0
sa_5415598.jpg,boatman,1,0,0
sa_6900158.jpg,craftsman,0,1,0
sa_4374611.jpg,tennis_player,0,0,0
sa_3284254.jpg,lawman,0,0,0
sa_4485442.jpg,guitarist,0,0,0
sa_2318678.jpg,lawman,0,0,0
sa_9412606.jpg,doctor,1,1,0
sa_9189009.jpg,boatman,0,2,0
sa_5445869.jpg,laborer,0,0,0
sa_3644708.jpg,singer,0,1,0
sa_8024729.jpg,backpacker,0,0,0
sa_460710.jpg,laborer,0,2,0
sa_5965867.jpg,gymnast,0,0,0
sa_2086913.jpg,guitarist,0,0,0
sa_2765932.jpg,craftsman,0,1,1
sa_4944996.jpg,craftsman,0,1,0
sa_5482115.jpg,speaker,0,0,1
sa_7246914.jpg,singer,0,0,0
sa_9543143.jpg,computer_user,1,0,0
sa_8642064.jpg,computer_user,0,0,0
sa_7048524.jpg,guard,0,0,0
sa_4536294.jpg,soccer_player,0,2,0
sa_9688690.jpg,speaker,0,0,0
sa_883639.jpg,trumpeter,0,0,0
sa_5777476.jpg,repairman,1,1,0
sa_2121026.jpg,laborer,1,0,0
sa_8971705.jpg,guard,0,0,0
sa_9645566.jpg,farmer,1,2,1
sa_5065532.jpg,patient,0,1,0
sa_1549442.jpg,retailer,1,0,0
sa_6993429.jpg,lawman,0,0,0
sa_10964921.jpg,guard,0,1,0
sa_5587067.jpg,student,0,0,0
sa_4611976.jpg,farmer,0,1,1
sa_2495482.jpg,computer_user,0,1,0
sa_3332121.jpg,guitarist,0,0,0
sa_9767083.jpg,lifeguard,0,1,0
sa_10649176.jpg,teacher,0,0,0
sa_5936740.jpg,prayer,0,0,0
sa_7231886.jpg,tennis_player,1,1,0
sa_4832168.jpg,painter,0,1,0
sa_4473609.jpg,doctor,1,0,0
sa_6279753.jpg,seller,0,1,0
sa_2053831.jpg,lawman,0,0,0
sa_4656480.jpg,motorcyclist,1,1,0
sa_4472891.jpg,lawman,0,0,0
sa_2829838.jpg,soccer_player,0,0,0
sa_2708629.jpg,reporter,1,1,0
sa_9801986.jpg,skateboarder,0,0,0
sa_10528573.jpg,patient,1,1,0
sa_8060060.jpg,horseman,1,0,0
sa_4189427.jpg,runner,0,0,0
sa_3917200.jpg,repairman,0,1,0
sa_6103504.jpg,doctor,0,0,1
sa_193889.jpg,ballplayer,0,1,0
sa_7748642.jpg,tennis_player,1,0,0
sa_728560.jpg,waiter,0,0,0
sa_10538612.jpg,carpenter,0,1,0
sa_10559967.jpg,climber,0,0,0
sa_4017070.jpg,guitarist,0,0,0
sa_1881620.jpg,farmer,0,1,0
sa_302409.jpg,singer,1,0,0
sa_10780349.jpg,carpenter,0,0,0
sa_9393812.jpg,backpacker,0,0,0
sa_379520.jpg,speaker,0,0,1
sa_4542614.jpg,backpacker,0,0,0
sa_6810217.jpg,painter,0,1,0
sa_4766449.jpg,hairdresser,0,1,0
sa_6763881.jpg,lawman,0,0,0
sa_9288826.jpg,tennis_player,0,1,0
sa_2754607.jpg,lawman,0,1,0
sa_1840241.jpg,guard,0,1,1
sa_945083.jpg,guard,0,1,0
sa_5867941.jpg,painter,0,1,0
sa_991973.jpg,guard,0,1,0
sa_8066897.jpg,disk_jockey,0,0,0
sa_1170057.jpg,disk_jockey,0,1,0
sa_6820867.jpg,fireman,1,0,0
sa_1805012.jpg,tennis_player,0,0,0
sa_774313.jpg,skateboarder,0,1,0
sa_2506085.jpg,tennis_player,0,0,0
sa_2130954.jpg,electrician,0,1,0
sa_7254841.jpg,seller,0,1,0
sa_8531733.jpg,tennis_player,0,1,0
sa_10750369.jpg,skateboarder,0,1,0
sa_1235853.jpg,horseman,1,0,0
sa_7261667.jpg,seller,1,1,1
sa_7544197.jpg,referee,0,1,0
sa_2614847.jpg,laborer,1,1,0
sa_9383069.jpg,prayer,0,1,0
sa_170106.jpg,laborer,0,0,0
sa_9964194.jpg,laborer,0,1,0
sa_338489.jpg,craftsman,0,0,1
sa_5923063.jpg,seller,1,1,0
sa_136793.jpg,lawman,0,1,1
sa_2524025.jpg,doctor,0,1,0
sa_4321306.jpg,singer,0,1,1
sa_2038959.jpg,hairdresser,0,1,1
sa_7382872.jpg,lawman,0,0,0
sa_3311999.jpg,referee,1,0,0
sa_4392477.jpg,tennis_player,1,0,0
sa_7970208.jpg,lawman,0,0,0
sa_3070246.jpg,drummer,0,1,0
sa_10166336.jpg,speaker,1,0,0
sa_206044.jpg,flutist,0,1,0
sa_6598653.jpg,speaker,0,0,0
sa_9453530.jpg,dancer,0,0,0
sa_7158794.jpg,horseman,1,0,0
sa_7898464.jpg,fireman,0,1,0
sa_2891157.jpg,seller,0,1,0
sa_10907584.jpg,computer_user,0,1,0
sa_8215709.jpg,tennis_player,1,0,0
sa_9982083.jpg,tennis_player,0,1,0
sa_7750365.jpg,farmer,1,1,0
sa_8284569.jpg,singer,0,0,0
sa_9381430.jpg,tennis_player,1,1,0
sa_9687505.jpg,ballplayer,0,2,0
sa_7510865.jpg,repairman,0,1,0
sa_7115295.jpg,hairdresser,0,0,1
sa_5138287.jpg,computer_user,0,1,0
sa_10055900.jpg,repairman,0,1,0
sa_923167.jpg,gardener,1,0,1
sa_6905006.jpg,speaker,0,0,1
sa_4302320.jpg,guard,0,1,0
sa_457730.jpg,guitarist,0,1,0
sa_4375506.jpg,painter,0,0,0
sa_8325013.jpg,retailer,1,1,0
sa_4084482.jpg,laborer,0,0,0
sa_1506562.jpg,patient,1,0,0
sa_2261103.jpg,speaker,0,2,0
sa_5292335.jpg,speaker,0,1,1
sa_6396822.jpg,farmer,1,1,0
sa_2199586.jpg,gardener,0,1,0
sa_2011506.jpg,referee,0,0,0
sa_10770169.jpg,disk_jockey,0,0,0
sa_3960702.jpg,computer_user,1,0,0
sa_3570039.jpg,tennis_player,0,0,0
sa_4900003.jpg,lawman,0,1,0
sa_4100616.jpg,guard,0,0,0
sa_3741140.jpg,fireman,1,0,0
sa_9710238.jpg,farmer,0,0,0
sa_1380320.jpg,repairman,0,1,0
sa_10205783.jpg,gardener,1,1,0
sa_4027835.jpg,repairman,0,1,0
sa_2424804.jpg,trumpeter,0,0,1
sa_4804320.jpg,gymnast,0,0,0
sa_1671385.jpg,singer,0,0,0
sa_2540798.jpg,backpacker,1,1,0
sa_5356265.jpg,computer_user,1,1,0
sa_7521488.jpg,guard,0,0,0
sa_4969195.jpg,horseman,1,0,0
sa_8075596.jpg,seller,0,1,1
sa_3825781.jpg,singer,1,0,0
sa_9539124.jpg,tennis_player,0,1,0
sa_8879776.jpg,gardener,0,1,0
sa_9072603.jpg,skateboarder,0,0,0
sa_1244603.jpg,guitarist,0,1,0
sa_6650765.jpg,repairman,0,0,0
sa_6951504.jpg,backpacker,0,0,0
sa_3795257.jpg,lawman,0,1,0
sa_6725532.jpg,seller,1,1,1
sa_6090800.jpg,repairman,0,0,0
sa_2880179.jpg,fireman,0,1,0
sa_5663765.jpg,horseman,0,0,0
sa_1682354.jpg,tennis_player,0,1,0
sa_5179643.jpg,hairdresser,1,1,0
sa_1019825.jpg,doctor,1,1,0
sa_2467028.jpg,singer,0,0,0
sa_3010375.jpg,boatman,0,1,0
sa_10507606.jpg,carpenter,0,1,0
sa_1535790.jpg,seller,0,1,0
sa_9140728.jpg,backpacker,0,0,0
sa_3177121.jpg,hairdresser,0,0,1
sa_2328490.jpg,painter,0,1,0
sa_2270558.jpg,tennis_player,0,1,0
sa_1015480.jpg,farmer,0,2,1
sa_975136.jpg,reporter,1,0,0
sa_6231379.jpg,motorcyclist,1,1,0
sa_11144181.jpg,soldier,0,0,0
sa_3741316.jpg,farmer,0,2,1
sa_7572094.jpg,singer,0,0,0
sa_5685791.jpg,patient,0,0,0
sa_2519912.jpg,gymnast,1,1,0
sa_6011925.jpg,hairdresser,0,1,0
sa_4717962.jpg,skateboarder,0,0,0
sa_9666634.jpg,drummer,0,1,0
sa_5314825.jpg,tennis_player,1,1,0
sa_3559569.jpg,singer,0,0,0
sa_5424912.jpg,runner,1,0,1
sa_10324089.jpg,fireman,0,0,0
sa_5742296.jpg,gardener,0,0,0
sa_7602163.jpg,boatman,1,1,0
sa_6018043.jpg,guard,1,0,0
sa_5973620.jpg,drummer,0,1,0
sa_2945348.jpg,guitarist,1,0,0
sa_2228112.jpg,backpacker,0,0,0
sa_2245196.jpg,guard,1,0,0
sa_3738839.jpg,singer,0,1,0
sa_6623032.jpg,painter,0,1,0
sa_5621385.jpg,tennis_player,0,0,0
sa_3509531.jpg,soldier,0,1,0
sa_5881243.jpg,farmer,1,1,1
sa_3064041.jpg,sculptor,0,1,0
sa_8693371.jpg,guitarist,1,1,0
sa_7458540.jpg,lawman,0,0,0
sa_8535628.jpg,flutist,0,0,0
sa_9813453.jpg,electrician,0,1,0
sa_3991920.jpg,speaker,0,0,0
sa_8445254.jpg,painter,0,0,0
sa_7470507.jpg,lawman,0,1,0
sa_7128576.jpg,lawman,0,1,0
sa_214704.jpg,cheerleader,1,2,0
sa_4510081.jpg,backpacker,0,0,0
sa_8649784.jpg,dancer,1,0,0
sa_5294613.jpg,prayer,1,0,0
sa_6123845.jpg,flutist,0,0,0
sa_105145.jpg,referee,0,1,0
sa_10853214.jpg,backpacker,1,1,0
sa_8459875.jpg,seller,1,0,0
sa_307619.jpg,prayer,0,1,0
sa_7416617.jpg,laborer,1,0,0
sa_1842937.jpg,backpacker,0,0,0
sa_3441128.jpg,electrician,0,0,0
sa_2484071.jpg,lawman,0,1,0
sa_1000587.jpg,gardener,1,1,0
sa_171324.jpg,gymnast,1,0,0
sa_11065651.jpg,laborer,0,1,0
sa_10988490.jpg,teacher,0,0,0
sa_9198925.jpg,seller,0,0,1
sa_3851867.jpg,gymnast,0,1,0
sa_7928117.jpg,trumpeter,0,0,0
sa_5520569.jpg,hairdresser,1,0,0
sa_5508910.jpg,gymnast,0,1,0
sa_6334655.jpg,painter,0,1,0
sa_10478825.jpg,gymnast,0,1,0
sa_2322439.jpg,repairman,0,1,1
sa_357269.jpg,farmer,0,1,0
sa_8478278.jpg,gardener,0,1,0
sa_5693869.jpg,lawman,1,1,0
sa_9134357.jpg,skateboarder,0,0,0
sa_5887885.jpg,tennis_player,1,0,0
sa_1157718.jpg,patient,0,1,0
sa_294072.jpg,horseman,0,0,0
sa_4822550.jpg,laborer,0,1,0
sa_671005.jpg,painter,1,1,0
sa_44489.jpg,laborer,0,1,0
sa_2405534.jpg,computer_user,1,0,0
sa_9733985.jpg,craftsman,1,1,0
sa_8449552.jpg,repairman,0,1,0
sa_3688718.jpg,skateboarder,0,1,0
sa_9085771.jpg,singer,0,1,0
sa_4646511.jpg,drummer,0,2,0
sa_8531143.jpg,boatman,0,1,0
sa_7539194.jpg,backpacker,0,0,0
sa_8200580.jpg,farmer,0,1,1
sa_7795286.jpg,lifeguard,0,0,0
sa_6897308.jpg,patient,0,1,1
sa_4762135.jpg,waiter,0,0,0
sa_5338645.jpg,lawman,0,0,0
sa_5827074.jpg,lawman,0,0,0
sa_11116525.jpg,carpenter,0,1,0
sa_8868611.jpg,teacher,1,0,0
sa_562611.jpg,waiter,1,1,0
sa_9650867.jpg,patient,0,1,0
sa_1166357.jpg,speaker,0,0,0
sa_1156329.jpg,carpenter,0,2,0
sa_5279727.jpg,soccer_player,0,0,0
sa_8098666.jpg,speaker,0,1,0
sa_8361200.jpg,lawman,1,0,0
sa_8791841.jpg,farmer,1,0,0
sa_3515970.jpg,skateboarder,0,1,0
sa_399835.jpg,farmer,0,0,0
sa_619042.jpg,painter,0,0,0
sa_7025663.jpg,lawman,0,0,0
sa_7831326.jpg,repairman,0,1,0
sa_6271978.jpg,doctor,1,1,0
sa_5956810.jpg,computer_user,0,1,0
sa_4321061.jpg,retailer,1,1,0
sa_8205764.jpg,tennis_player,0,1,0
sa_11011389.jpg,seller,0,1,0
sa_1999757.jpg,backpacker,0,1,0
sa_4171209.jpg,farmer,0,1,1
sa_4381570.jpg,painter,1,0,0
sa_10377808.jpg,tennis_player,0,1,0
sa_8329563.jpg,doctor,0,0,0
sa_2078338.jpg,seller,1,1,0
sa_1519799.jpg,guitarist,0,1,0
sa_6160073.jpg,laborer,0,1,0
sa_6818331.jpg,tennis_player,0,0,0
sa_2523760.jpg,gymnast,1,0,0
sa_3094971.jpg,basketball_player,0,0,0
sa_2151352.jpg,nurse,0,1,1
sa_954156.jpg,climber,1,1,0
sa_5345940.jpg,electrician,0,1,1
sa_3925629.jpg,boatman,1,1,0
sa_9683585.jpg,speaker,0,0,1
sa_9857894.jpg,tennis_player,1,1,0
sa_7967560.jpg,guitarist,0,1,0
sa_10217715.jpg,patient,0,2,1
sa_10872363.jpg,speaker,0,1,0
sa_10331493.jpg,speaker,0,1,0
sa_218147.jpg,soldier,0,0,0
sa_1907242.jpg,repairman,0,1,0
sa_6428975.jpg,singer,0,0,0
sa_5947289.jpg,soldier,0,2,0
sa_7602647.jpg,tennis_player,0,1,0
sa_9051874.jpg,singer,0,0,0
sa_8375894.jpg,lawman,0,0,0
sa_9738217.jpg,drummer,0,0,0
sa_1899289.jpg,patient,1,0,0
sa_2473288.jpg,basketball_player,0,1,0
sa_8045602.jpg,lawman,0,0,0
sa_4674996.jpg,computer_user,1,0,0
sa_3310451.jpg,guitarist,0,0,0
sa_5407001.jpg,retailer,1,1,0
sa_1335531.jpg,reporter,1,1,0
sa_699490.jpg,patient,1,0,1
sa_4140639.jpg,soldier,0,1,0
sa_7731889.jpg,computer_user,0,0,0
sa_3287971.jpg,singer,0,0,0
sa_10268129.jpg,drummer,0,0,0
sa_6554170.jpg,basketball_player,0,0,0
sa_10711321.jpg,lawman,0,0,0
sa_2061755.jpg,horseman,0,1,1
sa_1311732.jpg,referee,0,1,0
sa_6489280.jpg,guitarist,0,0,0
sa_5498550.jpg,boatman,0,0,0
sa_5551843.jpg,farmer,0,1,0
sa_3041513.jpg,guard,0,0,0
sa_539026.jpg,computer_user,0,0,0
sa_9273604.jpg,speaker,0,0,0
sa_9991051.jpg,hairdresser,0,1,0
sa_550713.jpg,repairman,0,0,0
sa_3913210.jpg,speaker,0,0,1
sa_7285535.jpg,gardener,0,1,0
sa_3126013.jpg,lawman,0,0,0
sa_640772.jpg,guard,0,1,0
sa_8296113.jpg,boatman,1,1,0
sa_821473.jpg,retailer,0,1,0
sa_411189.jpg,skateboarder,0,0,0
sa_92766.jpg,disk_jockey,0,1,0
sa_9828258.jpg,skateboarder,0,1,0
sa_8662139.jpg,painter,0,1,0
sa_2019420.jpg,lawman,0,1,0
sa_8910590.jpg,computer_user,0,1,0
sa_9847532.jpg,tennis_player,0,1,0
sa_5265842.jpg,guitarist,0,0,0
sa_4565983.jpg,guitarist,1,0,0
sa_2522947.jpg,runner,0,0,0
sa_4486723.jpg,lawman,0,0,1
sa_1471860.jpg,carpenter,0,1,0
sa_7077369.jpg,farmer,0,1,1
sa_7134186.jpg,craftsman,0,2,1
sa_121431.jpg,speaker,0,1,0
sa_4208469.jpg,skateboarder,0,1,0
sa_10145070.jpg,machinist,0,1,0
sa_8800227.jpg,speaker,1,1,1
sa_10326242.jpg,farmer,1,1,0
sa_6199819.jpg,skateboarder,0,1,0
sa_3681846.jpg,basketball_player,0,1,0
sa_6267679.jpg,reporter,1,0,0
sa_2165697.jpg,tennis_player,1,0,0
sa_6958487.jpg,backpacker,0,0,0
sa_1695431.jpg,repairman,0,0,0
sa_8981825.jpg,boatman,1,0,0
sa_10321722.jpg,referee,0,0,0
sa_6481738.jpg,speaker,0,0,0
sa_8384637.jpg,speaker,1,0,0
sa_1213006.jpg,retailer,0,0,0
sa_2165013.jpg,fireman,0,1,0
sa_3947046.jpg,repairman,0,0,0
sa_122118.jpg,speaker,0,0,0
sa_3006238.jpg,craftsman,1,2,0
sa_9914869.jpg,basketball_player,0,0,0
sa_1434941.jpg,tennis_player,0,1,0
sa_9271817.jpg,speaker,0,0,0
sa_3026543.jpg,reporter,0,1,0
sa_9410243.jpg,motorcyclist,0,1,0
sa_884085.jpg,skateboarder,0,0,0
sa_8204962.jpg,student,0,1,0
sa_4592660.jpg,skateboarder,0,1,0
sa_8366068.jpg,lawman,0,1,0
sa_11103373.jpg,seller,0,1,0
sa_4303624.jpg,tennis_player,1,0,0
sa_172698.jpg,singer,1,0,0
sa_4333102.jpg,speaker,0,1,0
sa_9092147.jpg,tennis_player,0,0,0
sa_9379714.jpg,boatman,0,1,0
sa_3602053.jpg,trumpeter,1,1,0
sa_6843583.jpg,speaker,0,0,0
sa_4903239.jpg,nurse,0,0,0
sa_10392268.jpg,referee,1,0,0
sa_9802100.jpg,student,1,1,0
sa_5464396.jpg,disk_jockey,0,1,0
sa_9128462.jpg,speaker,0,0,1
sa_9632875.jpg,speaker,0,1,1
sa_9754337.jpg,craftsman,0,1,0
sa_3937605.jpg,soldier,0,2,0
sa_3284120.jpg,gymnast,1,0,0
sa_8584349.jpg,gymnast,0,1,0
sa_3846391.jpg,gymnast,0,0,0
sa_7928072.jpg,gymnast,0,0,0
sa_4258410.jpg,craftsman,1,1,0
sa_8503838.jpg,flutist,0,0,0
sa_141189.jpg,motorcyclist,0,0,0
sa_6556219.jpg,lawman,0,1,0
sa_9541654.jpg,hairdresser,0,1,0
sa_7025570.jpg,boatman,1,1,1
sa_1872123.jpg,farmer,0,0,1
sa_3328640.jpg,boatman,1,1,0
sa_3244011.jpg,computer_user,1,0,0
sa_6045570.jpg,prayer,0,0,0
sa_3896509.jpg,prayer,1,1,0
sa_5782460.jpg,astronaut,0,1,0
sa_1937249.jpg,tennis_player,0,0,0
sa_2422856.jpg,lawman,0,0,0
sa_9967068.jpg,lawman,0,0,0
sa_1422628.jpg,painter,0,2,0
sa_10554399.jpg,dancer,1,0,0
sa_5208466.jpg,repairman,0,0,0
sa_8800266.jpg,tennis_player,0,0,0
sa_8110424.jpg,waiter,1,0,0
sa_2804240.jpg,laborer,1,0,0
sa_2972077.jpg,seller,0,0,1
sa_7089237.jpg,guitarist,0,1,1
sa_1877705.jpg,guitarist,0,1,0
sa_525583.jpg,boatman,1,0,0
sa_1350539.jpg,seller,1,0,0
sa_7588771.jpg,horseman,0,0,0
sa_6231849.jpg,gymnast,0,0,0
sa_11105412.jpg,laborer,0,2,0
sa_1921457.jpg,backpacker,1,0,0
sa_5478289.jpg,soldier,0,0,0
sa_821708.jpg,farmer,1,2,0
sa_4566632.jpg,boatman,1,0,0
sa_5261645.jpg,singer,1,2,0
sa_8915219.jpg,craftsman,1,0,0
sa_3322705.jpg,boatman,1,0,0
sa_9672735.jpg,hairdresser,1,1,0
sa_5590994.jpg,doctor,0,1,0
sa_3608404.jpg,bartender,0,0,0
sa_9297038.jpg,tennis_player,0,0,0
sa_10136125.jpg,soldier,0,0,0
sa_5217137.jpg,seller,0,1,0
sa_10746462.jpg,waiter,0,0,0
sa_7870312.jpg,student,1,1,0
sa_1807941.jpg,seller,1,0,0
sa_6572068.jpg,laborer,0,1,0
sa_4470065.jpg,tennis_player,0,1,0
sa_1094149.jpg,ballplayer,0,0,0
sa_10355425.jpg,carpenter,0,1,0
sa_6568618.jpg,tennis_player,0,0,0
sa_5835600.jpg,retailer,1,1,0
sa_2073177.jpg,gymnast,0,0,0
sa_11176995.jpg,skateboarder,0,1,0
sa_8731912.jpg,laborer,0,1,0
sa_5150440.jpg,tennis_player,1,1,0
sa_332707.jpg,backpacker,1,0,1
sa_1586631.jpg,tennis_player,0,0,0
sa_6712525.jpg,nurse,1,0,0
sa_9529408.jpg,lawman,0,0,0
sa_11039142.jpg,teacher,0,1,0
sa_1138150.jpg,seller,1,0,0
sa_1875727.jpg,soldier,0,0,0
sa_3605795.jpg,retailer,0,0,0
sa_3332908.jpg,repairman,0,0,0
sa_6989051.jpg,motorcyclist,1,0,0
sa_7545469.jpg,laborer,0,1,0
sa_3136929.jpg,lawman,0,0,0
sa_3081831.jpg,seller,0,2,0
sa_2123073.jpg,soldier,0,0,0
sa_5446194.jpg,electrician,0,1,0
sa_9962278.jpg,electrician,0,1,0
sa_4773960.jpg,repairman,0,1,0
sa_6138107.jpg,basketball_player,0,1,0
sa_6764469.jpg,lawman,0,0,0
sa_4164230.jpg,guard,0,0,0
sa_2571356.jpg,speaker,0,2,0
sa_10935881.jpg,climber,0,1,0
sa_7456872.jpg,repairman,0,1,0
sa_1574246.jpg,laborer,0,1,0
sa_5734484.jpg,boatman,1,0,0
sa_3592016.jpg,student,0,1,0
sa_6900238.jpg,tennis_player,0,0,0
sa_5117143.jpg,lawman,0,0,0
sa_10544684.jpg,dancer,1,1,0
sa_9587863.jpg,soccer_player,0,1,0
sa_2402536.jpg,horseman,1,1,0
sa_9830741.jpg,drummer,0,0,0
sa_1964654.jpg,skateboarder,0,1,0
sa_5011257.jpg,teacher,1,1,0
sa_256057.jpg,craftsman,0,0,0
sa_7664429.jpg,backpacker,0,0,0
sa_7372259.jpg,tennis_player,0,1,0
sa_499574.jpg,tennis_player,0,0,0
sa_8024399.jpg,retailer,1,1,0
sa_4296583.jpg,backpacker,0,1,0
sa_2268699.jpg,tennis_player,0,1,0
sa_4565722.jpg,speaker,0,0,0
sa_5938643.jpg,boatman,1,0,0
sa_9280380.jpg,machinist,0,1,0
sa_4683142.jpg,boatman,1,0,0
sa_10238638.jpg,machinist,0,0,0
sa_5486273.jpg,speaker,0,1,0
sa_2293564.jpg,lawman,0,0,0
sa_6322307.jpg,referee,0,0,0
sa_626615.jpg,farmer,0,2,0
sa_6399343.jpg,guard,0,0,0
sa_5351123.jpg,lawman,0,0,0
sa_9868002.jpg,gymnast,1,0,0
sa_3497786.jpg,painter,0,0,1
sa_1389558.jpg,guard,0,1,1
sa_8683477.jpg,speaker,0,1,0
sa_6850553.jpg,soldier,0,1,0
sa_1857576.jpg,gymnast,0,0,0
sa_11109897.jpg,lawman,0,0,0
sa_9720659.jpg,bartender,1,1,0
sa_10349971.jpg,soccer_player,0,0,0
sa_3787499.jpg,singer,0,0,1
sa_3500444.jpg,skateboarder,0,0,0
sa_5472108.jpg,machinist,0,1,0
sa_4078602.jpg,speaker,0,0,0
sa_9861519.jpg,tennis_player,0,0,0
sa_2804392.jpg,seller,1,1,0
sa_3182053.jpg,patient,0,1,0
sa_8286524.jpg,soldier,0,1,0
sa_5702076.jpg,repairman,0,1,0
sa_10018008.jpg,soccer_player,0,0,0
sa_6411927.jpg,nurse,1,2,0
sa_2804238.jpg,lawman,0,1,0
sa_2739735.jpg,computer_user,0,0,0
sa_2602975.jpg,dancer,0,0,0
sa_4189148.jpg,horseman,1,0,0
sa_8802317.jpg,painter,0,1,0
sa_4458927.jpg,tennis_player,0,1,0
sa_1044004.jpg,machinist,0,0,0
sa_6221656.jpg,tennis_player,1,1,0
sa_10746313.jpg,soldier,0,0,0
sa_6333430.jpg,waiter,0,1,0
sa_6636908.jpg,boatman,1,0,0
sa_3949870.jpg,farmer,0,1,0
sa_6322881.jpg,painter,1,0,0
sa_10728795.jpg,laborer,0,1,0
sa_4275220.jpg,speaker,0,0,1
sa_4389209.jpg,tennis_player,0,1,0
sa_4536520.jpg,ballplayer,0,1,0
sa_815675.jpg,electrician,0,1,0
sa_7766553.jpg,machinist,0,1,1
sa_2243691.jpg,speaker,1,0,0
sa_9170580.jpg,boatman,0,1,1
sa_5465259.jpg,tennis_player,1,0,0
sa_2374557.jpg,repairman,0,1,0
sa_9932147.jpg,lifeguard,0,1,0
sa_10508152.jpg,motorcyclist,1,0,0
sa_3916140.jpg,doctor,0,1,0
sa_28116.jpg,motorcyclist,1,0,0
sa_9532381.jpg,gymnast,1,1,0
sa_5575586.jpg,motorcyclist,1,0,0
sa_8883093.jpg,gymnast,0,1,0
sa_1656795.jpg,boatman,0,1,0
sa_1951379.jpg,backpacker,0,1,0
sa_6272134.jpg,tennis_player,0,1,0
sa_10690469.jpg,boatman,0,1,1
sa_1926218.jpg,hairdresser,0,1,0
sa_6318441.jpg,tennis_player,0,0,0
sa_9059930.jpg,teacher,1,0,0
sa_7410919.jpg,horseman,0,1,0
sa_4248881.jpg,tennis_player,0,0,0
sa_6002862.jpg,retailer,1,1,0
sa_10523389.jpg,gymnast,0,0,0
sa_1037518.jpg,painter,0,1,0
sa_7484202.jpg,farmer,0,1,0
sa_8277993.jpg,prayer,1,1,0
sa_8615423.jpg,guard,0,1,0
sa_6649688.jpg,tennis_player,1,1,0
sa_4655396.jpg,lawman,0,0,0
sa_4207548.jpg,singer,0,1,0
sa_10558184.jpg,computer_user,1,1,0
sa_6345569.jpg,farmer,0,1,0
sa_7378755.jpg,speaker,0,0,0
sa_4335022.jpg,tennis_player,0,1,0
sa_248007.jpg,singer,1,0,0
sa_3490865.jpg,lawman,0,0,0
sa_817450.jpg,speaker,0,1,0
sa_6765373.jpg,basketball_player,0,0,0
sa_4457012.jpg,drummer,0,1,0
sa_7499019.jpg,gardener,1,0,0
sa_2863417.jpg,student,1,0,0
sa_6676812.jpg,climber,1,0,0
sa_6059894.jpg,singer,1,1,0
sa_6434055.jpg,disk_jockey,0,0,0
sa_6310763.jpg,seller,0,1,0
sa_7548784.jpg,hairdresser,0,1,0
sa_1473666.jpg,guard,0,0,0
sa_10936162.jpg,referee,0,0,0
sa_1872485.jpg,tennis_player,1,1,0
sa_219093.jpg,seller,0,0,0
sa_8545759.jpg,tennis_player,1,1,0
sa_7366795.jpg,climber,0,0,0
sa_4917452.jpg,skateboarder,0,0,0
sa_3986314.jpg,repairman,0,1,0
sa_3607185.jpg,nurse,1,1,0
sa_1762069.jpg,speaker,0,0,0
sa_2892263.jpg,gymnast,0,0,0
sa_10237142.jpg,speaker,0,1,0
sa_10415991.jpg,singer,0,0,1
sa_5055384.jpg,skateboarder,0,0,0
sa_7990914.jpg,lawman,0,0,0
sa_9783821.jpg,speaker,0,0,1
sa_8855408.jpg,tennis_player,0,1,0
sa_6758584.jpg,laborer,0,1,0
sa_8521269.jpg,speaker,0,0,0
sa_3228452.jpg,disk_jockey,1,2,0
sa_10628929.jpg,seller,1,1,0
sa_8847775.jpg,retailer,0,1,0
sa_10929335.jpg,hairdresser,0,0,0
sa_3929565.jpg,tennis_player,0,0,0
sa_3995214.jpg,tennis_player,0,0,0
sa_771639.jpg,ballplayer,0,0,0
sa_8132438.jpg,repairman,1,0,0
sa_3322289.jpg,tennis_player,0,0,0
sa_1023923.jpg,lawman,0,0,0
sa_7671723.jpg,motorcyclist,1,1,0
sa_5165751.jpg,teacher,0,0,0
sa_3178511.jpg,skateboarder,0,0,0
sa_1078377.jpg,reporter,1,0,0
sa_11054807.jpg,craftsman,0,1,0
sa_8302225.jpg,horseman,0,0,0
sa_353187.jpg,laborer,1,1,0
sa_9105868.jpg,repairman,1,1,0
sa_3936284.jpg,seller,1,1,0
sa_6625129.jpg,boatman,1,1,0
sa_9768925.jpg,tennis_player,1,0,0
sa_1163195.jpg,lifeguard,0,0,0
sa_5807865.jpg,speaker,0,1,1
sa_1434180.jpg,drummer,1,0,0
sa_955244.jpg,singer,1,0,0
sa_2219826.jpg,farmer,1,0,0
sa_7788340.jpg,backpacker,0,1,0
sa_4851169.jpg,tennis_player,0,0,0
sa_4441588.jpg,trumpeter,0,0,0
sa_1367143.jpg,patient,0,1,1
sa_7508726.jpg,hairdresser,0,0,0
sa_5900988.jpg,dancer,0,1,0
sa_4582699.jpg,horseman,1,1,0
sa_6323267.jpg,computer_user,1,0,0
sa_5504345.jpg,tennis_player,0,1,0
sa_7500813.jpg,lawman,0,0,0
sa_9133387.jpg,farmer,0,1,0
sa_9100640.jpg,hairdresser,0,0,0
sa_3750715.jpg,gymnast,1,0,0
sa_4897924.jpg,tennis_player,1,1,0
sa_3605596.jpg,machinist,0,0,0
sa_1024337.jpg,craftsman,0,0,1
sa_3348897.jpg,fireman,0,1,0
sa_823481.jpg,dancer,1,0,0
sa_3012396.jpg,boatman,1,0,0
sa_6082589.jpg,bartender,0,0,0
sa_169668.jpg,doctor,0,0,0
sa_6868023.jpg,seller,1,0,0
sa_569212.jpg,repairman,0,0,0
sa_6284506.jpg,carpenter,0,0,0
sa_2632960.jpg,farmer,1,1,0
sa_2010303.jpg,nurse,1,1,0
sa_3626447.jpg,climber,0,1,0
sa_10753299.jpg,lawman,0,0,0
sa_10675254.jpg,patient,1,0,0
sa_196132.jpg,drummer,0,1,0
sa_972432.jpg,repairman,1,0,0
sa_1991791.jpg,boatman,1,0,0
sa_3716828.jpg,laborer,1,1,0
sa_10820514.jpg,painter,1,1,0
sa_4286338.jpg,skateboarder,0,1,0
sa_812409.jpg,guard,0,0,0
sa_6107156.jpg,teacher,0,0,0
sa_7459634.jpg,tennis_player,0,0,0
sa_2629396.jpg,speaker,0,0,0
sa_3323761.jpg,gardener,1,0,0
sa_10031183.jpg,tennis_player,0,0,0
sa_10729003.jpg,seller,1,0,0
sa_3444597.jpg,trumpeter,0,0,0
sa_8492889.jpg,singer,1,1,0
sa_4926805.jpg,hairdresser,0,1,0
sa_9350696.jpg,soccer_player,0,1,0
sa_8851749.jpg,flutist,0,1,0
sa_5367407.jpg,skateboarder,0,0,0
sa_2750557.jpg,tennis_player,0,0,0
sa_8438226.jpg,tennis_player,1,1,0
sa_9458093.jpg,climber,0,1,0
sa_6033274.jpg,tennis_player,1,1,0
sa_3703361.jpg,trumpeter,0,0,1
sa_3594622.jpg,speaker,0,0,0
sa_1194294.jpg,backpacker,0,1,0
sa_7953304.jpg,computer_user,1,0,0
sa_6129404.jpg,painter,0,0,0
sa_5499145.jpg,astronaut,0,1,0
sa_9395345.jpg,laborer,0,0,0
sa_5363780.jpg,speaker,0,1,0
sa_1424080.jpg,disk_jockey,0,0,0
sa_10996578.jpg,computer_user,0,1,0
sa_10361376.jpg,singer,0,0,0
sa_3885293.jpg,speaker,1,0,0
sa_8457220.jpg,speaker,0,1,0
sa_2873703.jpg,soldier,0,0,0
sa_6930970.jpg,prayer,1,1,0
sa_8470332.jpg,soccer_player,0,0,0
sa_5329692.jpg,lawman,0,0,0
sa_2872004.jpg,seller,1,1,0
sa_5702735.jpg,doctor,1,0,1
sa_1429866.jpg,tennis_player,0,1,0
sa_6472202.jpg,motorcyclist,0,1,0
sa_6241469.jpg,laborer,0,0,0
sa_5396849.jpg,prayer,0,0,0
sa_6034917.jpg,tennis_player,0,0,0
sa_4924842.jpg,computer_user,1,0,0
sa_7635880.jpg,craftsman,0,1,0
sa_6228851.jpg,lawman,0,1,0
sa_4890407.jpg,singer,1,0,0
sa_828220.jpg,drummer,0,0,1
sa_6887916.jpg,waiter,0,0,0
sa_2371782.jpg,speaker,0,1,0
sa_10904414.jpg,seller,1,1,0
sa_1497139.jpg,computer_user,0,1,0
sa_5965973.jpg,horseman,1,0,0
sa_1810030.jpg,repairman,0,0,0
sa_3160095.jpg,motorcyclist,1,0,0
sa_7586015.jpg,reporter,0,0,0
sa_6412529.jpg,runner,0,0,0
sa_4473550.jpg,laborer,1,1,0
sa_7714795.jpg,tennis_player,0,0,0
sa_9799187.jpg,skateboarder,0,1,0
sa_4972173.jpg,gymnast,1,0,0
sa_8669289.jpg,skateboarder,0,1,0
sa_4676488.jpg,lawman,0,0,0
sa_1616538.jpg,tennis_player,1,0,0
sa_9573602.jpg,speaker,0,1,0
sa_10227642.jpg,repairman,0,0,0
sa_881847.jpg,tennis_player,1,0,0
sa_2908833.jpg,boatman,0,0,0
sa_4769806.jpg,lawman,0,1,0
sa_4433415.jpg,speaker,0,0,0
sa_7007650.jpg,tennis_player,0,0,0
sa_6914618.jpg,gymnast,0,0,0
sa_136932.jpg,patient,1,0,0
sa_8588451.jpg,guard,0,0,0
sa_2508821.jpg,motorcyclist,0,1,0
sa_7671830.jpg,tennis_player,1,1,0
sa_9704678.jpg,painter,0,1,0
sa_9919906.jpg,trumpeter,0,1,0
sa_4052603.jpg,gymnast,0,0,0
sa_1980783.jpg,lawman,0,2,0
sa_6006741.jpg,waiter,1,1,0
sa_8091457.jpg,speaker,0,0,0
sa_1551412.jpg,waiter,1,0,0
sa_785540.jpg,gardener,0,0,1
sa_6842354.jpg,lifeguard,0,1,1
sa_7212637.jpg,tennis_player,0,1,0
sa_7126607.jpg,boatman,1,1,1
sa_9369098.jpg,ballplayer,0,0,0
sa_4933392.jpg,tennis_player,1,0,0
sa_5748168.jpg,tennis_player,0,1,0
sa_7645205.jpg,horseman,0,0,0
sa_3773211.jpg,singer,0,1,0
sa_7527600.jpg,boatman,1,0,0
sa_10342190.jpg,tennis_player,0,1,0
sa_1288015.jpg,horseman,0,0,0
sa_6756230.jpg,tennis_player,0,1,0
sa_9237409.jpg,guitarist,0,2,0
sa_8284326.jpg,gardener,1,0,1
sa_2257505.jpg,tennis_player,0,1,0
sa_8308802.jpg,craftsman,0,0,0
sa_9138872.jpg,laborer,0,1,0
sa_1846778.jpg,waiter,0,0,0
sa_7301180.jpg,tennis_player,1,0,0
sa_8300164.jpg,machinist,0,0,1
sa_8252870.jpg,drummer,1,0,0
sa_1555243.jpg,tennis_player,1,0,0
sa_6245105.jpg,tennis_player,0,1,0
sa_7888529.jpg,drummer,0,0,0
sa_697137.jpg,speaker,0,1,0
sa_8907368.jpg,speaker,1,0,0
sa_10707044.jpg,speaker,0,1,0
sa_1182365.jpg,speaker,0,0,0
sa_3033669.jpg,dancer,0,1,0
sa_3662136.jpg,guitarist,0,0,0
sa_3899834.jpg,laborer,0,0,0
sa_5120706.jpg,tennis_player,1,0,0
sa_9786412.jpg,electrician,0,1,0
sa_4158156.jpg,boatman,1,1,0
sa_258132.jpg,craftsman,0,0,0
sa_7963403.jpg,speaker,1,1,0
sa_1169553.jpg,dancer,0,1,0
sa_3338190.jpg,lifeguard,0,1,0
sa_7624238.jpg,motorcyclist,1,0,0
sa_2355525.jpg,boatman,1,1,0
sa_8986955.jpg,guitarist,0,0,0
sa_6073018.jpg,boatman,1,1,0
sa_9472651.jpg,tennis_player,1,0,0
sa_37980.jpg,electrician,0,1,0
sa_8296843.jpg,flutist,1,0,1
sa_6631002.jpg,prayer,1,0,0
sa_8445846.jpg,tennis_player,1,1,0
sa_10413840.jpg,speaker,0,1,1
sa_8494964.jpg,motorcyclist,0,1,0
sa_9320002.jpg,backpacker,0,0,0
sa_3436196.jpg,speaker,0,0,0
sa_11111522.jpg,prayer,0,2,0
sa_10002783.jpg,referee,0,1,0
sa_1653161.jpg,motorcyclist,1,0,0
sa_3814020.jpg,painter,0,1,1
sa_6326478.jpg,motorcyclist,0,0,0
sa_572482.jpg,guard,1,1,0
sa_8390061.jpg,computer_user,1,0,0
sa_8622235.jpg,retailer,1,0,0
sa_9441141.jpg,guard,0,0,0
sa_1519627.jpg,tennis_player,1,0,0
sa_3359525.jpg,tennis_player,0,1,0
sa_3864827.jpg,tennis_player,1,1,0
sa_10078957.jpg,boatman,0,1,0
sa_3325986.jpg,computer_user,1,0,0
sa_8630672.jpg,speaker,1,1,0
sa_9270531.jpg,motorcyclist,0,1,0
sa_10123642.jpg,lawman,0,0,0
sa_3898098.jpg,computer_user,1,1,0
sa_10853364.jpg,tennis_player,0,0,0
sa_5136017.jpg,tennis_player,1,1,0
sa_4390893.jpg,seller,0,1,0
sa_4302394.jpg,speaker,0,0,0
sa_873666.jpg,farmer,0,1,0
sa_5115438.jpg,patient,0,1,1
sa_2721247.jpg,tennis_player,0,0,0
sa_8597929.jpg,motorcyclist,1,1,0
sa_7656195.jpg,runner,1,0,0
sa_5496653.jpg,boatman,1,1,0
sa_5521948.jpg,laborer,1,0,0
sa_1075846.jpg,guitarist,0,0,0
sa_7564397.jpg,machinist,0,0,0
sa_8012943.jpg,machinist,1,0,0
sa_3497213.jpg,motorcyclist,0,1,0
sa_4350893.jpg,laborer,0,0,0
sa_2296901.jpg,dancer,1,0,0
sa_5732009.jpg,farmer,1,1,1
sa_4857201.jpg,tennis_player,1,0,0
sa_5338014.jpg,lawman,1,0,0
sa_8919880.jpg,craftsman,0,1,1
sa_9275040.jpg,student,0,0,0
sa_9613874.jpg,tennis_player,0,1,0
sa_9584986.jpg,laborer,1,1,1
sa_7417412.jpg,tennis_player,1,1,0
sa_11152431.jpg,tennis_player,1,1,0
sa_10207562.jpg,lawman,0,0,0
sa_2617066.jpg,backpacker,1,0,0
sa_10726621.jpg,guard,0,0,0
sa_10736680.jpg,laborer,1,2,0
sa_11125873.jpg,soccer_player,0,0,0
sa_2779372.jpg,soccer_player,0,1,0
sa_8495311.jpg,waiter,1,0,0
sa_9783492.jpg,speaker,0,0,0
sa_7707431.jpg,boatman,0,0,0
sa_9824033.jpg,singer,0,0,1
sa_4138553.jpg,skateboarder,0,1,0
sa_8943108.jpg,tennis_player,0,0,0
sa_7025739.jpg,speaker,1,1,0
sa_8135553.jpg,laborer,1,1,1
sa_4393095.jpg,waiter,0,1,0
sa_6818376.jpg,speaker,0,0,0
sa_3069658.jpg,drummer,0,1,0
sa_9886062.jpg,computer_user,0,1,0
sa_5592993.jpg,motorcyclist,0,1,0
sa_3218836.jpg,tennis_player,1,1,0
sa_2527881.jpg,seller,0,2,0
sa_1299664.jpg,motorcyclist,1,1,0
sa_10036932.jpg,painter,0,1,0
sa_8543007.jpg,guard,0,0,0
sa_5879556.jpg,boatman,1,0,0
sa_11010425.jpg,laborer,0,1,0
sa_10637722.jpg,guard,1,0,0
sa_1716804.jpg,backpacker,0,1,0
sa_625229.jpg,boatman,1,1,1
sa_5221794.jpg,motorcyclist,0,0,0
sa_435507.jpg,speaker,1,0,0
sa_9738258.jpg,speaker,1,1,0
sa_6072453.jpg,horseman,0,0,0
sa_9913004.jpg,tennis_player,0,0,0
sa_1202839.jpg,reporter,1,0,0
sa_5420662.jpg,ballplayer,0,1,0
sa_7801613.jpg,horseman,0,1,0
sa_7048394.jpg,prayer,1,0,0
sa_9592502.jpg,ballplayer,0,1,0
sa_10885671.jpg,boatman,1,1,0
sa_8959538.jpg,horseman,1,0,0
sa_2199427.jpg,climber,0,0,0
sa_2061343.jpg,guitarist,0,0,0
sa_4221406.jpg,laborer,0,0,0
sa_9187531.jpg,seller,1,0,0
sa_2736060.jpg,prayer,1,0,0
sa_1859933.jpg,tennis_player,0,0,0
sa_10518463.jpg,tennis_player,1,0,0
sa_10397304.jpg,boatman,1,1,0
sa_6326485.jpg,retailer,1,0,0
sa_10401309.jpg,repairman,0,1,0
sa_7902434.jpg,tennis_player,0,0,0
sa_1376091.jpg,boatman,0,1,1
sa_2829373.jpg,computer_user,1,1,0
sa_421083.jpg,backpacker,0,1,0
sa_7559040.jpg,seller,1,0,0
sa_1050081.jpg,tennis_player,1,1,0
sa_3618235.jpg,dancer,1,0,0
sa_1319277.jpg,speaker,1,0,0
sa_5001895.jpg,tennis_player,0,1,0
sa_3886319.jpg,ballplayer,0,1,0
sa_850820.jpg,gymnast,1,1,0
sa_9097188.jpg,craftsman,0,1,0
sa_5641809.jpg,craftsman,0,1,0
sa_8530535.jpg,drummer,0,1,0
sa_6462726.jpg,seller,0,1,0
sa_4707554.jpg,cheerleader,1,0,0
sa_3136582.jpg,lifeguard,0,1,0
sa_9390414.jpg,boatman,0,0,0
sa_10405388.jpg,runner,1,1,0
sa_28836.jpg,tennis_player,0,1,0
sa_3824248.jpg,repairman,0,1,0
sa_3127040.jpg,referee,0,0,0
sa_10823455.jpg,boatman,0,0,0
sa_5051216.jpg,speaker,0,0,0
sa_5286431.jpg,speaker,0,0,0
sa_5362071.jpg,backpacker,0,0,0
sa_7331932.jpg,seller,1,0,0
sa_7491507.jpg,boatman,1,0,0
sa_5019916.jpg,patient,1,0,0
sa_6048110.jpg,tennis_player,0,1,0
sa_7297269.jpg,guitarist,0,0,0
sa_950526.jpg,computer_user,0,1,0
sa_8936259.jpg,lawman,0,0,1
sa_699201.jpg,lawman,0,0,0
sa_4119792.jpg,singer,0,1,0
sa_8337963.jpg,tennis_player,1,1,0
sa_767615.jpg,boatman,1,0,0
sa_6674596.jpg,skateboarder,0,1,0
sa_9599714.jpg,tennis_player,1,1,0
sa_6347535.jpg,boatman,0,2,0
sa_3500120.jpg,hairdresser,0,1,0
sa_1492570.jpg,farmer,0,1,0
sa_7284679.jpg,machinist,0,0,0
sa_1000453.jpg,nurse,1,1,0
sa_6463301.jpg,guitarist,0,1,0
sa_7159097.jpg,craftsman,0,1,0
sa_2242556.jpg,reporter,1,0,0
sa_7008027.jpg,retailer,1,1,0
sa_5439255.jpg,climber,1,1,0
sa_337965.jpg,farmer,0,0,0
sa_4191317.jpg,skateboarder,0,1,0
sa_8339686.jpg,lawman,0,1,0
sa_585056.jpg,guitarist,0,2,0
sa_2271076.jpg,lawman,0,0,0
sa_1630547.jpg,craftsman,0,1,0
sa_7595566.jpg,doctor,1,0,0
sa_4864862.jpg,speaker,0,1,1
sa_378864.jpg,guard,0,0,1
sa_3720680.jpg,horseman,1,1,0
sa_3146824.jpg,singer,0,0,0
sa_1105269.jpg,nurse,0,0,0
sa_7869421.jpg,farmer,1,1,0
sa_10953179.jpg,speaker,0,0,0
sa_4742595.jpg,speaker,0,0,0
sa_10776573.jpg,singer,1,1,0
sa_10773322.jpg,gymnast,1,1,0
sa_11086700.jpg,lawman,0,1,1
sa_7338210.jpg,backpacker,1,0,0
sa_1764818.jpg,lawman,0,1,0
sa_4685439.jpg,speaker,0,0,1
sa_4221214.jpg,prayer,1,1,0
sa_5273470.jpg,repairman,0,0,0
sa_10821539.jpg,ballplayer,0,0,0
sa_1159229.jpg,farmer,0,1,0
sa_9000235.jpg,painter,0,1,1
sa_3898771.jpg,tennis_player,1,0,0
sa_3003103.jpg,reporter,0,1,0
sa_5534451.jpg,backpacker,1,0,0
sa_1874150.jpg,tennis_player,0,1,0
sa_1283753.jpg,computer_user,0,0,0
sa_5418182.jpg,boatman,1,0,0
sa_4062423.jpg,gymnast,1,1,0
sa_8204514.jpg,craftsman,0,1,0
sa_6593565.jpg,guard,0,0,0
sa_2417029.jpg,motorcyclist,1,0,0
sa_6703014.jpg,prayer,1,0,0
sa_9385959.jpg,singer,1,0,0
sa_1903394.jpg,repairman,0,0,1
sa_8638154.jpg,singer,1,1,0
sa_161223.jpg,speaker,1,1,0
sa_1438087.jpg,laborer,1,1,0
sa_6934894.jpg,patient,0,1,1
sa_3404131.jpg,speaker,0,1,0
sa_7317156.jpg,waiter,0,0,0
sa_8548588.jpg,singer,0,1,0
sa_673026.jpg,repairman,0,0,1
sa_10175465.jpg,tennis_player,0,0,0
sa_957126.jpg,lawman,0,0,0
sa_5175125.jpg,motorcyclist,1,1,0
sa_10450236.jpg,student,0,0,0
sa_10822506.jpg,gardener,1,0,0
sa_9632291.jpg,fireman,0,0,0
sa_10628497.jpg,boatman,0,1,0
sa_2155645.jpg,computer_user,1,1,0
sa_8689429.jpg,speaker,0,0,0
sa_6836236.jpg,skateboarder,0,0,0
sa_1329626.jpg,nurse,1,0,0
sa_6033021.jpg,repairman,0,1,0
sa_1282754.jpg,repairman,0,1,1
sa_10193090.jpg,seller,1,0,0
sa_8732020.jpg,soccer_player,0,1,0
sa_8773397.jpg,doctor,0,1,0
sa_10378867.jpg,electrician,0,1,0
sa_967142.jpg,painter,0,0,1
sa_275826.jpg,backpacker,1,1,0
sa_7819454.jpg,teacher,0,1,0
sa_4665154.jpg,electrician,0,0,0
sa_10940928.jpg,waiter,1,0,0
sa_434842.jpg,repairman,0,1,0
sa_8496735.jpg,skateboarder,0,2,0
sa_4810872.jpg,seller,0,1,0
sa_11069330.jpg,ballplayer,0,0,0
sa_1237797.jpg,computer_user,0,0,0
sa_479834.jpg,tennis_player,0,0,0
sa_6070222.jpg,laborer,0,1,0
sa_6222465.jpg,basketball_player,0,2,0
sa_3432353.jpg,backpacker,0,0,1
sa_7868095.jpg,skateboarder,0,0,0
sa_2418265.jpg,waiter,1,1,0
sa_9128509.jpg,computer_user,0,1,0
sa_9901843.jpg,horseman,0,0,1
sa_5675373.jpg,gymnast,0,0,0
sa_8668048.jpg,skateboarder,0,0,0
sa_10902763.jpg,speaker,0,1,0
sa_5230047.jpg,craftsman,0,1,0
sa_2503251.jpg,singer,0,0,0
sa_7539543.jpg,machinist,0,1,0
sa_5253007.jpg,boatman,0,2,0
sa_11155595.jpg,reporter,0,0,0
sa_4257009.jpg,repairman,0,1,0
sa_8609421.jpg,ballplayer,0,1,0
sa_7208455.jpg,craftsman,0,1,0
sa_181480.jpg,repairman,0,1,0
sa_1875058.jpg,hairdresser,0,1,1
sa_8018042.jpg,sculptor,0,0,0
sa_7673559.jpg,speaker,0,0,0
sa_10824383.jpg,backpacker,1,0,0
sa_3602718.jpg,doctor,0,0,0
sa_8754641.jpg,lawman,0,0,0
sa_10500778.jpg,boatman,0,0,0
sa_8567074.jpg,ballplayer,0,0,0
sa_8226706.jpg,ballplayer,0,1,0
sa_4274167.jpg,retailer,1,0,0
sa_4524507.jpg,lawman,0,1,0
sa_4884146.jpg,lawman,0,0,0
sa_5534509.jpg,tennis_player,0,0,0
sa_2718018.jpg,guard,0,0,0
sa_2549159.jpg,boatman,0,0,0
sa_8339892.jpg,teacher,1,0,0
sa_1174968.jpg,guitarist,0,0,0
sa_4564218.jpg,patient,0,1,1
sa_423768.jpg,waiter,0,1,0
sa_582566.jpg,soccer_player,0,0,0
sa_8461719.jpg,farmer,0,1,1
sa_6096527.jpg,horseman,0,1,0
sa_9057978.jpg,painter,1,0,1
sa_6730751.jpg,farmer,0,1,1
sa_6010482.jpg,guard,0,0,0
sa_4108680.jpg,tennis_player,0,0,0
sa_3572844.jpg,skateboarder,1,0,0
sa_9865921.jpg,hairdresser,0,0,0
sa_6296534.jpg,laborer,0,1,0
sa_1306013.jpg,hairdresser,0,1,1
sa_5382719.jpg,speaker,1,0,0
sa_4893836.jpg,gardener,0,1,0
sa_792371.jpg,soccer_player,0,0,0
sa_7372293.jpg,painter,1,1,0
sa_643341.jpg,backpacker,0,1,0
sa_10640840.jpg,repairman,0,1,0
sa_7915358.jpg,electrician,0,1,0
sa_1550436.jpg,hairdresser,1,0,1
sa_399965.jpg,ballplayer,0,0,0
sa_4740572.jpg,lawman,0,1,0
sa_6221421.jpg,dancer,0,1,0
sa_1222439.jpg,computer_user,0,1,0
sa_5963319.jpg,soldier,0,0,0
sa_3546228.jpg,speaker,0,0,0
sa_8116731.jpg,prayer,1,1,0
sa_5384595.jpg,singer,1,0,0
sa_3904281.jpg,horseman,1,1,0
sa_10329304.jpg,ballplayer,0,2,0
sa_3329792.jpg,gymnast,1,1,0
sa_4064735.jpg,dancer,1,1,0
sa_7730845.jpg,tennis_player,0,1,0
sa_7355210.jpg,craftsman,0,0,1
sa_3556381.jpg,student,1,1,0
sa_6006831.jpg,reporter,0,0,0
sa_3725698.jpg,nurse,1,1,0
sa_262436.jpg,gymnast,0,0,0
sa_10165036.jpg,speaker,0,0,0
sa_4806601.jpg,reporter,0,0,0
sa_9374501.jpg,doctor,0,0,0
sa_3580330.jpg,speaker,0,1,0
sa_7607329.jpg,runner,0,1,0
sa_3120751.jpg,speaker,0,0,1
sa_7490835.jpg,repairman,0,1,0
sa_9157735.jpg,laborer,1,1,0
sa_5044830.jpg,tennis_player,0,0,0
sa_10524356.jpg,ballplayer,0,0,0
sa_6849361.jpg,singer,0,1,0
sa_8502832.jpg,student,0,0,0
sa_1052183.jpg,tennis_player,1,0,0
sa_3636151.jpg,soccer_player,0,0,0
sa_2976222.jpg,lawman,0,0,0
sa_8171342.jpg,prayer,0,1,0
sa_8245674.jpg,lifeguard,0,0,0
sa_11152302.jpg,lawman,0,0,0
sa_7933984.jpg,gardener,1,1,0
sa_5867659.jpg,skateboarder,0,0,0
sa_33345.jpg,hairdresser,0,0,0
sa_6985971.jpg,painter,0,0,0
sa_8293943.jpg,doctor,0,0,0
sa_3751860.jpg,backpacker,1,1,0
sa_8775739.jpg,retailer,1,0,0
sa_845133.jpg,machinist,0,0,0
sa_8304617.jpg,computer_user,1,0,0
sa_11115408.jpg,singer,1,1,0
sa_10644610.jpg,craftsman,0,0,0
sa_59604.jpg,guitarist,0,1,0
sa_7029681.jpg,singer,0,0,0
sa_5048399.jpg,backpacker,0,0,0
sa_9882679.jpg,computer_user,1,1,1
sa_9092888.jpg,backpacker,1,1,0
sa_1589795.jpg,tennis_player,0,0,0
sa_10085745.jpg,tennis_player,0,0,0
sa_9328164.jpg,lawman,0,1,0
sa_7566700.jpg,waiter,0,1,0
sa_10424299.jpg,referee,0,0,0
sa_8842734.jpg,lawman,0,1,0
sa_4227283.jpg,guard,0,1,0
sa_195017.jpg,craftsman,0,1,1
sa_4306981.jpg,backpacker,1,1,0
sa_1658153.jpg,lawman,0,0,0
sa_9953191.jpg,lifeguard,0,1,0
sa_3213591.jpg,prayer,0,1,1
sa_7768568.jpg,hairdresser,0,1,0
sa_10435842.jpg,farmer,1,2,0
sa_6759785.jpg,speaker,0,2,0
sa_11102339.jpg,craftsman,0,1,1
sa_9435233.jpg,lawman,0,0,0
sa_10022673.jpg,dancer,1,1,0
sa_8070063.jpg,painter,0,0,1
sa_789737.jpg,tennis_player,0,0,0
sa_3806685.jpg,nurse,1,0,0
sa_5712789.jpg,speaker,0,1,0
sa_7713348.jpg,tennis_player,0,1,0
sa_1146216.jpg,horseman,1,0,0
sa_6429508.jpg,painter,0,1,1
sa_8957210.jpg,motorcyclist,0,0,0
sa_4711921.jpg,waiter,1,0,0
sa_9970423.jpg,lawman,0,0,0
sa_9816046.jpg,horseman,1,0,0
sa_4838675.jpg,singer,0,1,0
sa_288003.jpg,basketball_player,0,0,0
sa_5912295.jpg,gymnast,1,0,0
sa_2016164.jpg,horseman,0,1,0
sa_8529926.jpg,ballplayer,0,1,0
sa_3990752.jpg,horseman,1,0,0
sa_9983679.jpg,ballplayer,0,1,0
sa_648678.jpg,craftsman,0,1,0
sa_1429317.jpg,speaker,0,1,0
sa_2190891.jpg,craftsman,0,0,0
sa_8398006.jpg,computer_user,1,1,0
sa_2938187.jpg,speaker,0,0,0
sa_1983489.jpg,dancer,1,1,0
sa_7540442.jpg,speaker,1,0,0
sa_3934797.jpg,soldier,0,0,0
sa_3305920.jpg,prayer,0,0,0
sa_7471792.jpg,singer,0,0,1
sa_4007030.jpg,lawman,0,0,0
sa_6905519.jpg,drummer,0,1,0
sa_3935267.jpg,singer,1,0,0
sa_5497066.jpg,dancer,1,0,0
sa_5492416.jpg,singer,1,1,0
sa_3567930.jpg,tennis_player,0,0,0
sa_465886.jpg,tennis_player,0,1,0
sa_10365417.jpg,boatman,1,0,1
sa_835058.jpg,referee,0,0,0
sa_6208063.jpg,soldier,0,0,0
sa_10930205.jpg,laborer,0,1,0
sa_9807029.jpg,trumpeter,1,0,0
sa_459014.jpg,guard,0,0,0
sa_1555452.jpg,painter,0,0,1
sa_3143426.jpg,tennis_player,0,0,0
sa_2885001.jpg,prayer,0,0,1
sa_1949066.jpg,backpacker,1,0,0
sa_4460754.jpg,prayer,0,1,1
sa_8575404.jpg,craftsman,1,1,1
sa_10608761.jpg,painter,0,0,1
sa_1102462.jpg,speaker,0,0,0
sa_6222029.jpg,drummer,0,2,0
sa_6916462.jpg,machinist,0,0,0
sa_11083026.jpg,speaker,0,0,1
sa_2474983.jpg,basketball_player,0,1,0
sa_10498660.jpg,soldier,0,1,0
sa_5513956.jpg,lawman,0,0,0
sa_5694910.jpg,ballplayer,0,1,0
sa_5841979.jpg,fireman,0,1,0
sa_805633.jpg,laborer,0,1,0
sa_935987.jpg,electrician,0,2,0
sa_3639852.jpg,astronaut,0,0,0
sa_8524530.jpg,horseman,0,1,0
sa_6632117.jpg,painter,0,1,0
sa_3317872.jpg,singer,0,0,0
sa_6309573.jpg,lawman,0,0,0
sa_1200816.jpg,gymnast,0,1,0
sa_1407199.jpg,lawman,0,0,0
sa_2060636.jpg,craftsman,0,1,0
sa_4829528.jpg,doctor,1,0,0
sa_726079.jpg,guitarist,0,1,0
sa_8830139.jpg,lawman,0,0,0
sa_1052764.jpg,reporter,0,0,1
sa_4433491.jpg,hairdresser,0,2,0
sa_2649618.jpg,dancer,0,0,0
sa_1664856.jpg,singer,0,0,0
sa_7137733.jpg,guitarist,0,0,0
sa_5624354.jpg,speaker,0,0,0
sa_1572116.jpg,patient,1,1,0
sa_10345207.jpg,seller,1,0,0
sa_9194880.jpg,singer,0,1,0
sa_1124011.jpg,singer,0,1,0
sa_8353810.jpg,computer_user,0,1,0
sa_2164538.jpg,runner,1,0,0
sa_8018132.jpg,doctor,1,0,0
sa_10508841.jpg,laborer,0,1,0
sa_2746625.jpg,horseman,1,1,0
sa_10136258.jpg,gardener,0,1,0
sa_7229679.jpg,farmer,0,1,0
sa_10486231.jpg,speaker,0,0,0
sa_1354885.jpg,seller,1,1,0
sa_438800.jpg,tennis_player,0,1,0
sa_1672633.jpg,computer_user,0,0,0
sa_10495787.jpg,computer_user,0,0,0
sa_1216028.jpg,backpacker,0,1,0
sa_8746739.jpg,computer_user,0,1,0
sa_3898790.jpg,gymnast,1,1,0
sa_2062310.jpg,tennis_player,1,2,0
sa_7958144.jpg,painter,1,1,0
sa_10710052.jpg,prayer,0,1,1
sa_10832638.jpg,craftsman,0,1,0
sa_6859356.jpg,referee,0,1,0
sa_440710.jpg,guard,0,0,1
sa_10083096.jpg,motorcyclist,0,0,0
sa_8801088.jpg,singer,1,1,0
sa_3398001.jpg,hairdresser,0,2,0
sa_7023761.jpg,waiter,0,0,0
sa_5567493.jpg,hairdresser,0,0,0
sa_6996958.jpg,sculptor,0,1,0
sa_5815.jpg,soccer_player,0,1,0
sa_1189746.jpg,farmer,0,1,0
sa_3187973.jpg,horseman,1,0,0
sa_5062842.jpg,flutist,0,0,0
sa_2322824.jpg,horseman,1,0,0
sa_11173822.jpg,repairman,0,1,0
sa_4386967.jpg,backpacker,0,1,0
sa_2866617.jpg,reporter,0,0,0
sa_1005858.jpg,singer,0,0,0
sa_2998405.jpg,nurse,0,1,0
sa_8740438.jpg,painter,0,1,0
sa_9665022.jpg,retailer,0,0,0
sa_2083891.jpg,painter,0,2,0
sa_2499025.jpg,singer,1,1,0
sa_1306913.jpg,backpacker,1,0,0
sa_8067007.jpg,speaker,0,0,1
sa_5572102.jpg,retailer,0,1,0
sa_2866367.jpg,seller,0,0,0
sa_8762794.jpg,soccer_player,1,0,0
sa_4927574.jpg,farmer,1,1,0
sa_8089570.jpg,singer,0,0,0
sa_4313695.jpg,lawman,0,1,0
sa_2486806.jpg,ballplayer,0,0,0
sa_3367473.jpg,runner,0,0,0
sa_5647694.jpg,speaker,0,0,0
sa_8138576.jpg,guitarist,0,0,0
sa_2049583.jpg,tennis_player,0,1,0
sa_6372646.jpg,farmer,1,1,0
sa_3549827.jpg,guitarist,0,0,0
sa_189729.jpg,skateboarder,0,1,0
sa_4462789.jpg,nurse,0,0,0
sa_9910908.jpg,boatman,1,1,0
sa_200443.jpg,prayer,0,1,0
sa_8978509.jpg,guard,0,0,0
sa_5790678.jpg,ballplayer,0,1,0
sa_7974288.jpg,farmer,0,1,0
sa_8033758.jpg,drummer,0,2,0
sa_180993.jpg,seller,0,0,1
sa_3170053.jpg,seller,0,1,0
sa_6414701.jpg,laborer,0,1,0
sa_7225400.jpg,seller,1,1,0
sa_9893539.jpg,singer,0,0,0
sa_1736343.jpg,speaker,0,0,0
sa_2223806.jpg,lawman,0,2,0
sa_9675252.jpg,repairman,0,0,0
sa_2411703.jpg,nurse,1,0,0
sa_11047479.jpg,electrician,0,1,0
sa_3036266.jpg,nurse,0,0,0
sa_2971978.jpg,skateboarder,0,1,0
sa_8894796.jpg,repairman,0,1,0
sa_10134595.jpg,gymnast,0,0,0
sa_7844855.jpg,painter,0,1,0
sa_4196074.jpg,guitarist,0,0,0
sa_10755312.jpg,ballplayer,0,0,0
sa_9361089.jpg,craftsman,1,0,1
sa_3204251.jpg,basketball_player,0,0,0
sa_5134876.jpg,farmer,0,1,0
sa_2490656.jpg,tennis_player,1,1,0
sa_6679818.jpg,guitarist,0,1,0
sa_6316497.jpg,seller,1,1,0
sa_951246.jpg,guard,0,1,0
sa_2054029.jpg,singer,0,0,0
sa_2548288.jpg,repairman,0,0,0
sa_2756309.jpg,singer,0,0,0
sa_1972608.jpg,laborer,1,0,0
sa_7854606.jpg,repairman,0,1,0
sa_10922531.jpg,skateboarder,1,0,0
sa_4202668.jpg,soldier,0,1,0
sa_9150781.jpg,computer_user,0,0,0
sa_9906038.jpg,speaker,0,0,0
sa_2669421.jpg,dancer,1,1,0
sa_5815343.jpg,waiter,0,2,0
sa_6095928.jpg,lawman,0,1,0
sa_9022611.jpg,seller,0,1,0
sa_3699699.jpg,guard,0,0,0
sa_5879733.jpg,sculptor,0,0,0
sa_7169229.jpg,hairdresser,0,1,0
sa_8336711.jpg,seller,1,0,1
sa_183534.jpg,speaker,0,1,0
sa_6139121.jpg,speaker,0,1,0
sa_6444822.jpg,guard,0,1,0
sa_1099558.jpg,hairdresser,0,1,0
sa_448778.jpg,machinist,0,0,0
sa_11066919.jpg,lawman,0,1,0
sa_6157826.jpg,speaker,0,0,0
sa_7156233.jpg,speaker,0,0,0
sa_10290804.jpg,gymnast,1,0,0
sa_4116282.jpg,seller,0,0,0
sa_4576541.jpg,reporter,0,1,0
sa_3258977.jpg,seller,1,1,0
sa_9579667.jpg,singer,1,0,0
sa_785221.jpg,gardener,1,1,0
sa_9813858.jpg,laborer,0,1,0
sa_10204059.jpg,singer,0,0,0
sa_5216700.jpg,drummer,0,1,0
sa_10008933.jpg,boatman,0,0,0
sa_1988378.jpg,farmer,0,1,0
sa_9683367.jpg,machinist,1,2,0
sa_6054664.jpg,motorcyclist,0,1,0
sa_5616531.jpg,prayer,1,0,0
sa_9811809.jpg,guitarist,0,0,0
sa_1435671.jpg,skateboarder,0,0,0
sa_1294269.jpg,fireman,0,1,0
sa_996738.jpg,doctor,0,0,0
sa_10268481.jpg,ballplayer,0,0,0
sa_1894325.jpg,referee,0,1,0
sa_1456190.jpg,seller,0,1,0
sa_4004704.jpg,guitarist,0,0,0
sa_9564027.jpg,tennis_player,0,1,0
sa_2858387.jpg,laborer,0,1,0
sa_8764691.jpg,dancer,0,0,0
sa_10893226.jpg,boatman,0,0,0
sa_10902648.jpg,lifeguard,0,1,0
sa_4793068.jpg,tennis_player,1,1,0
sa_7699890.jpg,guard,0,1,0
sa_4581025.jpg,guard,0,1,0
sa_1801279.jpg,disk_jockey,0,1,0
sa_787755.jpg,tennis_player,0,1,0
sa_744019.jpg,sculptor,0,0,0
sa_6082265.jpg,lawman,0,0,0
sa_395983.jpg,reporter,0,0,0
sa_8961074.jpg,skateboarder,0,1,0
sa_4971642.jpg,basketball_player,0,1,0
sa_1717154.jpg,patient,0,1,0
sa_8288749.jpg,student,1,0,0
sa_7450258.jpg,runner,0,1,0
sa_9409391.jpg,machinist,0,1,0
sa_10073816.jpg,reporter,0,0,0
sa_8639219.jpg,waiter,1,0,0
sa_4195314.jpg,singer,1,0,0
sa_10330741.jpg,student,0,0,0
sa_62812.jpg,laborer,1,0,0
sa_7342124.jpg,speaker,0,1,0
sa_8759928.jpg,fireman,0,0,1
sa_4123546.jpg,student,0,0,0
sa_243855.jpg,basketball_player,0,2,0
sa_7539408.jpg,painter,0,0,0
sa_1023865.jpg,speaker,0,1,0
sa_8901588.jpg,laborer,0,1,0
sa_1219341.jpg,repairman,0,0,0
sa_3138166.jpg,painter,0,1,0
sa_886573.jpg,laborer,0,1,0
sa_3031793.jpg,speaker,1,1,0
sa_2970294.jpg,backpacker,0,0,0
sa_7018131.jpg,singer,1,1,0
sa_5757168.jpg,skateboarder,0,1,0
sa_4658611.jpg,speaker,0,1,0
sa_3716502.jpg,laborer,1,2,1
sa_9870137.jpg,repairman,0,0,1
sa_9395843.jpg,speaker,0,1,0
sa_9289042.jpg,guitarist,0,0,0
sa_4030524.jpg,lawman,1,0,0
sa_1231599.jpg,skateboarder,0,0,0
sa_5344336.jpg,seller,0,1,0
sa_11162732.jpg,dancer,0,1,0
sa_8179017.jpg,doctor,0,0,0
sa_9211257.jpg,hairdresser,1,1,0
sa_742234.jpg,patient,0,1,0
sa_354956.jpg,boatman,1,1,0
sa_1971629.jpg,skateboarder,0,0,0
sa_691673.jpg,skateboarder,0,1,0
sa_6120487.jpg,retailer,0,0,0
sa_286629.jpg,craftsman,0,1,0
sa_10317634.jpg,soccer_player,0,1,0
sa_4493165.jpg,guitarist,0,0,0
sa_3353359.jpg,guitarist,0,1,0
sa_2772191.jpg,singer,1,0,0
sa_8821907.jpg,laborer,0,2,0
sa_2008771.jpg,hairdresser,0,0,0
sa_3556833.jpg,speaker,0,1,0
sa_572388.jpg,singer,0,0,0
sa_2827099.jpg,farmer,1,1,0
sa_2322625.jpg,flutist,0,1,1
sa_9564933.jpg,craftsman,1,1,0
sa_3827911.jpg,horseman,1,0,0
sa_7577161.jpg,laborer,0,0,0
sa_1822211.jpg,retailer,1,0,0
sa_1473596.jpg,skateboarder,0,0,0
sa_1563653.jpg,soldier,0,2,0
sa_8179339.jpg,disk_jockey,0,1,0
sa_4242819.jpg,laborer,0,1,0
sa_5984849.jpg,prayer,0,1,1
sa_8683371.jpg,horseman,0,0,0
sa_1963424.jpg,lawman,0,0,0
sa_8692597.jpg,disk_jockey,0,0,0
sa_4520891.jpg,craftsman,1,1,0
sa_739080.jpg,fireman,0,1,0
sa_8858939.jpg,retailer,1,0,0
sa_492616.jpg,drummer,0,0,0
sa_4572329.jpg,basketball_player,0,1,0
sa_1317297.jpg,lawman,1,1,0
sa_9206160.jpg,waiter,0,0,0
sa_10078715.jpg,nurse,1,0,0
sa_2450665.jpg,backpacker,0,0,0
sa_5375228.jpg,gymnast,1,0,0
sa_8122040.jpg,seller,0,0,0
sa_6921502.jpg,machinist,1,0,1
sa_195449.jpg,craftsman,0,1,0
sa_4862708.jpg,craftsman,0,1,1
sa_5455354.jpg,reporter,0,2,0
sa_9232989.jpg,seller,0,1,0
sa_6169262.jpg,ballplayer,0,0,1
sa_1766057.jpg,painter,1,0,0
sa_4678680.jpg,doctor,0,1,0
sa_2706026.jpg,tennis_player,1,1,0
sa_7834006.jpg,singer,1,1,0
sa_8865186.jpg,repairman,0,0,0
sa_8870153.jpg,lawman,0,1,0
sa_7365499.jpg,computer_user,0,2,0
sa_7150390.jpg,climber,0,0,0
sa_4444166.jpg,motorcyclist,0,1,0
sa_4388194.jpg,laborer,0,1,0
sa_4558161.jpg,singer,0,0,0
sa_9551744.jpg,craftsman,1,1,0
sa_9232646.jpg,sculptor,0,1,0
sa_8039608.jpg,disk_jockey,0,0,0
sa_5565483.jpg,singer,1,0,0
sa_9859051.jpg,seller,0,1,0
sa_10875465.jpg,machinist,0,0,0
sa_351784.jpg,waiter,0,0,0
sa_7109799.jpg,soldier,1,1,0
sa_2652434.jpg,farmer,0,0,0
sa_5644620.jpg,seller,0,1,1
sa_7191339.jpg,painter,0,0,0
sa_1510827.jpg,electrician,0,0,1
sa_2083895.jpg,boatman,0,1,0
sa_6586404.jpg,tennis_player,0,0,0
sa_1752858.jpg,boatman,1,1,0
sa_387460.jpg,disk_jockey,0,1,0
sa_1540582.jpg,lawman,0,1,0
sa_1810014.jpg,nurse,1,1,0
sa_204640.jpg,climber,1,0,0
sa_736772.jpg,seller,1,1,0
sa_8009050.jpg,painter,0,0,0
sa_65146.jpg,guard,0,1,0
sa_8006279.jpg,farmer,0,0,0
sa_9824294.jpg,farmer,1,1,0
sa_4664581.jpg,boatman,1,0,0
sa_1153299.jpg,backpacker,0,1,0
sa_5965363.jpg,speaker,1,0,0
sa_7091043.jpg,ballplayer,0,1,0
sa_10413697.jpg,patient,0,1,0
sa_1873155.jpg,singer,0,0,0
sa_11130569.jpg,gymnast,0,0,0
sa_69200.jpg,computer_user,0,0,0
sa_11157372.jpg,farmer,0,1,0
sa_9646378.jpg,speaker,1,0,0
sa_142546.jpg,boatman,1,1,0
sa_8089725.jpg,repairman,0,0,1
sa_7073485.jpg,repairman,0,1,0
sa_2116554.jpg,horseman,1,0,0
sa_1683207.jpg,farmer,0,0,0
sa_899283.jpg,retailer,0,1,0
sa_8346827.jpg,guitarist,1,1,0
sa_1773510.jpg,farmer,1,1,0
sa_10720355.jpg,drummer,0,0,0
sa_6684027.jpg,tennis_player,0,0,0
sa_588528.jpg,speaker,0,0,0
sa_3354926.jpg,prayer,0,1,0
sa_1550921.jpg,lawman,0,1,0
sa_11083403.jpg,horseman,0,0,0
sa_6946472.jpg,dancer,1,0,0
sa_4964909.jpg,sculptor,0,1,0
sa_8860602.jpg,machinist,0,0,0
sa_9169538.jpg,retailer,1,1,1
sa_1482468.jpg,computer_user,0,1,0
sa_1917734.jpg,horseman,0,0,0
sa_2420676.jpg,lawman,0,0,0
sa_291956.jpg,laborer,0,1,0
sa_5521288.jpg,electrician,0,1,0
sa_5002108.jpg,guard,0,0,0
sa_6527608.jpg,singer,0,1,0
sa_449442.jpg,drummer,0,1,0
sa_4707884.jpg,guard,0,0,0
sa_10787517.jpg,basketball_player,0,2,0
sa_9228474.jpg,repairman,0,1,0
sa_10856320.jpg,motorcyclist,1,1,1
sa_3237395.jpg,boatman,0,1,0
sa_609742.jpg,singer,1,0,0
sa_11041104.jpg,painter,0,0,1
sa_7970460.jpg,gymnast,1,1,0
sa_1023016.jpg,farmer,0,1,0
sa_9876371.jpg,guard,0,0,0
sa_1158661.jpg,retailer,0,1,0
sa_7104628.jpg,laborer,0,1,0
sa_3929548.jpg,computer_user,0,1,0
sa_6834261.jpg,electrician,0,1,0
sa_5252017.jpg,motorcyclist,0,1,0
sa_1359579.jpg,craftsman,1,1,1
sa_9956345.jpg,farmer,1,1,0
sa_6429640.jpg,referee,0,0,0
sa_8683653.jpg,basketball_player,0,0,0
sa_5579949.jpg,guitarist,0,0,0
sa_1586188.jpg,drummer,0,1,1
sa_4767293.jpg,referee,0,0,0
sa_652384.jpg,guard,0,0,0
sa_5830115.jpg,lifeguard,0,0,0
sa_5611928.jpg,guard,1,0,0
sa_10928582.jpg,speaker,0,1,1
sa_7521736.jpg,farmer,0,1,0
sa_8958848.jpg,prayer,0,0,0
sa_2500027.jpg,painter,0,1,0
sa_2325274.jpg,soldier,0,1,0
sa_10283184.jpg,machinist,0,1,0
sa_7936703.jpg,motorcyclist,1,1,0
sa_5540240.jpg,farmer,0,1,0
sa_6325585.jpg,laborer,0,1,0
sa_4283974.jpg,carpenter,0,1,0
sa_3898243.jpg,ballplayer,1,1,0
sa_8412658.jpg,singer,0,0,0
sa_1117534.jpg,laborer,0,1,1
sa_97434.jpg,lawman,0,1,0
sa_6740247.jpg,lifeguard,0,0,0
sa_3554697.jpg,guitarist,0,1,0
sa_1751638.jpg,seller,0,1,0
sa_2334556.jpg,gardener,0,0,1
sa_6786228.jpg,boatman,1,0,0
sa_1549422.jpg,computer_user,1,1,0
sa_10697822.jpg,motorcyclist,0,1,0
sa_6172872.jpg,runner,0,1,0
sa_10414333.jpg,reporter,0,0,1
sa_9562842.jpg,gardener,1,1,0
sa_2654427.jpg,lawman,0,0,0
sa_7744991.jpg,patient,1,1,0
sa_9926767.jpg,motorcyclist,0,1,0
sa_3709513.jpg,computer_user,0,0,0
sa_620306.jpg,speaker,0,1,0
sa_8739404.jpg,repairman,0,0,0
sa_2568385.jpg,judge,0,0,0
sa_933163.jpg,student,1,0,0
sa_4233751.jpg,painter,0,1,0
sa_8462017.jpg,painter,0,1,0
sa_4724757.jpg,prayer,0,1,0
sa_3176998.jpg,backpacker,0,0,0
sa_5428717.jpg,repairman,0,0,0
sa_10170952.jpg,guard,0,1,0
sa_8717027.jpg,laborer,0,0,0
sa_1936471.jpg,climber,0,1,0
sa_4604048.jpg,laborer,1,0,0
sa_3561361.jpg,skateboarder,0,0,0
sa_2245932.jpg,machinist,1,1,0
sa_10253465.jpg,lawman,0,1,0
sa_3253947.jpg,lawman,0,1,0
sa_1387581.jpg,referee,0,0,0
sa_8885380.jpg,backpacker,0,0,0
sa_7828663.jpg,singer,0,2,0
sa_8793135.jpg,teacher,0,0,0
sa_7669692.jpg,backpacker,0,0,1
sa_4832952.jpg,prayer,0,1,0
sa_7046113.jpg,farmer,1,1,0
sa_7504890.jpg,computer_user,1,0,0
sa_3015728.jpg,lawman,0,1,0
sa_7852192.jpg,prayer,1,0,1
sa_106469.jpg,drummer,0,1,0
sa_5470681.jpg,guitarist,0,1,0
sa_2045998.jpg,backpacker,0,0,0
sa_7660781.jpg,teacher,1,0,0
sa_6670045.jpg,skateboarder,0,1,0
sa_9817864.jpg,farmer,0,1,0
sa_10728826.jpg,tennis_player,0,1,0
sa_9338280.jpg,carpenter,0,1,1
sa_4081590.jpg,skateboarder,0,1,0
sa_3333993.jpg,seller,0,1,0
sa_1596555.jpg,seller,0,2,0
sa_10826655.jpg,drummer,0,1,0
sa_606078.jpg,student,0,0,0
sa_6300958.jpg,retailer,1,0,0
sa_147552.jpg,referee,0,1,0
sa_10607882.jpg,guitarist,1,1,0
sa_4413852.jpg,backpacker,0,1,0
sa_3991746.jpg,singer,0,0,0
sa_884664.jpg,craftsman,0,0,0
sa_518590.jpg,repairman,0,1,0
sa_7424580.jpg,craftsman,0,1,0
sa_7913038.jpg,lawman,0,1,0
sa_7822775.jpg,guard,0,0,0
sa_6365031.jpg,repairman,0,1,0
sa_2546478.jpg,nurse,1,0,0
sa_6272935.jpg,machinist,0,1,0
sa_1543699.jpg,speaker,0,0,0
sa_754926.jpg,basketball_player,0,1,0
sa_10888046.jpg,skateboarder,0,0,0
sa_9597083.jpg,nurse,1,0,0
sa_2599326.jpg,guard,0,0,0
sa_2150185.jpg,soldier,0,0,0
sa_10384104.jpg,hairdresser,1,0,0
sa_917878.jpg,painter,1,1,0
sa_5578114.jpg,lawman,0,1,0
sa_3960142.jpg,farmer,0,2,0
sa_778664.jpg,lifeguard,0,1,0
sa_2333341.jpg,craftsman,1,1,1
sa_4042576.jpg,speaker,1,1,0
sa_175972.jpg,laborer,1,1,0
sa_2786695.jpg,gymnast,1,1,0
sa_4320111.jpg,doctor,1,0,0
sa_4532613.jpg,patient,0,1,1
sa_6861855.jpg,soccer_player,0,1,0
sa_7927561.jpg,craftsman,0,1,1
sa_10942581.jpg,craftsman,0,1,0
sa_9030028.jpg,climber,0,1,0
sa_11022977.jpg,horseman,0,0,0
sa_8513747.jpg,boatman,1,0,0
sa_973670.jpg,laborer,0,2,0
sa_8025631.jpg,farmer,0,1,0
sa_4387196.jpg,carpenter,0,1,0
sa_4907485.jpg,carpenter,0,1,0
sa_11044385.jpg,speaker,0,0,0
sa_592913.jpg,computer_user,1,0,0
sa_463357.jpg,boatman,0,0,0
sa_7666259.jpg,speaker,0,1,0
sa_2229138.jpg,drummer,0,0,0
sa_3229832.jpg,guitarist,0,1,0
sa_4201272.jpg,hairdresser,0,1,0
sa_3629885.jpg,singer,1,0,0
sa_7074589.jpg,singer,0,0,0
sa_4127257.jpg,repairman,0,1,0
sa_8981844.jpg,drummer,0,1,0
sa_318851.jpg,guard,0,0,0
sa_2550805.jpg,trumpeter,0,1,0
sa_7807974.jpg,farmer,0,0,0
sa_3243773.jpg,farmer,0,1,0
sa_3386657.jpg,tennis_player,0,1,0
sa_7274597.jpg,electrician,0,1,0
sa_2696867.jpg,dancer,1,0,0
sa_6300862.jpg,patient,0,2,0
sa_3069262.jpg,electrician,0,1,0
sa_4394583.jpg,lawman,0,1,0
sa_9608149.jpg,painter,0,0,0
sa_2999545.jpg,nurse,1,1,0
sa_5468920.jpg,tennis_player,0,1,0
sa_10880183.jpg,craftsman,0,1,0
sa_6547740.jpg,dancer,1,0,0
sa_917006.jpg,backpacker,0,0,0
sa_9804175.jpg,guitarist,1,0,0
sa_1469132.jpg,laborer,0,1,0
sa_4840828.jpg,speaker,0,0,0
sa_10964069.jpg,tennis_player,1,0,0
sa_2091831.jpg,craftsman,0,1,1
sa_11171993.jpg,machinist,0,0,0
sa_6378846.jpg,climber,1,0,0
sa_8469552.jpg,seller,1,1,0
sa_10456593.jpg,craftsman,0,1,0
sa_11088497.jpg,drummer,0,1,0
sa_5860835.jpg,skateboarder,0,1,0
sa_7657990.jpg,horseman,0,0,0
sa_8073576.jpg,seller,0,0,0
sa_5993439.jpg,seller,0,1,0
sa_6766505.jpg,craftsman,0,0,1
sa_8985730.jpg,guard,0,0,0
sa_3106168.jpg,backpacker,1,1,0
sa_6438728.jpg,guitarist,0,0,0
sa_5569974.jpg,craftsman,0,2,0
sa_4580672.jpg,craftsman,0,2,0
sa_5172587.jpg,gymnast,1,0,0
sa_5585735.jpg,speaker,0,1,0
sa_515494.jpg,retailer,1,1,0
sa_10856359.jpg,lifeguard,0,0,0
sa_3626895.jpg,craftsman,0,0,0
sa_6659824.jpg,speaker,0,0,0
sa_9722807.jpg,tennis_player,1,1,0
sa_3085786.jpg,backpacker,0,0,0
sa_4179445.jpg,laborer,0,0,0
sa_7744081.jpg,sculptor,0,0,1
sa_10837279.jpg,nurse,1,1,0
sa_1856311.jpg,lifeguard,0,1,0
sa_4441020.jpg,ballplayer,0,1,0
sa_3934232.jpg,farmer,0,1,0
sa_1359049.jpg,backpacker,0,0,0
sa_5753410.jpg,drummer,0,1,0
sa_8498732.jpg,basketball_player,0,0,0
sa_10640620.jpg,lawman,0,0,0
sa_6247385.jpg,farmer,0,1,0
sa_9483985.jpg,laborer,0,0,0
sa_6070152.jpg,skateboarder,0,1,0
sa_7081346.jpg,soccer_player,0,1,0
sa_9563044.jpg,lawman,0,1,0
sa_10311572.jpg,singer,1,0,0
sa_6747331.jpg,craftsman,0,1,0
sa_6491868.jpg,basketball_player,0,1,0
sa_5590429.jpg,lifeguard,1,0,0
sa_5746178.jpg,boatman,0,1,0
sa_10613703.jpg,guitarist,0,1,0
sa_4704695.jpg,craftsman,0,1,0
sa_910552.jpg,dancer,1,0,0
sa_9319303.jpg,painter,1,1,0
sa_8058674.jpg,hairdresser,0,1,0
sa_3226426.jpg,horseman,1,0,0
sa_13451.jpg,repairman,0,1,0
sa_1492107.jpg,gardener,1,1,1
sa_2265185.jpg,singer,0,1,0
sa_10893932.jpg,singer,0,1,0
sa_10585616.jpg,tennis_player,1,0,0
sa_8187571.jpg,lawman,0,0,0
sa_8536967.jpg,drummer,0,0,0
sa_5109999.jpg,referee,0,0,0
sa_74177.jpg,horseman,1,1,0
sa_3094921.jpg,lawman,0,1,0
sa_4237910.jpg,ballplayer,0,0,0
sa_606850.jpg,guitarist,0,0,0
sa_5233543.jpg,runner,0,0,0
sa_5565703.jpg,lawman,0,0,0
sa_7812853.jpg,laborer,0,1,1
sa_5120621.jpg,speaker,0,2,0
sa_401872.jpg,skateboarder,0,0,0
sa_5068397.jpg,repairman,0,0,0
sa_10488476.jpg,retailer,1,1,0
sa_8667959.jpg,skateboarder,0,1,0
sa_10637180.jpg,patient,0,1,0
sa_1434422.jpg,seller,0,1,0
sa_3579540.jpg,horseman,1,0,0
sa_4545502.jpg,craftsman,0,0,1
sa_1303043.jpg,tennis_player,0,1,0
sa_1468150.jpg,carpenter,0,0,0
sa_1749192.jpg,lifeguard,1,1,0
sa_2947494.jpg,prayer,0,1,0
sa_4902838.jpg,laborer,0,0,0
sa_2780185.jpg,referee,0,1,0
sa_5153838.jpg,guitarist,0,0,0
sa_60104.jpg,reporter,1,1,0
sa_8633090.jpg,backpacker,0,0,0
sa_6467541.jpg,guard,0,0,0
sa_10987539.jpg,singer,1,1,0
sa_1493636.jpg,seller,1,1,1
sa_5738678.jpg,tennis_player,0,0,0
sa_3304237.jpg,nurse,1,0,0
sa_5622021.jpg,retailer,0,0,0
sa_3967780.jpg,repairman,0,0,1
sa_3323409.jpg,climber,0,0,0
sa_6241897.jpg,computer_user,0,1,0
sa_5783541.jpg,prayer,1,1,1
sa_2114264.jpg,backpacker,0,0,0
sa_5131382.jpg,skateboarder,0,1,0
sa_1367724.jpg,singer,0,0,1
sa_8716769.jpg,singer,1,0,0
sa_2486817.jpg,craftsman,0,1,1
sa_6996844.jpg,seller,1,0,1
sa_610047.jpg,speaker,0,1,0
sa_780544.jpg,nurse,0,0,0
sa_6987576.jpg,flutist,0,1,1
sa_1660498.jpg,ballplayer,0,1,0
sa_3587977.jpg,backpacker,0,0,0
sa_7772062.jpg,lawman,0,1,0
sa_6507463.jpg,guitarist,0,0,0
sa_689401.jpg,ballplayer,0,1,0
sa_9796216.jpg,guitarist,0,1,0
sa_184202.jpg,judge,0,0,0
sa_5372073.jpg,guard,0,0,0
sa_2646074.jpg,drummer,0,0,0
sa_2009386.jpg,ballplayer,0,0,0
sa_2278821.jpg,lawman,0,0,0
sa_1420469.jpg,horseman,0,0,0
sa_9522749.jpg,runner,0,0,0
sa_10971909.jpg,singer,0,0,1
sa_4596097.jpg,skateboarder,0,1,0
sa_42980.jpg,sculptor,0,1,1
sa_5000249.jpg,guitarist,0,0,0
sa_9862142.jpg,laborer,0,1,0
sa_7012833.jpg,speaker,0,0,0
sa_5436532.jpg,guitarist,0,0,0
sa_511975.jpg,reporter,0,1,0
sa_10770249.jpg,dancer,1,0,0
sa_6922352.jpg,skateboarder,0,0,0
sa_1970944.jpg,machinist,0,1,0
sa_1385566.jpg,ballplayer,0,1,0
sa_3969553.jpg,repairman,0,0,0
sa_631216.jpg,craftsman,1,1,0
sa_3166141.jpg,laborer,0,1,1
sa_10123527.jpg,referee,0,0,1
sa_4252332.jpg,horseman,0,1,1
sa_7511507.jpg,painter,0,1,0
sa_4279950.jpg,seller,0,1,0
sa_2447901.jpg,guard,0,0,0
sa_4275043.jpg,soldier,0,0,0
sa_2370129.jpg,backpacker,0,0,0
sa_8093576.jpg,repairman,0,1,1
sa_4647692.jpg,speaker,1,0,0
sa_10106480.jpg,dancer,0,0,0
sa_2449473.jpg,nurse,1,1,1
sa_9113237.jpg,farmer,0,2,0
sa_875233.jpg,referee,0,0,0
sa_3110085.jpg,craftsman,0,1,1
sa_6495406.jpg,waiter,0,0,0
sa_3526164.jpg,referee,0,0,0
sa_8135602.jpg,computer_user,0,1,0
sa_6862530.jpg,nurse,0,1,0
sa_102726.jpg,soldier,0,0,0
sa_8698390.jpg,speaker,0,1,0
sa_6070559.jpg,waiter,0,0,0
sa_2325891.jpg,painter,1,0,0
sa_2438637.jpg,carpenter,0,0,0
sa_755738.jpg,repairman,0,1,0
sa_7120772.jpg,prayer,0,1,1
sa_6402635.jpg,sculptor,0,0,1
sa_4748312.jpg,lawman,0,0,0
sa_166329.jpg,soldier,0,1,1
sa_5210476.jpg,farmer,0,1,0
sa_9710150.jpg,guitarist,0,0,0
sa_5890474.jpg,guitarist,0,1,0
sa_1422174.jpg,singer,0,0,0
sa_10211682.jpg,computer_user,1,0,0
sa_6192519.jpg,carpenter,0,2,0
sa_387350.jpg,skateboarder,0,1,0
sa_4298593.jpg,prayer,0,1,0
sa_10642001.jpg,basketball_player,0,0,0
sa_8000695.jpg,singer,1,1,0
sa_7683512.jpg,runner,0,1,0
sa_9018321.jpg,ballplayer,0,0,1
sa_9996746.jpg,reporter,0,0,0
sa_4571920.jpg,reporter,0,0,0
sa_8830676.jpg,farmer,0,1,0
sa_5912260.jpg,fireman,0,0,0
sa_9410816.jpg,motorcyclist,1,0,0
sa_5736147.jpg,soldier,0,0,0
sa_3223303.jpg,laborer,0,1,0
sa_9575365.jpg,speaker,0,0,0
sa_1068714.jpg,lawman,0,1,0
sa_5642962.jpg,laborer,0,1,0
sa_271879.jpg,retailer,0,1,0
sa_10229317.jpg,computer_user,1,0,0
sa_10130929.jpg,guitarist,0,1,1
sa_9521930.jpg,horseman,0,0,0
sa_8328729.jpg,climber,0,1,0
sa_164810.jpg,craftsman,0,1,0
sa_11120273.jpg,seller,1,1,1
sa_2233492.jpg,horseman,1,0,0
sa_5935011.jpg,drummer,0,1,0
sa_8077411.jpg,lawman,1,1,0
sa_7685224.jpg,hairdresser,0,1,0
sa_10928765.jpg,skateboarder,0,0,0
sa_1447484.jpg,backpacker,0,0,0
sa_7339692.jpg,gymnast,1,0,0
sa_1347593.jpg,hairdresser,0,2,0
sa_1384220.jpg,computer_user,0,1,0
sa_3940132.jpg,reporter,0,0,0
sa_11541.jpg,ballplayer,0,0,0
sa_5261573.jpg,gardener,0,1,0
sa_3689289.jpg,motorcyclist,0,1,0
sa_1968795.jpg,backpacker,0,1,0
sa_8255728.jpg,gymnast,0,0,0
sa_1319629.jpg,farmer,1,1,0
sa_1314104.jpg,gardener,0,1,0
sa_5841341.jpg,tennis_player,0,1,0
sa_1888533.jpg,lawman,0,0,0
sa_10096871.jpg,gardener,0,0,0
sa_10034633.jpg,basketball_player,0,0,0
sa_1567498.jpg,dancer,1,1,0
sa_4143666.jpg,farmer,1,1,0
sa_941293.jpg,sculptor,0,1,0
sa_3916417.jpg,singer,0,0,0
sa_5190689.jpg,dancer,1,0,0
sa_110623.jpg,gardener,0,1,0
sa_11043199.jpg,farmer,0,1,1
sa_5465706.jpg,skateboarder,0,0,0
sa_7873048.jpg,motorcyclist,1,2,0
sa_7830255.jpg,singer,0,1,0
sa_9248842.jpg,guitarist,0,0,0
sa_2945419.jpg,tennis_player,0,1,0
sa_3541054.jpg,horseman,0,0,0
sa_5374592.jpg,singer,0,0,0
sa_9545144.jpg,computer_user,1,1,0
sa_420508.jpg,repairman,0,0,0
sa_719515.jpg,patient,0,0,0
sa_5563359.jpg,sculptor,0,0,0
sa_2443569.jpg,horseman,1,1,0
sa_2963586.jpg,craftsman,0,0,0
sa_8139344.jpg,tennis_player,0,0,0
sa_1977053.jpg,cheerleader,0,1,0
sa_8253748.jpg,speaker,0,0,0
sa_5843631.jpg,gymnast,1,0,0
sa_7674108.jpg,speaker,0,0,0
sa_10252365.jpg,skateboarder,0,1,0
sa_10813572.jpg,farmer,0,0,0
sa_10535766.jpg,laborer,0,1,0
sa_1331533.jpg,computer_user,0,0,0
sa_10861772.jpg,motorcyclist,0,1,0
sa_7197923.jpg,laborer,0,1,0
sa_4009050.jpg,speaker,0,0,0
sa_2519152.jpg,doctor,1,1,0
sa_8594648.jpg,farmer,0,0,0
sa_6764030.jpg,speaker,0,1,0
sa_10544067.jpg,tennis_player,0,0,0
sa_8569057.jpg,lawman,1,0,0
sa_1074626.jpg,machinist,0,2,0
sa_9323692.jpg,repairman,1,1,0
sa_1029136.jpg,singer,0,0,0
sa_4372276.jpg,horseman,0,1,0
sa_191334.jpg,repairman,0,1,0
sa_2279236.jpg,painter,1,0,0
sa_6791953.jpg,boatman,0,0,0
sa_1397128.jpg,soccer_player,1,0,0
sa_846265.jpg,singer,0,0,0
sa_6513834.jpg,gymnast,1,0,0
sa_3047492.jpg,lawman,0,1,0
sa_10749694.jpg,boatman,0,1,0
sa_6176320.jpg,lawman,0,1,0
sa_4209020.jpg,lawman,0,0,0
sa_5777749.jpg,soldier,0,0,0
sa_256130.jpg,computer_user,1,0,0
sa_4221431.jpg,machinist,0,1,0
sa_4880186.jpg,referee,0,0,0
sa_7609240.jpg,seller,1,1,0
sa_3870191.jpg,skateboarder,0,0,0
sa_7217697.jpg,skateboarder,0,1,0
sa_10628393.jpg,skateboarder,0,1,0
sa_1784099.jpg,farmer,1,1,1
sa_7240604.jpg,guitarist,0,1,0
sa_6783703.jpg,lifeguard,0,0,1
sa_4520763.jpg,craftsman,1,1,0
sa_9942810.jpg,farmer,0,2,1
sa_3794629.jpg,repairman,0,0,0
sa_3374789.jpg,patient,0,0,1
sa_6669953.jpg,singer,0,1,0
sa_4556661.jpg,waiter,1,1,0
sa_974688.jpg,boatman,1,1,0
sa_3920545.jpg,skateboarder,0,1,0
sa_515757.jpg,horseman,0,0,0
sa_7092811.jpg,lawman,0,0,0
sa_2530751.jpg,horseman,0,1,0
sa_9704565.jpg,laborer,0,1,0
sa_8029450.jpg,skateboarder,0,1,0
sa_8273120.jpg,guitarist,0,0,0
sa_8690592.jpg,retailer,1,0,0
sa_2874781.jpg,farmer,0,1,0
sa_8836754.jpg,doctor,0,1,0
sa_7320846.jpg,reporter,0,1,0
sa_10860013.jpg,gymnast,0,1,0
sa_5917434.jpg,boatman,0,1,0
sa_2671835.jpg,singer,0,1,0
sa_8447730.jpg,machinist,0,1,0
sa_10845242.jpg,singer,0,1,0
sa_2191088.jpg,lawman,0,0,0
sa_1491944.jpg,painter,0,0,1
sa_4987244.jpg,farmer,1,1,0
sa_2948228.jpg,drummer,0,1,0
sa_11154388.jpg,skateboarder,0,1,0
sa_1370499.jpg,lifeguard,0,1,0
sa_1412655.jpg,patient,0,1,0
sa_3793382.jpg,disk_jockey,0,0,0
sa_6766402.jpg,carpenter,0,1,0
sa_1610727.jpg,soldier,0,1,0
sa_2216133.jpg,farmer,0,1,0
sa_6731934.jpg,runner,0,0,0
sa_8293737.jpg,patient,1,1,1
sa_3063233.jpg,soldier,0,0,0
sa_7061027.jpg,painter,0,2,0
sa_6634952.jpg,guitarist,0,0,0
sa_9936696.jpg,lawman,0,0,0
sa_4486777.jpg,prayer,0,0,0
sa_9645538.jpg,carpenter,0,0,1
sa_5750055.jpg,horseman,1,0,0
sa_7715989.jpg,repairman,0,1,0
sa_2003944.jpg,seller,0,1,1
sa_10004637.jpg,tennis_player,0,0,0
sa_7545741.jpg,computer_user,1,0,0
sa_4545300.jpg,patient,0,1,0
sa_3347235.jpg,lawman,0,1,0
sa_6829521.jpg,lifeguard,0,0,0
sa_8742072.jpg,craftsman,0,1,1
sa_4000047.jpg,seller,0,1,1
sa_2959389.jpg,lawman,0,1,0
sa_920923.jpg,climber,0,1,0
sa_6607538.jpg,soldier,0,1,0
sa_1276280.jpg,guard,0,2,0
sa_5294114.jpg,ballplayer,0,0,0
sa_15952.jpg,craftsman,0,0,0
sa_5441975.jpg,guitarist,0,1,0
sa_11073555.jpg,retailer,0,1,0
sa_236627.jpg,disk_jockey,0,0,0
sa_9260824.jpg,repairman,0,1,0
sa_4343977.jpg,motorcyclist,0,1,0
sa_4370648.jpg,basketball_player,0,2,0
sa_5305229.jpg,guitarist,0,0,0
sa_9837631.jpg,runner,0,1,0
sa_5218615.jpg,guard,0,0,0
sa_4489958.jpg,singer,0,0,0
sa_4554072.jpg,astronaut,0,0,0
sa_2129246.jpg,computer_user,0,0,0
sa_1987545.jpg,basketball_player,0,0,0
sa_9904439.jpg,soldier,0,1,0
sa_11147416.jpg,sculptor,0,1,1
sa_8943076.jpg,hairdresser,1,1,0
sa_3971144.jpg,guitarist,0,2,0
sa_5921708.jpg,lawman,0,1,0
sa_4497960.jpg,computer_user,0,0,0
sa_1182352.jpg,seller,1,0,0
sa_3787193.jpg,nurse,0,1,0
sa_10399390.jpg,guard,0,1,0
sa_5522400.jpg,backpacker,1,0,0
sa_365383.jpg,singer,0,0,0
sa_286716.jpg,singer,0,0,1
sa_6682194.jpg,disk_jockey,0,0,0
sa_6059114.jpg,nurse,1,1,0
sa_1341999.jpg,computer_user,0,2,0
sa_8137950.jpg,speaker,1,1,0
sa_2049743.jpg,painter,0,1,0
sa_4053202.jpg,painter,0,0,0
sa_2949780.jpg,nurse,0,1,0
sa_2059872.jpg,lawman,0,1,0
sa_5530555.jpg,boatman,0,0,0
sa_9288734.jpg,reporter,0,1,0
sa_8046579.jpg,backpacker,1,0,0
sa_2613897.jpg,reporter,0,1,0
sa_4416975.jpg,speaker,0,2,0
sa_6333458.jpg,guitarist,0,1,0
sa_10322021.jpg,singer,0,0,0
sa_2872329.jpg,waiter,0,1,0
sa_2721371.jpg,speaker,0,1,0
sa_4006492.jpg,guitarist,0,0,1
sa_125382.jpg,retailer,0,0,0
sa_1460619.jpg,horseman,1,0,0
sa_7693711.jpg,soldier,0,0,0
sa_1818549.jpg,boatman,0,1,0
sa_7851726.jpg,climber,0,0,0
sa_6839229.jpg,craftsman,0,1,0
sa_5400620.jpg,nurse,1,0,0
sa_2748626.jpg,laborer,0,0,0
sa_9379294.jpg,guard,0,0,0
sa_8987298.jpg,guard,0,0,0
sa_9189480.jpg,boatman,1,0,0
sa_1382706.jpg,tennis_player,0,1,0
sa_572190.jpg,gardener,0,0,0
sa_2175748.jpg,tennis_player,0,0,0
sa_1317761.jpg,lawman,0,0,0
sa_1903011.jpg,student,1,0,0
sa_6634489.jpg,laborer,0,1,0
sa_9337893.jpg,soldier,0,0,0
sa_2149703.jpg,painter,0,1,1
sa_10626731.jpg,lawman,0,2,0
sa_4515275.jpg,sculptor,0,1,0
sa_10653582.jpg,guard,0,0,0
sa_3715538.jpg,hairdresser,0,0,1
sa_5553808.jpg,skateboarder,0,1,0
sa_4430152.jpg,sculptor,0,0,1
sa_3511213.jpg,laborer,0,0,1
sa_899597.jpg,backpacker,1,0,0
sa_4848866.jpg,guard,0,0,0
sa_10068268.jpg,speaker,1,0,0
sa_1817769.jpg,dancer,1,0,0
sa_10023839.jpg,speaker,1,1,0
sa_5320366.jpg,lawman,0,0,1
sa_1754570.jpg,guard,0,0,1
sa_2623733.jpg,guard,0,0,0
sa_1695798.jpg,dancer,1,0,0
sa_4301842.jpg,retailer,0,1,0
sa_7036997.jpg,speaker,0,1,1
sa_10192144.jpg,painter,0,1,1
sa_2731923.jpg,skateboarder,0,0,0
sa_1702645.jpg,seller,1,1,0
sa_10390212.jpg,reporter,0,0,0
sa_10399250.jpg,nurse,1,0,0
sa_368589.jpg,hairdresser,0,1,1
sa_4916240.jpg,climber,0,1,0
sa_9284908.jpg,backpacker,0,0,0
sa_3549046.jpg,gymnast,0,0,0
sa_4885168.jpg,repairman,0,1,0
sa_3190414.jpg,speaker,0,0,0
sa_2601370.jpg,astronaut,0,0,0
sa_5580893.jpg,speaker,0,0,0
sa_188416.jpg,craftsman,0,1,0
sa_5299329.jpg,tennis_player,1,0,0
sa_1929122.jpg,speaker,1,1,0
sa_1805405.jpg,seller,0,1,0
sa_2623586.jpg,speaker,0,1,0
sa_9278374.jpg,dancer,1,1,0
sa_5019951.jpg,seller,0,1,0
sa_3637038.jpg,repairman,0,1,0
sa_2071755.jpg,speaker,0,0,0
sa_2181520.jpg,boatman,0,1,0
sa_3943571.jpg,backpacker,0,0,0
sa_11130702.jpg,hairdresser,0,1,0
sa_3986273.jpg,tennis_player,0,1,0
sa_6725268.jpg,electrician,0,1,0
sa_3008937.jpg,gardener,0,1,0
sa_5945100.jpg,seller,0,1,0
sa_7576613.jpg,tennis_player,0,0,0
sa_8812021.jpg,speaker,0,1,0
sa_6529062.jpg,basketball_player,0,1,0
sa_5565747.jpg,ballplayer,0,1,0
sa_2069099.jpg,backpacker,0,1,0
sa_3012918.jpg,patient,0,1,0
sa_4719911.jpg,horseman,0,0,0
sa_2196161.jpg,ballplayer,0,1,0
sa_853799.jpg,motorcyclist,1,1,0
sa_276063.jpg,electrician,0,0,0
sa_3573605.jpg,nurse,1,0,0
sa_11016966.jpg,farmer,0,1,1
sa_8095912.jpg,soldier,0,0,0
sa_4224719.jpg,boatman,0,1,1
sa_2499281.jpg,backpacker,1,0,0
sa_9999616.jpg,drummer,1,0,0
sa_9554864.jpg,painter,0,1,0
sa_7616836.jpg,computer_user,0,0,0
sa_157247.jpg,gymnast,1,0,0
sa_3266622.jpg,runner,1,0,0
sa_1599494.jpg,painter,0,1,0
sa_10131553.jpg,singer,0,0,0
sa_4470662.jpg,guitarist,0,2,0
sa_7578549.jpg,singer,1,1,0
sa_899295.jpg,boatman,1,0,0
sa_4290424.jpg,singer,0,1,0
sa_4236944.jpg,painter,1,0,0
sa_9545692.jpg,speaker,1,1,0
sa_6098812.jpg,guitarist,0,1,0
sa_2612246.jpg,guitarist,0,0,0
sa_8752827.jpg,lawman,0,0,0
sa_2367659.jpg,lawman,0,1,0
sa_925763.jpg,basketball_player,0,1,0
sa_4079700.jpg,speaker,0,1,1
sa_6688798.jpg,skateboarder,0,1,0
sa_10857334.jpg,singer,0,0,0
sa_757649.jpg,speaker,0,0,0
sa_896097.jpg,referee,0,0,0
sa_5098598.jpg,farmer,0,1,0
sa_5728204.jpg,lawman,0,0,0
sa_9708669.jpg,seller,1,0,0
sa_1405976.jpg,ballplayer,1,1,0
sa_4059999.jpg,painter,0,1,1
sa_7190023.jpg,computer_user,0,0,0
sa_152935.jpg,repairman,0,0,0
sa_5465335.jpg,singer,1,0,0
sa_1462121.jpg,singer,0,0,0
sa_8938854.jpg,craftsman,0,1,0
sa_8197391.jpg,flutist,0,1,0
sa_5856173.jpg,laborer,0,0,1
sa_9853189.jpg,painter,0,1,1
sa_6272095.jpg,lawman,0,1,0
sa_4230465.jpg,seller,1,1,0
sa_6930651.jpg,speaker,0,1,0
sa_7689845.jpg,skateboarder,0,0,0
sa_2608385.jpg,teacher,1,0,0
sa_5593048.jpg,singer,1,1,0
sa_3038780.jpg,disk_jockey,0,0,0
sa_9746976.jpg,guard,0,0,0
sa_5187549.jpg,painter,0,0,0
sa_6002682.jpg,sculptor,0,0,0
sa_6728301.jpg,painter,0,0,1
sa_1441403.jpg,judge,1,0,0
sa_5903202.jpg,farmer,0,1,0
sa_2162286.jpg,singer,0,2,0
sa_6508741.jpg,basketball_player,0,0,0
sa_1793094.jpg,retailer,1,0,0
sa_10199063.jpg,runner,1,1,0
sa_305113.jpg,prayer,0,1,0
sa_9557677.jpg,laborer,0,0,0
sa_2920404.jpg,machinist,0,1,0
sa_1363840.jpg,farmer,0,1,1
sa_5662703.jpg,laborer,0,1,1
sa_3268083.jpg,speaker,1,0,0
sa_473588.jpg,laborer,0,1,0
sa_7072705.jpg,hairdresser,0,1,0
sa_350152.jpg,tennis_player,0,0,0
sa_10873159.jpg,skateboarder,0,1,0
sa_7851661.jpg,tennis_player,0,1,0
sa_4563150.jpg,lawman,0,0,1
sa_10182920.jpg,repairman,0,1,0
sa_2021242.jpg,guard,0,1,0
sa_10497746.jpg,tennis_player,1,0,0
sa_5569734.jpg,patient,1,1,1
sa_7732002.jpg,backpacker,0,1,0
sa_3117309.jpg,seller,0,1,0
sa_6030511.jpg,reporter,1,0,0
sa_506109.jpg,hairdresser,0,2,0
sa_2746131.jpg,guitarist,0,1,0
sa_8625041.jpg,guitarist,0,1,0
sa_6844966.jpg,speaker,0,1,0
sa_9339953.jpg,drummer,0,0,0
sa_2591711.jpg,skateboarder,0,1,0
sa_7005202.jpg,speaker,0,1,1
sa_9544318.jpg,seller,0,0,0
sa_2114965.jpg,craftsman,0,1,1
sa_5592862.jpg,lawman,0,0,0
sa_8866168.jpg,farmer,0,1,0
sa_9356798.jpg,farmer,0,2,0
sa_4986654.jpg,lawman,0,2,0
sa_901899.jpg,repairman,0,0,0
sa_4662437.jpg,reporter,1,0,0
sa_9777583.jpg,computer_user,0,1,0
sa_9590177.jpg,repairman,0,0,0
sa_2513003.jpg,climber,1,0,0
sa_189153.jpg,dancer,1,0,0
sa_10614394.jpg,climber,0,1,0
sa_446483.jpg,singer,1,0,0
sa_4381259.jpg,horseman,0,0,0
sa_2961012.jpg,carpenter,0,1,0
sa_1857871.jpg,tennis_player,0,1,0
sa_6346183.jpg,soldier,0,1,0
sa_1767103.jpg,drummer,0,1,0
sa_1720563.jpg,dancer,0,0,0
sa_5181461.jpg,soldier,0,1,0
sa_8381515.jpg,drummer,1,1,0
sa_2252498.jpg,speaker,0,1,0
sa_196287.jpg,ballplayer,0,0,0
sa_10926534.jpg,reporter,0,1,0
sa_5079912.jpg,repairman,0,1,0
sa_4000707.jpg,runner,0,1,0
sa_10081315.jpg,retailer,1,1,0
sa_636494.jpg,runner,1,0,0
sa_2949909.jpg,tennis_player,0,0,0
sa_6688542.jpg,guitarist,0,0,0
sa_6123555.jpg,boatman,0,1,0
sa_928366.jpg,electrician,0,1,0
sa_4737717.jpg,repairman,0,1,0
sa_4674519.jpg,cheerleader,1,1,0
sa_9455565.jpg,guitarist,0,0,0
sa_1090119.jpg,lawman,0,0,0
sa_872190.jpg,guard,0,0,1
sa_6401570.jpg,craftsman,1,2,0
sa_8713215.jpg,speaker,1,0,0
sa_6272640.jpg,seller,0,0,1
sa_1243853.jpg,doctor,0,2,0
sa_8489176.jpg,singer,1,2,0
sa_10769375.jpg,carpenter,0,1,0
sa_7599925.jpg,waiter,1,0,0
sa_1224060.jpg,gardener,0,1,0
sa_10617542.jpg,waiter,0,0,0
sa_7498751.jpg,painter,0,1,0
sa_5178762.jpg,laborer,0,1,0
sa_1435095.jpg,singer,1,1,0
sa_10340266.jpg,tennis_player,0,1,0
sa_9634636.jpg,lawman,1,1,0
sa_6038547.jpg,disk_jockey,0,0,0
sa_7264653.jpg,motorcyclist,0,1,0
sa_1692252.jpg,lawman,0,0,0
sa_10708022.jpg,singer,0,0,0
sa_9503679.jpg,farmer,0,1,0
sa_3944124.jpg,nurse,1,1,0
sa_2996494.jpg,nurse,1,1,0
sa_772439.jpg,guitarist,0,0,0
sa_6674516.jpg,guard,0,0,0
sa_7406100.jpg,skateboarder,0,0,0
sa_15807.jpg,carpenter,0,0,0
sa_1711416.jpg,seller,0,1,0
sa_4747108.jpg,soccer_player,0,1,0
sa_7521355.jpg,repairman,0,1,0
sa_1737209.jpg,singer,0,0,0
sa_5209444.jpg,lawman,0,1,0
sa_9132763.jpg,trumpeter,0,1,0
sa_5781645.jpg,boatman,0,0,1
sa_5913319.jpg,repairman,0,1,0
sa_11012872.jpg,climber,0,0,0
sa_2379357.jpg,tennis_player,0,0,0
sa_3513715.jpg,gymnast,0,1,0
sa_3538701.jpg,laborer,0,0,0
sa_9008228.jpg,horseman,0,1,0
sa_10327840.jpg,soldier,0,0,0
sa_2511572.jpg,singer,1,1,0
sa_3240779.jpg,laborer,0,0,0
sa_7374315.jpg,lawman,0,1,0
sa_5935072.jpg,tennis_player,0,0,0
sa_10771736.jpg,tennis_player,0,0,0
sa_8675191.jpg,tennis_player,0,0,0
sa_569878.jpg,climber,0,1,0
sa_3356166.jpg,computer_user,1,0,0
sa_7654727.jpg,guard,0,0,0
sa_8749886.jpg,farmer,0,0,0
sa_4294013.jpg,guard,0,0,0
sa_7615518.jpg,computer_user,1,1,0
sa_3541651.jpg,backpacker,0,1,0
sa_3059384.jpg,basketball_player,0,0,0
sa_8682500.jpg,gardener,1,0,1
sa_8468390.jpg,tennis_player,0,0,0
sa_3928931.jpg,ballplayer,0,1,0
sa_4170095.jpg,guard,0,0,0
sa_7400603.jpg,student,1,0,0
sa_766743.jpg,ballplayer,0,0,0
sa_4024224.jpg,painter,0,1,0
sa_495683.jpg,farmer,0,0,0
sa_1117420.jpg,singer,0,0,0
sa_2182049.jpg,guard,0,1,0
sa_7344264.jpg,lawman,0,1,0
sa_2897495.jpg,doctor,1,0,0
sa_3466495.jpg,lawman,0,0,1
sa_1671083.jpg,tennis_player,1,1,0
sa_8646283.jpg,soldier,0,1,0
sa_4450995.jpg,speaker,0,0,1
sa_10277548.jpg,lawman,0,1,0
sa_10491023.jpg,gardener,0,0,0
sa_2453561.jpg,skateboarder,0,1,0
sa_1195619.jpg,computer_user,0,1,0
sa_4411084.jpg,boatman,0,1,0
sa_5106847.jpg,horseman,0,0,0
sa_978742.jpg,computer_user,1,0,0
sa_5721309.jpg,skateboarder,0,0,0
sa_9437550.jpg,speaker,0,1,0
sa_615346.jpg,laborer,0,1,0
sa_889652.jpg,tennis_player,0,1,0
sa_9724657.jpg,lawman,0,0,0
sa_3698672.jpg,guard,0,1,0
sa_8692855.jpg,gymnast,1,1,0
sa_11054725.jpg,computer_user,0,1,0
sa_6777133.jpg,computer_user,0,1,0
sa_4066974.jpg,skateboarder,0,0,0
sa_119286.jpg,seller,1,1,0
sa_5955531.jpg,singer,0,1,0
sa_2255583.jpg,drummer,0,0,0
sa_3734161.jpg,speaker,0,0,0
sa_11034656.jpg,repairman,0,1,0
sa_4992354.jpg,singer,0,1,0
sa_1116294.jpg,lawman,0,0,0
sa_6186525.jpg,singer,1,0,0
sa_4908922.jpg,sculptor,0,1,0
sa_7859171.jpg,guard,0,0,0
sa_8417360.jpg,painter,1,0,0
sa_2559933.jpg,speaker,0,1,0
sa_2435535.jpg,seller,1,1,0
sa_1078034.jpg,ballplayer,0,0,0
sa_1640428.jpg,prayer,1,1,0
sa_10412796.jpg,guard,0,0,0
sa_7091571.jpg,laborer,0,1,0
sa_5480341.jpg,seller,0,0,1
sa_10987722.jpg,boatman,1,1,1
sa_7978182.jpg,nurse,0,1,1
sa_9255674.jpg,gardener,1,1,0
sa_3702345.jpg,speaker,0,1,0
sa_9349563.jpg,referee,0,0,0
sa_9391765.jpg,machinist,0,1,0
sa_5413931.jpg,lawman,0,0,0
sa_2343727.jpg,tennis_player,0,1,0
sa_8434301.jpg,trumpeter,0,0,0
sa_9970763.jpg,doctor,1,0,0
sa_4130601.jpg,farmer,1,1,0
sa_4484976.jpg,craftsman,0,0,0
sa_2374444.jpg,patient,0,1,0
sa_9955974.jpg,nurse,1,1,0
sa_8547774.jpg,skateboarder,0,0,0
sa_8792624.jpg,tennis_player,1,0,0
sa_1387445.jpg,computer_user,0,1,0
sa_7500812.jpg,gardener,0,1,0
sa_11151034.jpg,skateboarder,0,0,0
sa_10372535.jpg,guitarist,0,1,0
sa_7554038.jpg,speaker,0,1,0
sa_766770.jpg,horseman,0,0,0
sa_5656711.jpg,tennis_player,1,1,0
sa_9055871.jpg,lawman,0,1,0
sa_6219807.jpg,seller,0,1,0
sa_6321703.jpg,farmer,0,1,0
sa_7241445.jpg,singer,1,0,0
sa_883066.jpg,machinist,0,1,0
sa_1994875.jpg,soldier,0,0,0
sa_4299810.jpg,lawman,0,0,0
sa_6886440.jpg,tennis_player,0,0,0
sa_5333880.jpg,motorcyclist,0,1,0
sa_873461.jpg,speaker,0,1,1
sa_7798416.jpg,runner,1,0,0
sa_4023420.jpg,speaker,1,1,0
sa_3631404.jpg,nurse,0,1,0
sa_1524818.jpg,farmer,1,1,0
sa_11150938.jpg,craftsman,0,1,0
sa_2525996.jpg,singer,0,0,0
sa_2306529.jpg,speaker,0,1,0
sa_7497883.jpg,dancer,0,1,0
sa_6188030.jpg,craftsman,0,1,0
sa_3680733.jpg,gymnast,0,0,0
sa_433133.jpg,farmer,1,1,0
sa_10236298.jpg,runner,0,1,0
sa_1573933.jpg,carpenter,0,1,0
sa_4804984.jpg,tennis_player,0,0,0
sa_5592475.jpg,student,0,0,0
sa_5462879.jpg,tennis_player,0,0,0
sa_294522.jpg,retailer,0,1,0
sa_7003316.jpg,farmer,0,1,1
sa_4068475.jpg,painter,0,1,0
sa_8794365.jpg,gymnast,0,0,0
sa_4945939.jpg,gardener,0,0,1
sa_10197059.jpg,ballplayer,0,1,0
sa_7032741.jpg,repairman,0,1,1
sa_5278395.jpg,lawman,0,1,0
sa_8438635.jpg,ballplayer,0,0,0
sa_3894927.jpg,retailer,0,0,0
sa_9634926.jpg,lawman,0,1,0
sa_10857330.jpg,climber,0,1,0
sa_1004306.jpg,disk_jockey,0,0,0
sa_5500056.jpg,boatman,0,1,0
sa_1957735.jpg,soldier,0,0,0
sa_2937365.jpg,retailer,0,0,0
sa_10757325.jpg,teacher,1,0,0
sa_8543615.jpg,climber,0,2,0
sa_3104421.jpg,craftsman,0,1,0
sa_775625.jpg,sculptor,0,1,0
sa_2285964.jpg,trumpeter,0,1,0
sa_488574.jpg,motorcyclist,0,1,0
sa_10202700.jpg,speaker,0,2,0
sa_5100386.jpg,guard,0,0,0
sa_5843795.jpg,seller,1,0,0
sa_7202470.jpg,seller,0,1,0
sa_5690944.jpg,dancer,0,2,0
sa_5720700.jpg,tennis_player,0,0,0
sa_3868929.jpg,lawman,0,0,0
sa_3513021.jpg,singer,1,0,0
sa_2345035.jpg,computer_user,1,0,0
sa_6222540.jpg,lawman,1,0,0
sa_6088007.jpg,reporter,1,0,0
sa_7429074.jpg,laborer,0,1,0
sa_8168435.jpg,horseman,1,0,0
sa_2937441.jpg,singer,1,1,0
sa_5211808.jpg,tennis_player,0,1,0
sa_8286364.jpg,electrician,0,1,0
sa_7557062.jpg,gymnast,0,0,0
sa_11150814.jpg,lawman,0,1,0
sa_10495063.jpg,singer,0,0,0
sa_10499756.jpg,seller,1,0,0
sa_3764269.jpg,craftsman,0,1,1
sa_8924091.jpg,repairman,0,1,0
sa_9860923.jpg,horseman,0,0,0
sa_4288368.jpg,horseman,0,0,0
sa_458398.jpg,backpacker,1,0,0
sa_2240748.jpg,nurse,1,0,0
sa_9466753.jpg,speaker,0,0,0
sa_10166211.jpg,farmer,0,1,0
sa_8530935.jpg,doctor,0,1,0
sa_9867746.jpg,painter,0,1,0
sa_5976694.jpg,skateboarder,0,1,0
sa_9806385.jpg,prayer,1,1,0
sa_9319470.jpg,guitarist,1,0,0
sa_9051365.jpg,climber,0,0,0
sa_9023006.jpg,astronaut,0,1,0
sa_6034876.jpg,climber,0,0,0
sa_488792.jpg,gymnast,0,0,0
sa_4830604.jpg,craftsman,0,1,1
sa_4802695.jpg,student,0,1,0
sa_2595745.jpg,gardener,0,0,0
sa_9162192.jpg,painter,0,1,0
sa_7971175.jpg,guitarist,0,0,0
sa_8022355.jpg,basketball_player,0,1,0
sa_3034552.jpg,doctor,0,1,0
sa_10996499.jpg,dancer,0,0,0
sa_4117241.jpg,dancer,1,0,0
sa_7027526.jpg,lifeguard,0,1,0
sa_8914669.jpg,lawman,0,0,0
sa_3223795.jpg,prayer,0,0,0
sa_5712543.jpg,referee,0,0,0
sa_2660616.jpg,referee,0,1,0
sa_9082924.jpg,speaker,0,0,0
sa_10388568.jpg,ballplayer,0,1,0
sa_10234292.jpg,prayer,0,1,0
sa_1288175.jpg,trumpeter,0,0,1
sa_9311892.jpg,climber,0,0,0
sa_1229889.jpg,hairdresser,0,1,0
sa_7188332.jpg,singer,1,0,0
sa_6035543.jpg,lawman,0,0,0
sa_9594788.jpg,craftsman,0,1,0
sa_209816.jpg,ballplayer,0,1,0
sa_7043061.jpg,reporter,0,1,0
sa_5132783.jpg,hairdresser,1,0,0
sa_7943968.jpg,soccer_player,0,0,0
sa_6437212.jpg,backpacker,0,1,0
sa_9232453.jpg,singer,0,0,0
sa_10217841.jpg,speaker,0,0,0
sa_9826090.jpg,referee,0,1,1
sa_5895690.jpg,craftsman,1,1,1
sa_8731712.jpg,teacher,1,0,0
sa_8070966.jpg,retailer,0,1,0
sa_288902.jpg,repairman,0,1,0
sa_8066531.jpg,laborer,0,0,0
sa_5864851.jpg,boatman,0,1,0
sa_10812868.jpg,flutist,0,1,0
sa_2404421.jpg,speaker,0,0,1
sa_3121776.jpg,lawman,0,1,0
sa_5753536.jpg,ballplayer,0,0,0
sa_9107829.jpg,speaker,1,0,0
sa_622007.jpg,student,0,0,0
sa_11009867.jpg,farmer,0,1,1
sa_5863939.jpg,sculptor,1,1,0
sa_3616731.jpg,gymnast,0,1,0
sa_213216.jpg,doctor,1,1,0
sa_497753.jpg,lawman,0,0,0
sa_9110315.jpg,guitarist,0,1,0
sa_11160205.jpg,retailer,1,1,0
sa_5316707.jpg,sculptor,0,1,0
sa_7213451.jpg,tennis_player,0,0,0
sa_9604483.jpg,astronaut,0,1,0
sa_6565268.jpg,basketball_player,0,1,0
sa_3888294.jpg,farmer,0,1,0
sa_4109760.jpg,basketball_player,0,1,0
sa_8077221.jpg,farmer,0,1,0
sa_10750298.jpg,tennis_player,0,1,0
sa_3775641.jpg,lawman,0,0,0
sa_9222660.jpg,motorcyclist,0,1,0
sa_232308.jpg,horseman,0,0,0
sa_6705957.jpg,electrician,0,0,0
sa_6052776.jpg,drummer,0,0,0
sa_8205408.jpg,computer_user,0,1,0
sa_10459138.jpg,tennis_player,1,1,0
sa_7686070.jpg,speaker,1,0,0
sa_8341864.jpg,computer_user,1,0,0
sa_2905860.jpg,speaker,0,0,0
sa_4669124.jpg,soldier,0,1,0
sa_10385339.jpg,sculptor,1,1,0
sa_6945455.jpg,seller,1,1,1
sa_11064851.jpg,runner,0,1,0
sa_5093441.jpg,craftsman,0,0,0
sa_6528552.jpg,horseman,1,0,0
sa_1760011.jpg,boatman,1,1,0
sa_8418697.jpg,soccer_player,0,0,0
sa_9369790.jpg,speaker,0,0,0
sa_7762475.jpg,waiter,0,1,0
sa_3174843.jpg,waiter,0,1,0
sa_2333028.jpg,backpacker,0,0,0
sa_2654147.jpg,trumpeter,0,2,0
sa_8918326.jpg,skateboarder,0,1,0
sa_4844581.jpg,singer,0,0,0
sa_4478903.jpg,hairdresser,0,0,1
sa_8443283.jpg,boatman,1,1,0
sa_2457216.jpg,dancer,1,1,0
sa_1577919.jpg,waiter,0,0,0
sa_2734332.jpg,guitarist,0,1,0
sa_2934558.jpg,motorcyclist,1,1,0
sa_2958566.jpg,dancer,0,1,0
sa_8144943.jpg,lawman,1,0,0
sa_5008583.jpg,ballplayer,0,1,0
sa_4695046.jpg,farmer,1,1,0
sa_2221677.jpg,horseman,0,1,0
sa_3366023.jpg,climber,1,0,0
sa_2436184.jpg,boatman,1,0,0
sa_7565063.jpg,boatman,1,0,0
sa_64820.jpg,prayer,1,1,0
sa_2209029.jpg,painter,1,1,0
sa_5478813.jpg,singer,0,1,0
sa_5031617.jpg,speaker,1,0,0
sa_4699746.jpg,teacher,1,0,0
sa_10728785.jpg,referee,0,1,0
sa_4394504.jpg,patient,0,0,0
sa_7257723.jpg,drummer,1,0,0
sa_6020646.jpg,machinist,0,0,0
sa_226884.jpg,skateboarder,0,0,0
sa_543382.jpg,climber,0,0,0
sa_4052361.jpg,singer,0,1,0
sa_7259634.jpg,motorcyclist,0,1,0
sa_5099158.jpg,speaker,0,0,1
sa_4982540.jpg,motorcyclist,0,1,0
sa_208395.jpg,painter,0,1,0
sa_2698913.jpg,singer,0,0,0
sa_10675054.jpg,lawman,0,1,0
sa_7373385.jpg,tennis_player,1,1,0
sa_6497426.jpg,craftsman,1,1,0
sa_2358651.jpg,retailer,1,1,0
sa_2026108.jpg,laborer,0,1,0
sa_2440668.jpg,tennis_player,0,0,0
sa_1589129.jpg,horseman,1,0,0
sa_7133252.jpg,speaker,0,1,0
sa_9220312.jpg,machinist,1,1,0
sa_290431.jpg,skateboarder,0,0,0
sa_8789047.jpg,electrician,0,0,0
sa_8015784.jpg,runner,0,1,0
sa_3438092.jpg,soldier,0,1,0
sa_1294058.jpg,tennis_player,0,0,0
sa_1646160.jpg,tennis_player,0,1,0
sa_3399902.jpg,speaker,0,0,0
sa_7146621.jpg,disk_jockey,0,0,0
sa_7876470.jpg,laborer,1,1,1
sa_2860111.jpg,lawman,0,0,0
sa_7471626.jpg,horseman,1,1,0
sa_7095095.jpg,trumpeter,0,0,0
sa_3341744.jpg,singer,1,1,0
sa_3409436.jpg,referee,0,2,0
sa_302116.jpg,soldier,0,0,1
sa_1627773.jpg,lawman,0,1,0
sa_3490225.jpg,basketball_player,0,2,0
sa_7147949.jpg,computer_user,0,0,0
sa_4045647.jpg,tennis_player,1,2,0
sa_6545820.jpg,reporter,0,0,0
sa_2502980.jpg,singer,1,0,0
sa_3874862.jpg,drummer,0,0,0
sa_2803726.jpg,lawman,0,1,0
sa_1590915.jpg,motorcyclist,0,1,0
sa_8507260.jpg,lawman,0,0,0
sa_1012178.jpg,farmer,0,1,0
sa_8358739.jpg,horseman,0,0,0
sa_5322173.jpg,gymnast,1,1,0
sa_9412673.jpg,speaker,0,1,1
sa_5972227.jpg,repairman,0,0,0
sa_10143579.jpg,trumpeter,0,0,0
sa_2584065.jpg,tennis_player,1,0,0
sa_3164806.jpg,prayer,1,1,1
sa_7279798.jpg,soldier,0,0,0
sa_5252080.jpg,drummer,0,0,0
sa_8966356.jpg,speaker,1,1,0
sa_647052.jpg,drummer,0,0,0
sa_5256539.jpg,hairdresser,0,1,0
sa_442844.jpg,seller,1,1,1
sa_2564768.jpg,speaker,1,1,0
sa_1999330.jpg,boatman,0,0,0
sa_3245564.jpg,guitarist,0,1,0
sa_11001274.jpg,seller,1,1,1
sa_2790049.jpg,computer_user,0,0,0
sa_9921861.jpg,speaker,1,0,0
sa_7789823.jpg,craftsman,0,1,1
sa_10135464.jpg,gardener,0,1,0
sa_4944993.jpg,waiter,1,0,0
sa_3976888.jpg,gymnast,0,0,0
sa_10809288.jpg,carpenter,0,2,0
sa_5333185.jpg,trumpeter,0,0,0
sa_9680441.jpg,climber,0,0,0
sa_6772250.jpg,lawman,0,0,0
sa_8105419.jpg,gardener,1,1,0
sa_10014537.jpg,skateboarder,0,0,0
sa_8987348.jpg,doctor,0,1,0
sa_7458265.jpg,lawman,0,0,0
sa_2557619.jpg,guitarist,0,0,0
sa_3676755.jpg,backpacker,1,1,0
sa_3609199.jpg,speaker,0,0,0
sa_10957218.jpg,tennis_player,1,1,0
sa_9172928.jpg,backpacker,0,0,0
sa_3419466.jpg,motorcyclist,1,0,0
sa_1013900.jpg,tennis_player,0,0,0
sa_6482255.jpg,singer,0,0,0
sa_10247240.jpg,seller,1,1,0
sa_7779201.jpg,tennis_player,0,0,0
sa_9288427.jpg,soccer_player,0,0,0
sa_3024384.jpg,prayer,0,1,0
sa_2882140.jpg,painter,0,1,0
sa_8047049.jpg,lawman,0,1,0
sa_1407859.jpg,basketball_player,0,1,0
sa_2498222.jpg,dancer,1,0,0
sa_5354206.jpg,basketball_player,0,0,0
sa_3157129.jpg,runner,0,1,0
sa_3920570.jpg,fireman,0,1,0
sa_2691339.jpg,lifeguard,0,1,0
sa_5755704.jpg,tennis_player,0,0,0
sa_2194347.jpg,tennis_player,0,1,0
sa_3889782.jpg,singer,1,1,0
sa_10694617.jpg,speaker,1,1,0
sa_2767887.jpg,seller,1,1,1
sa_10266297.jpg,lawman,0,1,0
sa_5476556.jpg,speaker,1,0,0
sa_4209580.jpg,farmer,1,2,0
sa_8333625.jpg,backpacker,1,0,0
sa_857279.jpg,motorcyclist,1,1,0
sa_4347416.jpg,waiter,1,1,0
sa_5867177.jpg,craftsman,0,1,0
sa_9605404.jpg,laborer,0,1,0
sa_262623.jpg,lifeguard,0,1,0
sa_3500361.jpg,electrician,0,1,0
sa_2882401.jpg,laborer,0,0,0
sa_10137759.jpg,tennis_player,1,0,0
sa_1576662.jpg,lifeguard,0,1,0
sa_10420519.jpg,farmer,1,1,0
sa_752199.jpg,guard,0,0,0
sa_7185578.jpg,drummer,1,0,0
sa_9855316.jpg,painter,1,1,0
sa_7368954.jpg,retailer,1,0,0
sa_8856012.jpg,farmer,0,1,0
sa_8513744.jpg,lawman,1,0,0
sa_10827287.jpg,dancer,0,1,0
sa_8880378.jpg,guitarist,0,0,0
sa_4845981.jpg,guard,0,0,0
sa_5145783.jpg,craftsman,1,0,1
sa_266062.jpg,waiter,1,0,1
sa_1187790.jpg,basketball_player,0,1,0
sa_3190321.jpg,tennis_player,0,0,0
sa_8837595.jpg,craftsman,0,0,0
sa_8614714.jpg,speaker,1,1,0
sa_8281242.jpg,craftsman,0,1,1
sa_9780456.jpg,farmer,0,0,0
sa_3924441.jpg,singer,0,1,0
sa_9194650.jpg,waiter,0,1,0
sa_8383374.jpg,farmer,0,1,0
sa_7907606.jpg,craftsman,0,1,0
sa_103386.jpg,motorcyclist,1,0,0
sa_9594016.jpg,lawman,0,0,0
sa_1807151.jpg,tennis_player,0,0,0
sa_9870116.jpg,farmer,0,0,0
sa_9669980.jpg,tennis_player,0,1,0
sa_2166295.jpg,computer_user,0,0,0
sa_9602189.jpg,guard,0,1,0
sa_9436901.jpg,electrician,0,1,0
sa_7078206.jpg,skateboarder,0,1,0
sa_6007050.jpg,laborer,1,1,1
sa_8273213.jpg,seller,0,0,0
sa_10011918.jpg,runner,0,1,0
sa_771766.jpg,lawman,0,0,0
sa_3069634.jpg,tennis_player,1,1,0
sa_6970925.jpg,patient,1,1,0
sa_7675887.jpg,seller,0,0,0
sa_3444205.jpg,hairdresser,0,0,0
sa_3887173.jpg,lawman,0,1,0
sa_1640916.jpg,patient,0,1,1
sa_6395016.jpg,painter,0,1,0
sa_5159941.jpg,backpacker,0,1,0
sa_8308274.jpg,backpacker,1,0,0
sa_328386.jpg,seller,0,1,0
sa_9274736.jpg,speaker,1,0,0
sa_3109105.jpg,runner,0,0,0
sa_5184516.jpg,lawman,1,0,0
sa_7152271.jpg,craftsman,0,0,0
sa_8570880.jpg,dancer,0,1,0
sa_3226946.jpg,drummer,0,0,0
sa_2858761.jpg,lawman,0,1,0
sa_1049914.jpg,guitarist,0,1,0
sa_3825920.jpg,laborer,0,1,1
sa_10384842.jpg,craftsman,0,1,0
sa_623863.jpg,computer_user,0,0,0
sa_10868199.jpg,motorcyclist,0,1,0
sa_6824082.jpg,tennis_player,0,0,0
sa_4935381.jpg,horseman,1,0,0
sa_2046874.jpg,repairman,0,0,0
sa_1838808.jpg,tennis_player,1,1,0
sa_264219.jpg,tennis_player,1,2,0
sa_9197419.jpg,patient,0,1,0
sa_5767564.jpg,gardener,0,0,1
sa_2397037.jpg,craftsman,0,1,0
sa_6223009.jpg,basketball_player,0,0,0
sa_5284808.jpg,speaker,0,0,0
sa_5736783.jpg,speaker,0,1,0
sa_5336260.jpg,repairman,0,1,1
sa_3082796.jpg,lifeguard,0,1,0
sa_7578783.jpg,lifeguard,0,0,0
sa_8970020.jpg,prayer,1,1,0
sa_9573144.jpg,speaker,0,0,0
sa_10530075.jpg,basketball_player,0,2,0
sa_10705237.jpg,drummer,0,0,0
sa_5491852.jpg,laborer,1,0,0
sa_9162945.jpg,farmer,1,1,1
sa_2214243.jpg,laborer,0,1,0
sa_1467891.jpg,tennis_player,0,1,0
sa_4058522.jpg,climber,1,0,0
sa_2983290.jpg,reporter,0,0,0
sa_5959870.jpg,lawman,0,1,0
sa_5854457.jpg,gymnast,1,0,0
sa_10835170.jpg,tennis_player,0,1,0
sa_6694793.jpg,farmer,0,1,0
sa_3239173.jpg,motorcyclist,0,0,0
sa_8799807.jpg,laborer,0,1,1
sa_7789989.jpg,hairdresser,0,1,0
sa_10189559.jpg,hairdresser,1,0,0
sa_10206504.jpg,computer_user,0,1,0
sa_3471081.jpg,drummer,1,0,0
sa_2946231.jpg,boatman,0,0,1
sa_2617953.jpg,referee,0,1,0
sa_7554339.jpg,backpacker,0,0,0
sa_8958661.jpg,laborer,0,0,0
sa_1468527.jpg,computer_user,0,1,0
sa_9600962.jpg,gardener,1,1,0
sa_7706734.jpg,gardener,1,1,0
sa_9898334.jpg,tennis_player,1,2,0
sa_3062709.jpg,teacher,1,0,0
sa_1401143.jpg,lawman,0,1,0
sa_10259487.jpg,farmer,1,1,0
sa_6999907.jpg,waiter,0,1,0
sa_3992731.jpg,lawman,0,0,0
sa_8134060.jpg,boatman,1,1,1
sa_5651116.jpg,reporter,0,1,0
sa_922363.jpg,prayer,0,0,0
sa_7490675.jpg,farmer,0,1,0
sa_1328213.jpg,farmer,0,2,0
sa_10697441.jpg,lawman,0,1,0
sa_3152796.jpg,hairdresser,0,2,0
sa_9203402.jpg,doctor,0,1,0
sa_6999493.jpg,tennis_player,1,0,0
sa_9537511.jpg,lawman,1,1,0
sa_6961517.jpg,skateboarder,0,1,0
sa_7278228.jpg,horseman,0,0,0
sa_4232333.jpg,laborer,0,0,0
sa_9699907.jpg,backpacker,0,1,0
sa_908944.jpg,laborer,0,1,0
sa_1102340.jpg,skateboarder,0,1,0
sa_8859955.jpg,skateboarder,0,1,0
sa_15829.jpg,waiter,1,0,0
sa_8462062.jpg,reporter,0,0,0
sa_5574942.jpg,disk_jockey,0,0,0
sa_3718859.jpg,waiter,1,0,0
sa_5399389.jpg,astronaut,0,1,0
sa_6532225.jpg,tennis_player,0,1,0
sa_6455985.jpg,speaker,0,0,1
sa_2348187.jpg,painter,1,0,1
sa_9818816.jpg,craftsman,0,1,0
sa_5515644.jpg,speaker,0,1,0
sa_338293.jpg,flutist,0,0,0
sa_8033541.jpg,dancer,1,1,0
sa_8408741.jpg,motorcyclist,1,1,0
sa_10480498.jpg,basketball_player,1,1,0
sa_7818879.jpg,guard,0,1,0
sa_11004484.jpg,dancer,0,0,0
sa_10912026.jpg,lawman,0,0,0
sa_7736313.jpg,hairdresser,0,0,0
sa_20596.jpg,tennis_player,0,0,0
sa_8874057.jpg,lawman,1,0,0
sa_5766142.jpg,guitarist,0,0,0
sa_881998.jpg,skateboarder,0,0,0
sa_734571.jpg,computer_user,1,0,0
sa_398143.jpg,sculptor,0,0,0
sa_9257878.jpg,flutist,0,1,0
sa_10171491.jpg,lawman,0,1,0
sa_4237044.jpg,motorcyclist,1,0,1
sa_7196918.jpg,laborer,0,1,0
sa_1741181.jpg,speaker,0,1,0
sa_4939812.jpg,tennis_player,1,0,0
sa_10183871.jpg,tennis_player,1,0,0
sa_6540010.jpg,singer,0,0,0
sa_10230778.jpg,lawman,0,1,0
sa_5478991.jpg,repairman,0,0,1
sa_6604664.jpg,tennis_player,0,0,0
sa_1328848.jpg,painter,1,0,1
sa_7905703.jpg,boatman,1,0,0
sa_10311777.jpg,drummer,1,0,0
sa_331378.jpg,nurse,1,0,1
sa_1282407.jpg,drummer,0,0,0
sa_27127.jpg,lawman,0,0,0
sa_10463650.jpg,gymnast,0,0,0
sa_2001299.jpg,singer,1,0,0
sa_8825983.jpg,electrician,0,0,0
sa_8913359.jpg,retailer,1,0,0
sa_8077890.jpg,laborer,0,1,1
sa_3316699.jpg,repairman,0,0,1
sa_8850028.jpg,craftsman,0,0,0
sa_6467951.jpg,seller,1,1,0
sa_10217139.jpg,painter,1,1,0
sa_1859781.jpg,painter,0,0,1
sa_9467051.jpg,referee,0,1,0
sa_10472173.jpg,laborer,0,1,0
sa_1982295.jpg,prayer,0,1,0
sa_741233.jpg,painter,0,1,0
sa_3761330.jpg,boatman,0,1,0
sa_617215.jpg,prayer,1,1,0
sa_5557200.jpg,motorcyclist,1,1,0
sa_7297613.jpg,dancer,1,0,0
sa_4045945.jpg,motorcyclist,1,0,0
sa_10559600.jpg,motorcyclist,0,1,0
sa_10315251.jpg,fireman,0,0,0
sa_8048815.jpg,tennis_player,0,0,0
sa_33770.jpg,tennis_player,1,1,0
sa_1829176.jpg,ballplayer,0,0,0
sa_4463204.jpg,carpenter,0,0,1
sa_2494412.jpg,basketball_player,0,0,0
sa_10625754.jpg,farmer,0,1,0
sa_1733284.jpg,farmer,0,2,0
sa_1794087.jpg,tennis_player,0,1,0
sa_8855139.jpg,referee,0,0,0
sa_1291208.jpg,craftsman,0,0,0
sa_868126.jpg,disk_jockey,0,0,0
sa_10914466.jpg,repairman,0,1,0
sa_6170384.jpg,teacher,1,0,0
sa_4519741.jpg,laborer,0,1,0
sa_10512437.jpg,waiter,1,1,0
sa_5950493.jpg,speaker,0,0,0
sa_7725860.jpg,skateboarder,0,1,0
sa_10523359.jpg,gymnast,1,1,0
sa_3485067.jpg,trumpeter,1,1,0
sa_1073347.jpg,basketball_player,0,1,0
sa_3488644.jpg,seller,0,1,0
sa_8873296.jpg,horseman,0,0,0
sa_3274109.jpg,backpacker,0,1,0
sa_7559597.jpg,repairman,0,1,0
sa_612317.jpg,repairman,0,1,0
sa_9725674.jpg,painter,1,1,0
sa_872807.jpg,singer,0,1,0
sa_3830138.jpg,lifeguard,0,1,0
sa_6361091.jpg,horseman,0,1,0
sa_5457241.jpg,soccer_player,0,1,0
sa_10983619.jpg,seller,1,1,1
sa_1712800.jpg,hairdresser,0,1,0
sa_9626124.jpg,seller,0,1,0
sa_10863877.jpg,laborer,0,1,0
sa_1014369.jpg,seller,1,1,0
sa_7067411.jpg,guitarist,0,0,1
sa_491882.jpg,craftsman,0,0,0
sa_9624014.jpg,seller,0,1,0
sa_5003092.jpg,seller,1,1,0
sa_4140169.jpg,boatman,0,1,0
sa_9122467.jpg,boatman,1,1,0
sa_2278499.jpg,repairman,0,0,0
sa_8177369.jpg,seller,0,1,0
sa_4833794.jpg,gymnast,0,0,0
sa_5342912.jpg,referee,0,1,0
sa_2603519.jpg,climber,0,1,0
sa_6672924.jpg,computer_user,0,0,0
sa_2743819.jpg,tennis_player,1,0,0
sa_8441366.jpg,craftsman,0,1,1
sa_10705127.jpg,flutist,0,2,0
sa_10912784.jpg,farmer,1,1,0
sa_9533140.jpg,guitarist,0,1,0
sa_212525.jpg,tennis_player,1,0,0
sa_2730090.jpg,ballplayer,0,0,0
sa_3863698.jpg,tennis_player,1,2,0
sa_5653262.jpg,farmer,0,1,0
sa_10127364.jpg,patient,0,1,0
sa_11073620.jpg,tennis_player,0,0,0
sa_1881881.jpg,laborer,0,1,0
sa_7336637.jpg,guitarist,0,0,0
sa_2744405.jpg,doctor,0,0,0
sa_2249813.jpg,judge,1,0,0
sa_4424661.jpg,hairdresser,0,1,0
sa_813204.jpg,dancer,1,0,0
sa_7940161.jpg,motorcyclist,0,0,0
sa_6812521.jpg,motorcyclist,1,0,0
sa_9386239.jpg,hairdresser,0,2,1
sa_4041066.jpg,basketball_player,0,1,0
sa_221736.jpg,painter,0,1,1
sa_2388790.jpg,climber,1,0,0
sa_1954667.jpg,tennis_player,0,0,0
sa_8689521.jpg,retailer,0,1,0
sa_11183987.jpg,seller,0,1,0
sa_7275575.jpg,craftsman,0,0,1
sa_4644720.jpg,singer,0,1,1
sa_8608331.jpg,speaker,0,1,0
sa_7021900.jpg,singer,1,0,0
sa_1037620.jpg,painter,1,0,0
sa_8754701.jpg,speaker,0,0,0
sa_3956633.jpg,guitarist,0,1,0
sa_1009940.jpg,runner,0,0,0
sa_6274456.jpg,craftsman,1,1,0
sa_2098176.jpg,soccer_player,0,1,0
sa_2630726.jpg,repairman,0,1,0
sa_6712641.jpg,tennis_player,0,1,0
sa_5623039.jpg,reporter,0,0,0
sa_7040145.jpg,skateboarder,0,1,0
sa_7196857.jpg,boatman,0,1,0
sa_5677567.jpg,tennis_player,1,1,0
sa_6173672.jpg,gymnast,1,1,0
sa_9494962.jpg,hairdresser,0,2,0
sa_2319466.jpg,lawman,1,0,0
sa_8567076.jpg,farmer,0,0,0
sa_1162513.jpg,lawman,0,0,0
sa_8091176.jpg,gymnast,0,1,0
sa_7330744.jpg,skateboarder,0,1,0
sa_5901591.jpg,gymnast,0,0,1
sa_3310955.jpg,speaker,0,0,0
sa_3362329.jpg,basketball_player,1,2,0
sa_5120645.jpg,soldier,0,0,0
sa_11073477.jpg,farmer,1,2,1
sa_8515470.jpg,tennis_player,0,2,0
sa_8486162.jpg,repairman,0,1,0
sa_7002881.jpg,craftsman,0,1,0
sa_8201612.jpg,disk_jockey,1,1,0
sa_9846995.jpg,carpenter,0,0,0
sa_4113885.jpg,singer,1,0,0
sa_7963944.jpg,patient,1,0,0
sa_11042301.jpg,guitarist,0,0,0
sa_7440898.jpg,speaker,0,0,0
sa_3152828.jpg,backpacker,1,1,0
sa_7548541.jpg,soldier,0,1,0
sa_3322447.jpg,lawman,0,0,0
sa_9993648.jpg,teacher,0,0,0
sa_6663509.jpg,singer,0,1,0
sa_3668111.jpg,horseman,1,0,0
sa_10147156.jpg,farmer,1,1,1
sa_579456.jpg,farmer,1,0,0
sa_8856721.jpg,tennis_player,0,1,0
sa_6354442.jpg,speaker,0,1,0
sa_9882803.jpg,soldier,0,0,0
sa_7610918.jpg,farmer,0,1,0
sa_616452.jpg,seller,0,0,0
sa_7494784.jpg,seller,0,1,0
sa_2812641.jpg,speaker,1,1,0
sa_7765604.jpg,skateboarder,0,1,0
sa_9584356.jpg,soccer_player,0,0,0
sa_5058440.jpg,tennis_player,0,0,0
sa_9773451.jpg,dancer,1,1,0
sa_2662275.jpg,laborer,0,1,0
sa_2726434.jpg,repairman,0,1,0
sa_7438230.jpg,boatman,1,0,0
sa_3244464.jpg,motorcyclist,0,0,0
sa_7956078.jpg,lawman,0,0,1
sa_3149657.jpg,singer,1,1,0
sa_607894.jpg,speaker,1,0,0
sa_7587037.jpg,lawman,0,0,0
sa_7971430.jpg,computer_user,0,1,0
sa_5962498.jpg,tennis_player,0,0,0
sa_8322653.jpg,craftsman,0,1,0
sa_1525139.jpg,doctor,1,0,0
sa_10774973.jpg,speaker,0,0,0
sa_6832914.jpg,runner,0,1,0
sa_6934261.jpg,speaker,1,1,0
sa_2161479.jpg,lawman,0,1,0
sa_443340.jpg,speaker,0,0,0
sa_5953692.jpg,nurse,1,1,0
sa_9966791.jpg,motorcyclist,0,1,0
sa_2499672.jpg,painter,0,1,0
sa_9147991.jpg,seller,0,0,0
sa_2092782.jpg,gymnast,0,1,1
sa_729450.jpg,soldier,0,0,0
sa_1269076.jpg,farmer,0,1,1
sa_8711171.jpg,flutist,1,1,0
sa_3372970.jpg,tennis_player,0,0,0
sa_4211530.jpg,guitarist,0,0,1
sa_5942439.jpg,backpacker,0,1,0
sa_671910.jpg,backpacker,0,0,0
sa_2747973.jpg,guitarist,0,0,0
sa_3772371.jpg,speaker,0,0,1
sa_9560706.jpg,motorcyclist,0,1,0
sa_8119206.jpg,reporter,0,1,0
sa_4113034.jpg,skateboarder,0,0,0
sa_214443.jpg,tennis_player,0,0,0
sa_2313157.jpg,tennis_player,1,0,0
sa_802852.jpg,guitarist,1,0,0
sa_980840.jpg,runner,0,1,0
sa_1311711.jpg,climber,0,0,0
sa_3574238.jpg,tennis_player,0,1,0
sa_2388472.jpg,speaker,0,1,1
sa_1802620.jpg,backpacker,0,1,0
sa_3411652.jpg,lifeguard,0,0,0
sa_4379453.jpg,guitarist,0,1,0
sa_8731873.jpg,gardener,1,1,0
sa_2225060.jpg,referee,0,1,0
sa_8194339.jpg,laborer,0,1,0
sa_416153.jpg,prayer,1,0,0
sa_3686692.jpg,student,0,1,0
sa_5912421.jpg,backpacker,0,0,0
sa_2204614.jpg,seller,0,1,0
sa_1450106.jpg,runner,0,0,0
sa_8075783.jpg,seller,1,1,1
sa_4953145.jpg,boatman,0,0,0
sa_4105620.jpg,horseman,0,1,0
sa_7984164.jpg,referee,0,0,0
sa_6157252.jpg,speaker,0,0,0
sa_312129.jpg,guitarist,0,1,0
sa_8932629.jpg,drummer,0,1,0
sa_3609514.jpg,guitarist,0,0,0
sa_5986890.jpg,climber,0,1,0
sa_748410.jpg,singer,0,1,0
sa_4562890.jpg,repairman,0,0,0
sa_11117153.jpg,disk_jockey,0,0,0
sa_7723303.jpg,speaker,0,1,0
sa_3719522.jpg,fireman,0,0,0
sa_7605291.jpg,trumpeter,0,1,1
sa_6634654.jpg,lawman,1,0,0
sa_10466903.jpg,lawman,0,0,0
sa_249917.jpg,tennis_player,0,1,0
sa_4353935.jpg,computer_user,0,0,0
sa_2706245.jpg,singer,0,0,0
sa_6431911.jpg,singer,1,1,0
sa_1039103.jpg,electrician,0,1,0
sa_4488995.jpg,motorcyclist,0,1,0
sa_5462441.jpg,guard,0,1,0
sa_5311076.jpg,repairman,0,0,0
sa_4398447.jpg,repairman,0,1,0
sa_7613404.jpg,speaker,1,0,0
sa_6888928.jpg,horseman,0,0,0
sa_4772661.jpg,electrician,0,1,0
sa_10643644.jpg,computer_user,1,0,0
sa_2244651.jpg,singer,1,0,0
sa_6816247.jpg,drummer,0,0,0
sa_4992452.jpg,patient,0,0,1
sa_9297446.jpg,reporter,0,1,0
sa_10246980.jpg,repairman,0,1,0
sa_4041690.jpg,lawman,0,1,0
sa_3789595.jpg,repairman,0,1,0
sa_6449053.jpg,boatman,1,1,0
sa_7633857.jpg,dancer,0,1,0
sa_4570059.jpg,prayer,0,1,0
sa_3039902.jpg,seller,1,1,0
sa_7390674.jpg,prayer,0,0,0
sa_5355831.jpg,dancer,1,0,0
sa_11156844.jpg,lawman,0,0,0
sa_3659612.jpg,fireman,0,0,0
sa_71560.jpg,farmer,0,1,0
sa_6977491.jpg,runner,0,0,0
sa_5412353.jpg,painter,1,1,0
sa_8734909.jpg,hairdresser,1,0,0
sa_2742722.jpg,singer,0,1,0
sa_10553447.jpg,singer,0,0,0
sa_4099684.jpg,ballplayer,0,0,0
sa_8681095.jpg,guard,0,0,0
sa_7092900.jpg,guard,0,1,0
sa_10597268.jpg,computer_user,0,0,1
sa_3319607.jpg,painter,0,0,1
sa_917390.jpg,speaker,0,0,0
sa_9892137.jpg,farmer,1,0,0
sa_1925960.jpg,hairdresser,0,0,0
sa_3851551.jpg,speaker,0,0,0
sa_116751.jpg,retailer,1,0,0
sa_5360899.jpg,seller,0,1,1
sa_4007045.jpg,computer_user,1,0,0
sa_949107.jpg,craftsman,0,0,0
sa_5685856.jpg,flutist,1,0,0
sa_8632764.jpg,repairman,0,1,0
sa_3076836.jpg,farmer,0,1,0
sa_3741809.jpg,retailer,0,1,0
sa_5129750.jpg,craftsman,0,1,0
sa_2565231.jpg,computer_user,1,0,0
sa_7147089.jpg,painter,0,0,0
sa_9637529.jpg,speaker,0,0,1
sa_10476438.jpg,computer_user,1,1,0
sa_326178.jpg,seller,0,0,1
sa_592062.jpg,seller,1,1,1
sa_2877417.jpg,machinist,0,2,0
sa_9168539.jpg,guard,1,0,0
sa_2634879.jpg,hairdresser,0,1,1
sa_2508232.jpg,guitarist,0,1,0
sa_5783132.jpg,tennis_player,0,1,0
sa_10123822.jpg,laborer,0,0,0
sa_9217362.jpg,speaker,0,1,0
sa_9397568.jpg,skateboarder,0,0,0
sa_9241500.jpg,motorcyclist,1,1,0
sa_3659463.jpg,tennis_player,0,0,0
sa_5486741.jpg,farmer,0,2,0
sa_817940.jpg,speaker,0,1,0
sa_5748867.jpg,gymnast,1,1,0
sa_5978194.jpg,waiter,0,1,0
sa_844365.jpg,lawman,0,1,0
sa_1005786.jpg,referee,0,1,0
sa_8941310.jpg,guard,0,0,0
sa_7222060.jpg,craftsman,0,0,1
sa_6249720.jpg,prayer,0,1,0
sa_3357465.jpg,backpacker,1,0,0
sa_4289319.jpg,gymnast,1,1,0
sa_4854078.jpg,dancer,1,1,0
sa_6450838.jpg,machinist,0,1,0
sa_6443386.jpg,guitarist,1,0,0
sa_1276887.jpg,disk_jockey,0,1,0
sa_8736680.jpg,repairman,0,1,0
sa_1700052.jpg,singer,0,0,0
sa_1989131.jpg,gymnast,1,0,0
sa_11044318.jpg,seller,1,0,0
sa_399617.jpg,laborer,1,1,0
sa_2230895.jpg,repairman,0,1,0
sa_10090646.jpg,speaker,0,1,0
sa_5110075.jpg,doctor,0,0,0
sa_7671653.jpg,lawman,0,1,0
sa_8700852.jpg,disk_jockey,1,0,0
sa_8509034.jpg,dancer,1,0,0
sa_5047111.jpg,singer,0,0,0
sa_8151361.jpg,prayer,0,1,0
sa_10913098.jpg,painter,0,1,1
sa_3643176.jpg,referee,0,0,0
sa_4947712.jpg,skateboarder,0,0,0
sa_9730711.jpg,motorcyclist,0,1,0
sa_6411745.jpg,tennis_player,1,1,0
sa_8875235.jpg,craftsman,1,1,0
sa_7088395.jpg,craftsman,0,1,0
sa_4102005.jpg,climber,0,1,0
sa_4336680.jpg,boatman,1,0,0
sa_576877.jpg,electrician,1,1,0
sa_9624645.jpg,boatman,0,0,0
sa_5747375.jpg,skateboarder,0,0,0
sa_10396264.jpg,farmer,0,1,1
sa_9265943.jpg,seller,0,1,0
sa_1851244.jpg,tennis_player,1,1,0
sa_7939758.jpg,carpenter,0,1,0
sa_7864449.jpg,cheerleader,1,1,0
sa_505035.jpg,gymnast,0,0,0
sa_9211765.jpg,sculptor,0,1,1
sa_8006944.jpg,guitarist,1,0,0
sa_729094.jpg,ballplayer,0,0,0
sa_7099114.jpg,soldier,0,1,0
sa_6481829.jpg,speaker,0,0,0
sa_1043184.jpg,nurse,1,1,0
sa_9566362.jpg,gardener,0,1,0
sa_4651342.jpg,gymnast,0,0,0
sa_2384343.jpg,singer,1,1,0
sa_3175728.jpg,craftsman,0,1,0
sa_3272793.jpg,flutist,0,1,0
sa_4620298.jpg,basketball_player,0,1,0
sa_3156624.jpg,flutist,0,0,0
sa_1611695.jpg,speaker,0,0,1
sa_9900713.jpg,gardener,1,0,0
sa_4928897.jpg,motorcyclist,1,1,0
sa_6281614.jpg,skateboarder,0,1,0
sa_10438630.jpg,guard,0,0,0
sa_6195714.jpg,singer,1,0,0
sa_10775661.jpg,nurse,0,1,0
sa_1591525.jpg,craftsman,0,1,0
sa_7177069.jpg,painter,0,1,0
sa_10282462.jpg,computer_user,0,2,0
sa_6518972.jpg,runner,0,0,0
sa_8535101.jpg,reporter,0,0,0
sa_2811584.jpg,speaker,1,0,0
sa_8887342.jpg,gardener,0,1,0
sa_8823404.jpg,disk_jockey,0,0,0
sa_9360131.jpg,speaker,1,1,0
sa_6008706.jpg,hairdresser,0,1,1
sa_8204030.jpg,guitarist,0,0,0
sa_10566011.jpg,tennis_player,1,1,0
sa_6090577.jpg,climber,0,0,0
sa_10417278.jpg,painter,0,0,0
sa_2480241.jpg,hairdresser,0,0,0
sa_8585563.jpg,carpenter,0,0,0
sa_8408080.jpg,farmer,0,2,0
sa_5071896.jpg,painter,0,1,0
sa_8381232.jpg,dancer,1,0,0
sa_4273169.jpg,guitarist,0,1,0
sa_10560097.jpg,painter,0,1,0
sa_7333603.jpg,lawman,0,0,0
sa_6893126.jpg,seller,0,0,0
sa_3453851.jpg,lawman,0,0,0
sa_4541271.jpg,laborer,0,1,0
sa_6969128.jpg,soccer_player,0,1,0
sa_4489155.jpg,computer_user,1,0,0
sa_7325563.jpg,farmer,1,0,0
sa_7654605.jpg,laborer,1,1,0
sa_7064342.jpg,dancer,0,0,0
sa_5965484.jpg,patient,1,1,0
sa_5456023.jpg,tennis_player,0,0,0
sa_6641287.jpg,patient,0,1,0
sa_618773.jpg,fireman,1,1,0
sa_2416851.jpg,gymnast,1,0,0
sa_7590480.jpg,nurse,0,1,0
sa_444628.jpg,skateboarder,0,1,0
sa_5231761.jpg,lawman,0,1,0
sa_9173640.jpg,tennis_player,0,0,0
sa_3306006.jpg,flutist,0,0,0
sa_3025752.jpg,boatman,1,0,1
sa_6133821.jpg,painter,0,1,0
sa_3030050.jpg,speaker,0,0,0
sa_4245613.jpg,doctor,0,1,0
sa_8295358.jpg,boatman,1,0,0
sa_4761564.jpg,lawman,0,1,0
sa_10341056.jpg,lawman,0,1,1
sa_7498844.jpg,computer_user,0,0,0
sa_6847204.jpg,fireman,1,1,1
sa_5341256.jpg,drummer,0,0,0
sa_7101689.jpg,referee,0,1,1
sa_9664333.jpg,tennis_player,0,1,0
sa_448343.jpg,boatman,0,1,0
sa_4162745.jpg,tennis_player,1,1,0
sa_8976849.jpg,guitarist,0,1,0
sa_11168257.jpg,tennis_player,0,1,0
sa_389712.jpg,painter,0,1,0
sa_322016.jpg,tennis_player,1,1,0
sa_5054522.jpg,speaker,0,0,1
sa_10869510.jpg,painter,1,1,0
sa_37379.jpg,computer_user,1,1,0
sa_4516333.jpg,backpacker,0,0,0
sa_8028438.jpg,farmer,0,1,0
sa_7263972.jpg,motorcyclist,1,1,0
sa_4497646.jpg,seller,1,0,1
sa_9167611.jpg,guitarist,0,0,1
sa_3257626.jpg,lawman,1,0,0
sa_9681360.jpg,boatman,0,1,0
sa_9195790.jpg,seller,0,0,0
sa_8291716.jpg,guitarist,0,0,0
sa_4785851.jpg,singer,1,0,0
sa_4218870.jpg,referee,0,0,1
sa_3244488.jpg,carpenter,0,1,1
sa_1947702.jpg,tennis_player,1,2,0
sa_4939292.jpg,tennis_player,1,1,0
sa_8427682.jpg,basketball_player,0,1,0
sa_4194276.jpg,dancer,1,0,0
sa_1157211.jpg,computer_user,0,1,0
sa_10504944.jpg,waiter,0,1,0
sa_10363030.jpg,waiter,1,0,0
sa_4247398.jpg,referee,0,0,0
sa_5678106.jpg,tennis_player,0,0,0
sa_4974213.jpg,ballplayer,0,0,0
sa_8627696.jpg,prayer,0,1,0
sa_4187749.jpg,painter,0,0,0
sa_11000347.jpg,guitarist,0,2,0
sa_9569663.jpg,guard,0,0,0
sa_6745971.jpg,painter,0,0,0
sa_8204413.jpg,skateboarder,0,0,0
sa_9112234.jpg,horseman,1,1,0
sa_9687395.jpg,tennis_player,0,1,0
sa_8620905.jpg,singer,0,0,0
sa_3863715.jpg,guard,1,1,0
sa_11146105.jpg,retailer,1,1,0
sa_4923291.jpg,laborer,0,2,0
sa_9649643.jpg,horseman,0,0,0
sa_6148830.jpg,basketball_player,0,0,0
sa_8889050.jpg,runner,0,2,0
sa_11159495.jpg,patient,1,1,0
sa_4330827.jpg,gardener,0,1,1
sa_1607395.jpg,disk_jockey,0,1,0
sa_4935104.jpg,speaker,1,0,0
sa_7881580.jpg,tennis_player,1,0,0
sa_1613885.jpg,tennis_player,0,0,0
sa_234364.jpg,backpacker,0,0,0
sa_6076047.jpg,gymnast,0,0,0
sa_3574751.jpg,horseman,1,0,0
sa_2019936.jpg,painter,1,1,0
sa_10119436.jpg,prayer,0,1,1
sa_7199032.jpg,computer_user,0,1,0
sa_9960765.jpg,doctor,0,1,0
sa_5582258.jpg,tennis_player,0,1,0
sa_1945061.jpg,laborer,1,0,0
sa_7639487.jpg,computer_user,0,0,0
sa_6954441.jpg,speaker,1,0,0
sa_4859609.jpg,laborer,1,2,0
sa_2905810.jpg,flutist,0,0,0
sa_3146610.jpg,tennis_player,0,2,0
sa_7484106.jpg,doctor,1,1,0
sa_4006046.jpg,guitarist,0,0,0
sa_10646721.jpg,boatman,0,1,0
sa_4530069.jpg,boatman,1,0,0
sa_1035522.jpg,laborer,0,1,0
sa_2790253.jpg,craftsman,0,1,0
sa_3953787.jpg,lawman,0,0,0
sa_7924625.jpg,lawman,0,1,0
sa_10276361.jpg,motorcyclist,0,1,0
sa_7386780.jpg,tennis_player,0,1,0
sa_7528316.jpg,hairdresser,1,1,0
sa_2673781.jpg,retailer,0,1,1
sa_5143679.jpg,lawman,0,0,1
sa_10786336.jpg,skateboarder,0,0,0
sa_2440232.jpg,laborer,1,1,0
sa_3558554.jpg,lawman,0,0,0
sa_8076619.jpg,prayer,1,1,0
sa_10241828.jpg,dancer,1,0,0
sa_1110117.jpg,carpenter,0,0,0
sa_6520698.jpg,computer_user,0,0,0
sa_9211672.jpg,lawman,0,1,0
sa_366625.jpg,guard,0,1,1
sa_10702352.jpg,boatman,1,0,0
sa_7814016.jpg,prayer,0,0,1
sa_1070931.jpg,lifeguard,0,0,0
sa_944937.jpg,speaker,0,0,0
sa_6210762.jpg,ballplayer,0,0,0
sa_55746.jpg,referee,0,0,0
sa_9363921.jpg,skateboarder,0,1,0
sa_2147190.jpg,skateboarder,0,0,0
sa_7587702.jpg,repairman,0,1,0
sa_8423732.jpg,drummer,0,0,1
sa_10108532.jpg,tennis_player,1,1,0
sa_10590855.jpg,speaker,0,1,0
sa_3888622.jpg,drummer,0,1,0
sa_3014967.jpg,doctor,1,0,0
sa_5533116.jpg,tennis_player,0,0,0
sa_8959483.jpg,backpacker,1,0,0
sa_4495726.jpg,lawman,0,0,0
sa_7825044.jpg,seller,0,1,0
sa_7792076.jpg,speaker,1,0,1
sa_9318106.jpg,lawman,0,0,0
sa_9490993.jpg,seller,1,1,1
sa_5969074.jpg,ballplayer,0,1,1
sa_4252398.jpg,singer,1,0,0
sa_6510123.jpg,gardener,0,0,1
sa_2121947.jpg,hairdresser,0,1,0
sa_4149480.jpg,guard,0,1,1
sa_7505546.jpg,laborer,1,1,0
sa_108255.jpg,backpacker,1,0,0
sa_3136527.jpg,seller,1,0,0
sa_10890435.jpg,hairdresser,0,1,0
sa_10928966.jpg,seller,0,1,1
sa_7066244.jpg,speaker,0,0,0
sa_6342328.jpg,skateboarder,1,0,0
sa_9645549.jpg,singer,0,1,0
sa_3150293.jpg,tennis_player,0,0,0
sa_9841264.jpg,farmer,0,0,0
sa_10772591.jpg,tennis_player,0,1,0
sa_10612421.jpg,guitarist,0,0,0
sa_6511632.jpg,lawman,1,0,0
sa_9196537.jpg,lawman,0,0,0
sa_8386693.jpg,guard,0,1,0
sa_5645376.jpg,lawman,0,1,0
sa_8986997.jpg,lawman,1,0,0
sa_9700074.jpg,tennis_player,0,1,0
sa_346685.jpg,guard,1,1,0
sa_6466984.jpg,skateboarder,1,0,0
sa_3682142.jpg,farmer,0,1,1
sa_9740508.jpg,farmer,1,1,0
sa_2688672.jpg,dancer,1,1,0
sa_7100297.jpg,laborer,0,0,0
sa_3131978.jpg,skateboarder,1,0,0
sa_1874826.jpg,guitarist,0,0,0
sa_7977010.jpg,bartender,1,0,0
sa_3426108.jpg,climber,0,1,0
sa_7268601.jpg,seller,0,1,0
sa_6273787.jpg,hairdresser,0,1,0
sa_9430872.jpg,dancer,0,0,1
sa_23647.jpg,repairman,0,0,0
sa_9616279.jpg,lawman,0,0,0
sa_10895713.jpg,guard,0,1,0
sa_5836646.jpg,skateboarder,0,0,0
sa_436879.jpg,retailer,0,1,1
sa_362438.jpg,craftsman,0,1,0
sa_9249127.jpg,singer,1,0,0
sa_6113068.jpg,computer_user,0,1,0
sa_6718919.jpg,motorcyclist,1,0,0
sa_987434.jpg,repairman,0,1,0
sa_6572325.jpg,climber,1,1,0
sa_923749.jpg,gardener,1,1,0
sa_8813324.jpg,doctor,0,0,0
sa_8793253.jpg,lawman,0,1,0
sa_1333081.jpg,guard,1,0,0
sa_9857707.jpg,skateboarder,0,0,0
sa_9601174.jpg,guitarist,0,0,1
sa_2695720.jpg,machinist,0,0,0
sa_506756.jpg,prayer,0,0,1
sa_943989.jpg,craftsman,0,0,0
sa_6364032.jpg,laborer,1,0,1
sa_6841009.jpg,ballplayer,0,1,0
sa_6271937.jpg,sculptor,1,1,0
sa_9356565.jpg,skateboarder,0,0,0
sa_3098826.jpg,doctor,0,0,1
sa_2385139.jpg,guitarist,0,1,0
sa_606764.jpg,speaker,0,0,1
sa_887983.jpg,singer,1,1,0
sa_3848003.jpg,ballplayer,0,1,0
sa_9893032.jpg,painter,1,0,0
sa_5380559.jpg,electrician,0,1,0
sa_6937540.jpg,seller,0,0,0
sa_8771033.jpg,lawman,0,1,0
sa_10329968.jpg,patient,0,1,0
sa_741160.jpg,repairman,0,1,0
sa_7289906.jpg,lawman,0,0,0
sa_4266304.jpg,lawman,0,0,0
sa_2065137.jpg,craftsman,0,0,1
sa_47344.jpg,drummer,0,1,0
sa_8179638.jpg,computer_user,1,0,0
sa_3921626.jpg,astronaut,1,0,0
sa_10426892.jpg,lawman,0,0,0
sa_9794792.jpg,prayer,0,0,0
sa_8597317.jpg,repairman,0,1,0
sa_5810622.jpg,tennis_player,0,1,0
sa_594602.jpg,seller,1,0,0
sa_2461778.jpg,waiter,0,1,0
sa_9070347.jpg,backpacker,0,0,0
sa_9313089.jpg,dancer,1,1,0
sa_4961204.jpg,tennis_player,1,0,0
sa_6694575.jpg,guard,0,0,0
sa_7215815.jpg,repairman,0,1,0
sa_8104440.jpg,drummer,1,0,0
sa_3228945.jpg,soldier,0,0,0
sa_394940.jpg,tennis_player,1,0,0
sa_7562772.jpg,guard,0,1,0
sa_6845063.jpg,computer_user,0,0,0
sa_5361373.jpg,boatman,0,2,0
sa_7348692.jpg,ballplayer,0,0,0
sa_8280792.jpg,teacher,0,0,0
sa_8939851.jpg,tennis_player,1,0,0
sa_9709550.jpg,boatman,0,1,1
sa_4328105.jpg,tennis_player,0,0,0
sa_5342310.jpg,singer,1,1,0
sa_198811.jpg,gardener,1,2,0
sa_4942691.jpg,astronaut,0,1,0
sa_4954786.jpg,prayer,0,0,0
sa_1842230.jpg,tennis_player,1,1,0
sa_541444.jpg,horseman,0,1,0
sa_5130614.jpg,lawman,0,1,0
sa_6230200.jpg,tennis_player,0,0,0
sa_1477783.jpg,lawman,0,1,0
sa_9809067.jpg,boatman,0,0,0
sa_2379149.jpg,tennis_player,0,0,0
sa_2793205.jpg,boatman,1,1,0
sa_10776455.jpg,tennis_player,0,0,0
sa_8881929.jpg,repairman,0,1,0
sa_2124753.jpg,lawman,0,0,0
sa_9708589.jpg,skateboarder,0,1,0
sa_8313216.jpg,singer,1,0,0
sa_8786801.jpg,singer,1,0,0
sa_4150646.jpg,tennis_player,1,0,0
sa_2749149.jpg,tennis_player,1,0,0
sa_4247810.jpg,runner,0,0,0
sa_9736470.jpg,computer_user,0,0,0
sa_9253251.jpg,farmer,1,0,1
sa_5763185.jpg,boatman,0,1,0
sa_2494598.jpg,tennis_player,1,1,0
sa_2996602.jpg,singer,0,1,0
sa_6202677.jpg,boatman,1,0,0
sa_7366675.jpg,lawman,0,0,0
sa_5817690.jpg,tennis_player,0,0,0
sa_3117295.jpg,nurse,1,2,0
sa_1744578.jpg,climber,0,0,0
sa_1246609.jpg,electrician,0,0,0
sa_2154409.jpg,lifeguard,0,0,0
sa_2067448.jpg,nurse,0,1,0
sa_10281273.jpg,ballplayer,0,1,0
sa_5235139.jpg,ballplayer,0,0,0
sa_8470754.jpg,craftsman,0,1,0
sa_1819429.jpg,student,0,1,0
sa_1531974.jpg,speaker,0,0,0
sa_10957745.jpg,speaker,0,1,0
sa_9633585.jpg,farmer,1,0,1
sa_6862644.jpg,speaker,1,0,0
sa_1755537.jpg,backpacker,1,1,0
sa_6171083.jpg,tennis_player,0,1,0
sa_3029495.jpg,laborer,0,0,0
sa_8547261.jpg,boatman,0,0,0
sa_5718394.jpg,craftsman,0,0,0
sa_7330756.jpg,singer,0,1,0
sa_6922409.jpg,guitarist,0,0,0
sa_7997366.jpg,tennis_player,0,1,0
sa_4573854.jpg,speaker,0,0,0
sa_10906062.jpg,speaker,1,0,0
sa_2295911.jpg,motorcyclist,0,1,0
sa_7707454.jpg,carpenter,0,0,0
sa_10924402.jpg,lawman,0,1,0
sa_5972867.jpg,flutist,0,1,0
sa_6249450.jpg,motorcyclist,1,1,0
sa_4946639.jpg,gardener,0,0,1
sa_9630980.jpg,painter,0,0,1
sa_2705855.jpg,drummer,0,1,1
sa_205946.jpg,drummer,0,1,0
sa_5681829.jpg,farmer,1,2,0
sa_10383453.jpg,repairman,0,1,1
sa_5137927.jpg,nurse,1,0,0
sa_4586161.jpg,singer,0,0,0
sa_4736682.jpg,tennis_player,0,0,0
sa_3739512.jpg,tennis_player,1,1,0
sa_3494134.jpg,machinist,0,1,0
sa_1369103.jpg,reporter,1,1,0
sa_6771364.jpg,retailer,1,0,0
sa_10792578.jpg,backpacker,1,0,0
sa_10172486.jpg,climber,0,1,0
sa_10137462.jpg,farmer,0,1,0
sa_6883007.jpg,hairdresser,0,1,0
sa_6023987.jpg,backpacker,0,1,0
sa_7791436.jpg,prayer,0,0,0
sa_10202815.jpg,laborer,0,1,0
sa_6944635.jpg,craftsman,0,1,0
sa_4466055.jpg,craftsman,0,1,0
sa_5095182.jpg,tennis_player,0,1,0
sa_6756150.jpg,trumpeter,0,0,0
sa_1022202.jpg,motorcyclist,1,2,0
sa_2340787.jpg,speaker,0,1,0
sa_2123870.jpg,fireman,1,0,0
sa_459544.jpg,prayer,0,0,0
sa_5516463.jpg,craftsman,1,1,0
sa_5174196.jpg,dancer,1,0,0
sa_582646.jpg,nurse,0,1,0
sa_4857749.jpg,drummer,0,1,0
sa_10912926.jpg,trumpeter,0,0,0
sa_6908895.jpg,lifeguard,0,1,0
sa_2963956.jpg,sculptor,0,1,0
sa_8045184.jpg,laborer,0,1,0
sa_2665347.jpg,laborer,1,0,0
sa_1188216.jpg,laborer,0,1,0
sa_6182913.jpg,guitarist,0,1,1
sa_6473153.jpg,basketball_player,1,0,0
sa_10783571.jpg,disk_jockey,0,1,0
sa_186497.jpg,seller,0,1,0
sa_1057383.jpg,computer_user,1,0,0
sa_1266931.jpg,gymnast,0,0,0
sa_2123057.jpg,seller,0,1,0
sa_8743641.jpg,dancer,0,1,0
sa_7650490.jpg,retailer,1,1,0
sa_9778543.jpg,farmer,0,1,0
sa_3727050.jpg,tennis_player,0,0,0
sa_4435183.jpg,gardener,1,1,0
sa_9283670.jpg,gymnast,1,1,0
sa_7545891.jpg,farmer,1,1,0
sa_1526119.jpg,tennis_player,0,1,0
sa_10556871.jpg,tennis_player,1,0,0
sa_7533708.jpg,motorcyclist,0,0,0
sa_632383.jpg,speaker,0,0,0
sa_5143767.jpg,skateboarder,0,1,0
sa_2397258.jpg,seller,1,1,0
sa_7067151.jpg,tennis_player,0,1,0
sa_3482253.jpg,referee,0,0,0
sa_6223191.jpg,waiter,0,1,0
sa_2869589.jpg,repairman,0,1,0
sa_8161923.jpg,guard,0,0,0
sa_2230358.jpg,tennis_player,1,0,0
sa_10463046.jpg,dancer,1,0,0
sa_8230620.jpg,tennis_player,0,1,0
sa_9679186.jpg,laborer,0,1,0
sa_70359.jpg,ballplayer,1,0,0
sa_114621.jpg,lawman,0,1,0
sa_10756664.jpg,speaker,1,1,0
sa_7290549.jpg,sculptor,0,0,0
sa_10132551.jpg,flutist,0,1,0
sa_3457238.jpg,painter,0,1,0
sa_10650687.jpg,horseman,0,0,0
sa_3805248.jpg,tennis_player,1,0,0
sa_7484390.jpg,horseman,1,1,0
sa_10932675.jpg,tennis_player,0,0,0
sa_10621826.jpg,skateboarder,0,1,0
sa_4457851.jpg,hairdresser,0,0,0
sa_2946813.jpg,hairdresser,0,1,0
sa_7157233.jpg,retailer,0,0,0
sa_2481180.jpg,astronaut,0,1,0
sa_10373878.jpg,motorcyclist,1,0,0
sa_11008464.jpg,prayer,1,0,0
sa_2595639.jpg,backpacker,0,1,0
sa_5243768.jpg,hairdresser,0,1,0
sa_10469834.jpg,horseman,0,0,0
sa_812790.jpg,guard,0,1,0
sa_8706053.jpg,teacher,0,0,0
sa_6444482.jpg,sculptor,0,1,0
sa_1171829.jpg,craftsman,0,1,0
sa_4308124.jpg,gymnast,1,0,0
sa_7396011.jpg,hairdresser,0,0,0
sa_633232.jpg,boatman,0,1,0
sa_2908150.jpg,farmer,1,1,0
sa_8605595.jpg,tennis_player,0,0,0
sa_934779.jpg,retailer,1,0,0
sa_8325969.jpg,tennis_player,0,0,0
sa_5507303.jpg,seller,1,0,0
sa_10842310.jpg,speaker,0,1,0
sa_4657530.jpg,doctor,1,0,0
sa_10574798.jpg,tennis_player,0,0,0
sa_10072553.jpg,boatman,0,0,0
sa_10454589.jpg,seller,1,1,0
sa_3522609.jpg,tennis_player,0,1,0
sa_5084013.jpg,speaker,0,0,1
sa_1717915.jpg,guitarist,0,0,0
sa_2982151.jpg,tennis_player,1,1,0
sa_6693933.jpg,lawman,0,0,0
sa_1227100.jpg,teacher,0,0,0
sa_6759723.jpg,repairman,0,1,0
sa_2952156.jpg,motorcyclist,0,1,0
sa_2607507.jpg,craftsman,0,1,0
sa_7835015.jpg,machinist,1,0,0
sa_10308745.jpg,tennis_player,0,0,0
sa_8289619.jpg,trumpeter,0,1,0
sa_3988230.jpg,horseman,0,0,0
sa_4540199.jpg,lawman,0,1,0
sa_5792843.jpg,lawman,1,0,0
sa_95863.jpg,nurse,1,0,0
sa_1458075.jpg,guitarist,0,0,0
sa_8898066.jpg,tennis_player,1,1,0
sa_10783166.jpg,gymnast,0,0,0
sa_10845399.jpg,climber,0,0,0
sa_2832344.jpg,prayer,0,1,0
sa_4385778.jpg,gymnast,0,0,0
sa_6489778.jpg,prayer,1,1,0
sa_512894.jpg,laborer,0,0,0
sa_5949522.jpg,guard,0,0,0
sa_9066532.jpg,climber,0,0,0
sa_5601677.jpg,speaker,0,1,0
sa_246972.jpg,gardener,0,1,1
sa_9014662.jpg,tennis_player,0,1,0
sa_8560170.jpg,tennis_player,0,0,0
sa_10239807.jpg,lawman,1,1,0
sa_5378380.jpg,singer,0,1,0
sa_976950.jpg,gardener,1,1,0
sa_599096.jpg,motorcyclist,1,1,0
sa_49795.jpg,speaker,0,0,0
sa_10428935.jpg,computer_user,0,0,0
sa_9763355.jpg,gardener,0,1,0
sa_8686175.jpg,lawman,0,0,0
sa_133421.jpg,patient,1,1,0
sa_11090895.jpg,basketball_player,0,1,0
sa_1886626.jpg,drummer,0,1,0
sa_1315100.jpg,boatman,1,1,0
sa_9638491.jpg,motorcyclist,0,1,0
sa_5398091.jpg,guitarist,0,0,0
sa_3393431.jpg,fireman,0,1,0
sa_9983888.jpg,motorcyclist,0,1,0
sa_1761705.jpg,craftsman,0,1,0
sa_1323692.jpg,computer_user,1,0,0
sa_6132757.jpg,hairdresser,0,0,1
sa_6830276.jpg,singer,0,0,0
sa_3250674.jpg,laborer,0,1,0
sa_9624459.jpg,hairdresser,0,0,0
sa_5316319.jpg,computer_user,0,1,0
sa_3052440.jpg,skateboarder,0,0,0
sa_9380051.jpg,skateboarder,0,0,0
sa_1404978.jpg,skateboarder,0,1,0
sa_7919638.jpg,climber,0,0,0
sa_9294885.jpg,soccer_player,0,0,0
sa_5257129.jpg,craftsman,0,0,0
sa_367976.jpg,speaker,0,1,0
sa_10816436.jpg,tennis_player,1,1,0
sa_7639906.jpg,drummer,0,0,0
sa_9729345.jpg,speaker,1,1,0
sa_8049259.jpg,teacher,0,1,0
sa_4371623.jpg,laborer,0,1,0
sa_8384730.jpg,gardener,0,1,0
sa_10781457.jpg,craftsman,0,0,0
sa_3547858.jpg,farmer,0,1,1
sa_6600195.jpg,backpacker,0,1,0
sa_5722473.jpg,laborer,0,1,0
sa_7669781.jpg,speaker,0,0,0
sa_6793555.jpg,horseman,0,0,0
sa_6810239.jpg,gymnast,1,1,0
sa_320807.jpg,speaker,0,1,0
sa_8953854.jpg,nurse,1,0,0
sa_8958358.jpg,doctor,1,0,0
sa_4078971.jpg,seller,0,1,0
sa_2352063.jpg,motorcyclist,0,0,0
sa_9861488.jpg,tennis_player,0,0,0
sa_4484988.jpg,boatman,1,1,0
sa_1795411.jpg,tennis_player,1,0,0
sa_5578932.jpg,soldier,0,0,0
sa_6169865.jpg,seller,1,1,0
sa_2916644.jpg,tennis_player,0,1,0
sa_9965787.jpg,sculptor,0,0,0
sa_8424797.jpg,tennis_player,0,0,0
sa_2034625.jpg,repairman,0,1,0
sa_10749133.jpg,speaker,0,0,0
sa_8785969.jpg,prayer,0,1,0
sa_8515068.jpg,speaker,1,0,0
sa_9690755.jpg,speaker,0,0,1
sa_4188837.jpg,speaker,1,0,0
sa_473636.jpg,horseman,1,0,0
sa_8493717.jpg,painter,1,0,1
sa_10295580.jpg,teacher,1,1,0
sa_11016984.jpg,backpacker,1,0,0
sa_5095861.jpg,gymnast,0,1,0
sa_3440821.jpg,basketball_player,0,0,0
sa_4837709.jpg,guitarist,0,0,0
sa_3490866.jpg,basketball_player,0,1,0
sa_4136244.jpg,doctor,1,0,0
sa_7353565.jpg,singer,1,0,0
sa_5179641.jpg,lawman,0,0,0
sa_9442137.jpg,speaker,0,1,0
sa_4853313.jpg,climber,0,0,0
sa_8814187.jpg,student,0,1,0
sa_7022444.jpg,laborer,1,0,0
sa_3100815.jpg,craftsman,0,0,1
sa_8903195.jpg,student,1,1,0
sa_3461949.jpg,motorcyclist,1,1,0
sa_285789.jpg,climber,0,0,0
sa_7420539.jpg,referee,0,1,0
sa_9321850.jpg,boatman,1,0,1
sa_4816664.jpg,lawman,0,0,0
sa_9392368.jpg,teacher,1,1,0
sa_3245363.jpg,repairman,1,1,0
sa_3773328.jpg,tennis_player,0,0,0
sa_8359918.jpg,gymnast,1,0,0
sa_6252122.jpg,farmer,0,1,0
sa_3917147.jpg,laborer,0,1,0
sa_8270909.jpg,repairman,0,0,0
sa_11156444.jpg,tennis_player,1,1,0
sa_5146455.jpg,computer_user,1,1,0
sa_3879787.jpg,bartender,0,0,1
sa_9190898.jpg,speaker,0,1,1
sa_11058136.jpg,seller,0,1,0
sa_10415493.jpg,basketball_player,0,0,0
sa_102055.jpg,prayer,0,1,1
sa_1436638.jpg,waiter,0,0,0
sa_8465749.jpg,trumpeter,0,0,0
sa_7429102.jpg,guard,0,0,1
sa_646706.jpg,drummer,1,0,0
sa_9404503.jpg,tennis_player,0,0,0
sa_5995951.jpg,boatman,1,1,1
sa_7448670.jpg,singer,0,2,0
sa_10754693.jpg,motorcyclist,1,0,0
sa_2656002.jpg,craftsman,0,1,0
sa_11167728.jpg,farmer,1,0,0
sa_4807575.jpg,dancer,1,1,0
sa_6092908.jpg,gardener,0,0,0
sa_2272693.jpg,gymnast,0,0,0
sa_7268668.jpg,drummer,0,1,0
sa_5547987.jpg,skateboarder,0,1,0
sa_1161159.jpg,guitarist,0,1,0
sa_8632186.jpg,craftsman,0,0,0
sa_9633443.jpg,speaker,0,0,0
sa_4663245.jpg,speaker,0,1,0
sa_10391269.jpg,skateboarder,1,0,0
sa_10836146.jpg,tennis_player,0,1,0
sa_2886331.jpg,retailer,1,0,1
sa_7508750.jpg,backpacker,1,0,0
sa_6195566.jpg,dancer,1,0,0
sa_10723529.jpg,backpacker,0,1,0
sa_6339716.jpg,motorcyclist,0,1,0
sa_9904396.jpg,tennis_player,1,0,0
sa_1087621.jpg,singer,1,0,0
sa_5269563.jpg,retailer,0,1,0
sa_10744909.jpg,tennis_player,0,0,0
sa_6053554.jpg,trumpeter,0,0,0
sa_2832672.jpg,tennis_player,0,0,0
sa_10538894.jpg,lawman,0,1,0
sa_4679847.jpg,repairman,0,1,0
sa_4882898.jpg,computer_user,0,1,0
sa_7615731.jpg,craftsman,1,1,0
sa_9771327.jpg,backpacker,1,0,0
sa_5151198.jpg,farmer,1,2,0
sa_8241766.jpg,drummer,0,1,0
sa_9689753.jpg,tennis_player,0,0,0
sa_390743.jpg,computer_user,0,1,0
sa_1438036.jpg,lawman,0,0,0
sa_2224719.jpg,tennis_player,0,0,0
sa_8826188.jpg,basketball_player,0,1,0
sa_1711367.jpg,disk_jockey,1,0,0
sa_4545872.jpg,boatman,0,0,0
sa_2173036.jpg,nurse,1,0,0
sa_3523305.jpg,repairman,0,0,0
sa_4702429.jpg,computer_user,0,0,0
sa_3178044.jpg,tennis_player,0,0,0
sa_5773613.jpg,tennis_player,1,0,0
sa_2785416.jpg,speaker,0,0,0
sa_886017.jpg,speaker,0,1,0
sa_3529750.jpg,tennis_player,0,1,0
sa_4625286.jpg,guitarist,0,0,0
sa_7333581.jpg,dancer,1,1,1
sa_11057505.jpg,singer,0,0,0
sa_10340135.jpg,machinist,0,0,0
sa_1616126.jpg,farmer,1,1,0
sa_10945224.jpg,gardener,1,0,0
sa_5681662.jpg,skateboarder,0,1,0
sa_986171.jpg,speaker,0,1,0
sa_3966723.jpg,gardener,0,1,1
sa_5447146.jpg,guitarist,0,0,0
sa_8687062.jpg,gardener,0,0,0
sa_5338952.jpg,laborer,1,1,0
sa_3377528.jpg,farmer,0,1,0
sa_4293102.jpg,tennis_player,1,1,0
sa_7211555.jpg,computer_user,0,0,0
sa_8769423.jpg,tennis_player,0,1,0
sa_9855432.jpg,farmer,0,0,1
sa_4522034.jpg,craftsman,0,0,0
sa_8093049.jpg,hairdresser,0,1,0
sa_6882034.jpg,lawman,0,1,0
sa_6338376.jpg,basketball_player,1,0,0
sa_928557.jpg,bartender,0,1,0
sa_2063569.jpg,motorcyclist,1,0,0
sa_6470190.jpg,gymnast,1,0,0
sa_9897610.jpg,seller,1,1,0
sa_5066456.jpg,boatman,0,1,0
sa_967115.jpg,speaker,1,0,0
sa_9486927.jpg,tennis_player,0,0,0
sa_749619.jpg,tennis_player,0,1,0
sa_161259.jpg,tennis_player,1,0,0
sa_2120365.jpg,speaker,0,0,1
sa_194587.jpg,tennis_player,0,0,0
sa_7727923.jpg,boatman,1,0,0
sa_6310416.jpg,skateboarder,1,0,0
sa_2165713.jpg,tennis_player,0,0,0
sa_7056524.jpg,painter,0,1,0
sa_8065645.jpg,teacher,1,0,0
sa_7611839.jpg,tennis_player,0,0,0
sa_2867571.jpg,craftsman,0,0,1
sa_9042719.jpg,boatman,0,2,0
sa_4860779.jpg,lawman,0,0,0
sa_7699856.jpg,craftsman,0,0,1
sa_7466289.jpg,speaker,0,1,0
sa_10046646.jpg,gymnast,1,0,0
sa_9920746.jpg,student,0,0,0
sa_6687968.jpg,dancer,0,1,0
sa_28852.jpg,laborer,1,1,0
sa_789920.jpg,boatman,1,0,0
sa_3336844.jpg,painter,1,1,0
sa_7755115.jpg,backpacker,0,1,0
sa_141510.jpg,tennis_player,0,0,0
sa_10312140.jpg,tennis_player,0,1,0
sa_913001.jpg,motorcyclist,0,1,0
sa_5629688.jpg,farmer,0,1,0
sa_9940745.jpg,singer,1,1,0
sa_2262192.jpg,ballplayer,1,0,0
sa_6808578.jpg,fireman,0,0,0
sa_6204265.jpg,horseman,0,1,0
sa_7036896.jpg,tennis_player,1,1,0
sa_7250129.jpg,waiter,0,0,0
sa_2450742.jpg,boatman,0,0,0
sa_7050755.jpg,tennis_player,0,0,0
sa_2408956.jpg,speaker,0,0,1
sa_1858524.jpg,speaker,0,0,0
sa_4110896.jpg,boatman,1,1,0
sa_3923404.jpg,painter,1,1,0
sa_8092150.jpg,tennis_player,1,1,0
sa_10440947.jpg,tennis_player,0,1,0
sa_1458021.jpg,speaker,0,0,0
sa_3232409.jpg,basketball_player,0,2,0
sa_7422805.jpg,horseman,1,0,0
sa_5879059.jpg,tennis_player,0,1,0
sa_10652134.jpg,laborer,0,1,0
sa_4843156.jpg,computer_user,1,0,0
sa_1070881.jpg,speaker,0,0,1
sa_2984797.jpg,farmer,1,0,0
sa_2567426.jpg,seller,0,0,0
sa_963972.jpg,gardener,1,0,0
sa_10490516.jpg,tennis_player,0,1,0
sa_4175080.jpg,speaker,0,0,1
sa_5335762.jpg,lifeguard,0,0,0
sa_1363858.jpg,laborer,0,2,0
sa_733744.jpg,tennis_player,1,0,0
sa_3377191.jpg,student,0,0,0
sa_6279561.jpg,tennis_player,0,1,0
sa_2331254.jpg,gymnast,0,1,0
sa_5458132.jpg,teacher,0,0,0
sa_4927592.jpg,lawman,0,0,0
sa_3373055.jpg,tennis_player,0,1,0
sa_3330741.jpg,craftsman,0,1,0
sa_2272032.jpg,drummer,0,0,0
sa_3748533.jpg,speaker,1,0,0
sa_9331645.jpg,laborer,0,1,0
sa_4227422.jpg,tennis_player,1,0,0
sa_256432.jpg,skateboarder,0,0,0
sa_886944.jpg,laborer,0,0,1
sa_845193.jpg,boatman,1,0,1
sa_8144711.jpg,speaker,1,2,0
sa_9384288.jpg,lawman,0,1,0
sa_265382.jpg,singer,0,0,0
sa_3118366.jpg,motorcyclist,0,1,1
sa_10990894.jpg,teacher,0,1,0
sa_770540.jpg,flutist,0,1,0
sa_3920699.jpg,prayer,0,1,0
sa_2744147.jpg,lawman,1,0,0
sa_2477283.jpg,tennis_player,0,0,0
sa_1776535.jpg,climber,0,1,0
sa_7862985.jpg,tennis_player,1,0,0
sa_10263299.jpg,drummer,1,0,0
sa_7122619.jpg,gymnast,0,0,0
sa_2893796.jpg,drummer,1,0,0
sa_7682916.jpg,farmer,1,1,1
sa_10039119.jpg,retailer,1,1,0
sa_3334883.jpg,tennis_player,1,0,0
sa_1679695.jpg,tennis_player,1,2,0
sa_9210819.jpg,doctor,1,0,0
sa_7266168.jpg,motorcyclist,0,0,0
sa_4361175.jpg,craftsman,1,1,0
sa_816538.jpg,motorcyclist,0,1,0
sa_3186308.jpg,tennis_player,1,0,0
sa_8560338.jpg,speaker,0,0,0
sa_1899545.jpg,tennis_player,0,2,0
sa_5027431.jpg,prayer,1,1,0
sa_2402727.jpg,computer_user,1,0,0
sa_1965769.jpg,boatman,0,1,0
sa_6704108.jpg,skateboarder,0,0,0
sa_5474049.jpg,patient,0,0,0
sa_8234883.jpg,lawman,0,0,0
sa_6138142.jpg,tennis_player,0,0,0
sa_6357281.jpg,speaker,0,0,1
sa_9161409.jpg,climber,1,1,0
sa_5880143.jpg,speaker,0,0,0
sa_11012170.jpg,seller,1,1,0
sa_2452383.jpg,tennis_player,1,1,0
sa_4240783.jpg,tennis_player,1,1,0
sa_2769457.jpg,computer_user,0,0,0
sa_1495411.jpg,motorcyclist,0,0,0
sa_3817788.jpg,laborer,0,0,0
sa_9084584.jpg,motorcyclist,0,1,0
sa_10668099.jpg,repairman,0,1,0
sa_8751571.jpg,waiter,1,1,0
sa_8780938.jpg,doctor,1,0,0
sa_7644744.jpg,guitarist,0,1,1
sa_4309327.jpg,nurse,0,1,0
sa_9143509.jpg,farmer,1,1,0
sa_10929794.jpg,guitarist,0,0,0
sa_7967759.jpg,tennis_player,1,1,0
sa_3833145.jpg,computer_user,0,1,0
sa_3404492.jpg,machinist,0,0,1
sa_283290.jpg,gardener,1,1,0
sa_5975343.jpg,hairdresser,0,0,0
sa_2115397.jpg,backpacker,0,1,0
sa_72126.jpg,boatman,0,1,0
sa_5304079.jpg,singer,0,1,0
sa_2146502.jpg,repairman,0,0,0
sa_6005397.jpg,boatman,1,1,0
sa_10725560.jpg,climber,1,0,0
sa_3305317.jpg,tennis_player,1,1,0
sa_4660234.jpg,hairdresser,0,2,0
sa_7761729.jpg,laborer,1,1,0
sa_10225129.jpg,speaker,0,1,0
sa_10945418.jpg,boatman,0,1,0
sa_282221.jpg,hairdresser,0,0,0
sa_7083078.jpg,tennis_player,1,1,0
sa_469082.jpg,motorcyclist,0,1,0
sa_9330949.jpg,boatman,1,0,0
sa_5451655.jpg,backpacker,1,0,1
sa_8563211.jpg,gymnast,0,0,0
sa_936467.jpg,speaker,1,0,0
sa_8478954.jpg,laborer,0,1,0
sa_780856.jpg,computer_user,0,0,0
sa_5105333.jpg,tennis_player,1,0,0
sa_6957239.jpg,waiter,1,0,0
sa_4201454.jpg,repairman,0,2,0
sa_10340626.jpg,boatman,1,1,1
sa_2225081.jpg,hairdresser,0,0,0
sa_10552214.jpg,craftsman,0,1,0
sa_8274169.jpg,boatman,1,1,1
sa_5024111.jpg,drummer,0,1,0
sa_3345025.jpg,nurse,0,0,0
sa_8721524.jpg,speaker,0,1,0
sa_7570808.jpg,lifeguard,0,0,0
sa_1785229.jpg,painter,1,0,0
sa_2363548.jpg,seller,0,1,1
sa_4022916.jpg,ballplayer,1,0,0
sa_7155928.jpg,horseman,1,1,0
sa_5077212.jpg,soccer_player,0,1,0
sa_10637657.jpg,lawman,0,0,0
sa_10322370.jpg,nurse,1,0,0
sa_712457.jpg,tennis_player,0,0,0
sa_7096778.jpg,lawman,1,0,0
sa_971570.jpg,lawman,1,0,0
sa_8923139.jpg,drummer,0,0,0
sa_3294263.jpg,guard,0,0,0
sa_9463968.jpg,motorcyclist,1,1,0
sa_2199069.jpg,reporter,0,1,0
sa_808626.jpg,repairman,0,0,0
sa_3963491.jpg,basketball_player,0,1,0
sa_10649763.jpg,motorcyclist,0,1,0
sa_6758618.jpg,tennis_player,0,0,0
sa_6775352.jpg,flutist,0,1,0
sa_4523775.jpg,guitarist,0,0,0
sa_7173121.jpg,guard,0,0,0
sa_8545386.jpg,laborer,0,0,0
sa_5055398.jpg,tennis_player,0,0,0
sa_2159373.jpg,singer,0,0,0
sa_11029893.jpg,sculptor,0,0,1
sa_9929411.jpg,singer,0,1,0
sa_3874435.jpg,dancer,0,0,0
sa_4040692.jpg,basketball_player,0,1,0
sa_8265044.jpg,boatman,1,0,1
sa_6055755.jpg,singer,0,0,0
sa_9769051.jpg,soccer_player,0,1,0
sa_6031048.jpg,guitarist,0,1,0
sa_5837900.jpg,backpacker,0,1,0
sa_6391798.jpg,singer,0,1,0
sa_3340475.jpg,retailer,1,1,0
sa_8772802.jpg,motorcyclist,0,1,0
sa_4803322.jpg,guitarist,0,0,1
sa_5021145.jpg,prayer,0,1,0
sa_10036816.jpg,ballplayer,0,1,0
sa_3018040.jpg,computer_user,1,0,0
sa_4668005.jpg,backpacker,0,0,0
sa_6854701.jpg,guitarist,0,1,1
sa_7779547.jpg,retailer,0,0,0
sa_189673.jpg,speaker,0,0,0
sa_2859106.jpg,horseman,0,0,0
sa_9639752.jpg,laborer,0,1,0
sa_43976.jpg,painter,0,1,0
sa_3231806.jpg,lifeguard,0,2,0
sa_3048306.jpg,skateboarder,0,1,0
sa_10865656.jpg,gymnast,0,0,0
sa_719753.jpg,laborer,0,1,0
sa_267045.jpg,lawman,0,0,0
sa_269129.jpg,guitarist,0,1,0
sa_897513.jpg,drummer,0,1,0
sa_2885576.jpg,electrician,0,1,0
sa_4050798.jpg,repairman,0,1,0
sa_3367039.jpg,repairman,0,1,0
sa_7615551.jpg,laborer,0,0,0
sa_5087561.jpg,speaker,0,1,1
sa_6824909.jpg,repairman,1,1,0
sa_3088556.jpg,tennis_player,1,0,0
sa_849240.jpg,guitarist,0,1,0
sa_1059353.jpg,soccer_player,0,0,0
sa_3250881.jpg,lifeguard,0,1,0
sa_5742270.jpg,climber,0,1,0
sa_2173266.jpg,electrician,0,2,0
sa_3085192.jpg,nurse,1,1,0
sa_5901863.jpg,motorcyclist,0,1,1
sa_6535631.jpg,seller,0,2,0
sa_10014996.jpg,singer,0,1,0
sa_7938291.jpg,painter,0,1,0
sa_5177969.jpg,seller,0,0,1
sa_4924876.jpg,guard,0,1,0
sa_5531057.jpg,bartender,1,1,0
sa_8407340.jpg,backpacker,1,0,1
sa_9937239.jpg,painter,0,1,1
sa_4216284.jpg,farmer,0,1,0
sa_6553574.jpg,craftsman,0,1,1
sa_10095386.jpg,farmer,0,0,1
sa_5517539.jpg,reporter,0,1,0
sa_8076225.jpg,horseman,0,1,0
sa_3029208.jpg,nurse,1,0,0
sa_6779973.jpg,sculptor,0,0,0
sa_166968.jpg,prayer,1,0,1
sa_9161185.jpg,lawman,0,0,0
sa_10557326.jpg,skateboarder,0,1,0
sa_5901920.jpg,guitarist,0,0,0
sa_9994757.jpg,nurse,0,0,0
sa_7436798.jpg,painter,0,0,1
sa_5510983.jpg,retailer,0,1,0
sa_2419552.jpg,singer,0,1,0
sa_10456096.jpg,painter,0,1,0
sa_4112433.jpg,lifeguard,0,1,0
sa_4034140.jpg,carpenter,0,1,0
sa_11095185.jpg,lifeguard,0,1,0
sa_1930587.jpg,backpacker,0,1,0
sa_2484361.jpg,hairdresser,0,2,0
sa_9964079.jpg,gardener,0,0,0
sa_2681410.jpg,painter,0,0,1
sa_9078196.jpg,drummer,0,1,1
sa_6884512.jpg,lawman,0,0,0
sa_4691385.jpg,speaker,0,1,0
sa_4413267.jpg,seller,0,1,1
sa_2305142.jpg,lawman,0,0,0
sa_5190182.jpg,computer_user,0,1,0
sa_5711988.jpg,guitarist,0,1,0
sa_7019026.jpg,gymnast,0,0,0
sa_9458980.jpg,craftsman,0,1,1
sa_9302571.jpg,speaker,0,2,0
sa_6717502.jpg,guitarist,0,0,0
sa_1713651.jpg,trumpeter,0,0,0
sa_4477662.jpg,horseman,0,0,0
sa_10955369.jpg,lawman,0,0,1
sa_5073028.jpg,dancer,1,0,0
sa_6705423.jpg,lawman,0,0,0
sa_10568659.jpg,machinist,0,0,0
sa_297234.jpg,soldier,0,0,0
sa_1548146.jpg,craftsman,0,1,0
sa_2402861.jpg,horseman,1,0,0
sa_3636991.jpg,basketball_player,0,0,0
sa_5293706.jpg,ballplayer,0,0,0
sa_2431195.jpg,referee,0,1,0
sa_3597267.jpg,speaker,0,1,0
sa_6747547.jpg,singer,0,1,0
sa_2748313.jpg,gymnast,0,0,0
sa_1721466.jpg,electrician,0,1,0
sa_4684634.jpg,retailer,1,0,0
sa_4125608.jpg,guitarist,0,1,0
sa_11162857.jpg,painter,0,1,0
sa_1573959.jpg,backpacker,1,0,0
sa_10224487.jpg,basketball_player,0,1,0
sa_10552476.jpg,guard,0,0,0
sa_8626832.jpg,computer_user,0,0,0
sa_10320681.jpg,computer_user,0,1,0
sa_8575674.jpg,craftsman,0,1,0
sa_9499590.jpg,seller,0,0,0
sa_5545262.jpg,backpacker,0,0,0
sa_6368061.jpg,nurse,1,0,0
sa_6818163.jpg,hairdresser,0,1,1
sa_6934855.jpg,speaker,0,1,0
sa_10464359.jpg,disk_jockey,0,0,0
sa_4146794.jpg,lawman,0,0,0
sa_10249836.jpg,climber,0,0,0
sa_5618149.jpg,computer_user,1,0,0
sa_3102747.jpg,speaker,0,1,0
sa_6428010.jpg,horseman,1,1,0
sa_7777229.jpg,basketball_player,0,0,0
sa_8782139.jpg,speaker,1,1,0
sa_2987545.jpg,singer,0,0,0
sa_9315903.jpg,painter,1,0,0
sa_9002791.jpg,prayer,0,0,0
sa_5457593.jpg,gardener,0,0,0
sa_9670328.jpg,lifeguard,0,1,0
sa_6550437.jpg,skateboarder,0,0,0
sa_3203771.jpg,guitarist,0,1,0
sa_4217167.jpg,electrician,0,1,0
sa_10344144.jpg,lawman,0,0,0
sa_4602024.jpg,speaker,0,2,0
sa_1440223.jpg,farmer,0,1,0
sa_5197782.jpg,gymnast,0,0,0
sa_4731456.jpg,horseman,1,0,0
sa_6238885.jpg,singer,0,1,0
sa_4914631.jpg,tennis_player,1,1,0
sa_5513594.jpg,retailer,0,1,0
sa_8477411.jpg,singer,0,1,0
sa_2613286.jpg,speaker,0,0,0
sa_3007670.jpg,lawman,0,0,1
sa_7436039.jpg,backpacker,1,0,0
sa_3503222.jpg,electrician,0,1,0
sa_5927825.jpg,singer,1,0,0
sa_8174780.jpg,machinist,0,2,0
sa_2934395.jpg,lawman,0,0,0
sa_10413772.jpg,farmer,0,1,0
sa_3220994.jpg,electrician,0,1,0
sa_3152067.jpg,referee,0,0,0
sa_8771245.jpg,retailer,0,1,0
sa_4010359.jpg,computer_user,0,0,0
sa_5489021.jpg,boatman,0,0,0
sa_1365313.jpg,basketball_player,0,2,0
sa_6438341.jpg,referee,0,1,0
sa_9575780.jpg,laborer,0,0,0
sa_5885346.jpg,painter,0,0,0
sa_5603743.jpg,craftsman,0,1,1
sa_9378766.jpg,lawman,0,1,0
sa_1549906.jpg,singer,1,1,0
sa_600612.jpg,laborer,0,1,0
sa_8363098.jpg,painter,0,1,0
sa_1744328.jpg,skateboarder,0,1,0
sa_8101521.jpg,laborer,0,1,0
sa_6611660.jpg,lawman,0,1,0
sa_8674232.jpg,craftsman,0,1,0
sa_8789261.jpg,climber,0,0,0
sa_2222039.jpg,laborer,0,1,0
sa_1953553.jpg,seller,1,1,0
sa_9490547.jpg,gymnast,1,1,0
sa_4679556.jpg,soccer_player,0,1,0
sa_6840693.jpg,laborer,0,1,1
sa_10669289.jpg,disk_jockey,1,0,0
sa_408773.jpg,drummer,0,1,0
sa_2223163.jpg,gardener,0,1,0
sa_1445812.jpg,ballplayer,0,1,0
sa_1159097.jpg,patient,0,1,0
sa_4650961.jpg,dancer,0,1,0
sa_8939428.jpg,retailer,1,1,0
sa_6810224.jpg,painter,0,0,1
sa_5420030.jpg,farmer,0,2,0
sa_5817500.jpg,drummer,0,1,0
sa_9057863.jpg,fireman,0,0,1
sa_3445490.jpg,computer_user,0,1,0
sa_8975016.jpg,seller,1,1,0
sa_5577953.jpg,referee,0,0,0
sa_5070556.jpg,painter,0,1,0
sa_5509528.jpg,skateboarder,0,1,0
sa_1708863.jpg,seller,1,1,0
sa_732444.jpg,hairdresser,0,0,0
sa_1532983.jpg,lawman,0,0,0
sa_1428563.jpg,craftsman,0,0,0
sa_10959819.jpg,boatman,0,0,1
sa_5120160.jpg,gardener,0,2,1
sa_3166573.jpg,lawman,0,1,1
sa_125835.jpg,singer,0,0,0
sa_2827190.jpg,patient,1,0,0
sa_5698101.jpg,horseman,1,0,0
sa_2239322.jpg,singer,1,1,0
sa_1053377.jpg,craftsman,0,1,0
sa_10668979.jpg,singer,1,1,0
sa_9789369.jpg,teacher,0,0,0
sa_5911495.jpg,skateboarder,0,1,0
sa_5747966.jpg,repairman,0,0,0
sa_1424764.jpg,lawman,1,1,0
sa_5849104.jpg,lawman,0,0,0
sa_8977528.jpg,ballplayer,0,0,0
sa_255560.jpg,backpacker,0,1,0
sa_8284683.jpg,guard,0,0,0
sa_7143855.jpg,gymnast,1,0,0
sa_882847.jpg,backpacker,0,0,0
sa_1139339.jpg,machinist,0,1,0
sa_9047860.jpg,dancer,0,1,0
sa_4126305.jpg,boatman,1,0,0
sa_5987402.jpg,ballplayer,0,1,0
sa_11110471.jpg,guitarist,0,1,1
sa_2943736.jpg,speaker,0,1,0
sa_5527310.jpg,lawman,1,1,0
sa_8691694.jpg,laborer,0,2,0
sa_1907768.jpg,painter,0,1,0
sa_1190928.jpg,patient,0,1,0
sa_5299677.jpg,laborer,1,1,1
sa_1448211.jpg,singer,1,1,0
sa_8027624.jpg,speaker,0,1,0
sa_6570428.jpg,craftsman,0,0,0
sa_3843412.jpg,boatman,0,1,0
sa_3991633.jpg,guitarist,0,1,0
sa_6736481.jpg,referee,0,1,0
sa_7465325.jpg,farmer,1,0,0
sa_4746840.jpg,computer_user,0,0,0
sa_10597460.jpg,seller,0,0,0
sa_1736554.jpg,prayer,0,0,1
sa_6757750.jpg,reporter,0,1,0
sa_7594083.jpg,laborer,0,1,0
sa_1115101.jpg,tennis_player,0,0,0
sa_3490179.jpg,seller,1,1,1
sa_9222548.jpg,basketball_player,0,0,0
sa_4569834.jpg,craftsman,0,1,0
sa_10609078.jpg,prayer,0,1,0
sa_6002410.jpg,patient,0,0,1
sa_7716118.jpg,guard,0,1,0
sa_8954673.jpg,referee,0,1,0
sa_3983520.jpg,horseman,1,0,0
sa_10830898.jpg,flutist,0,0,0
sa_7424004.jpg,computer_user,1,1,1
sa_7246689.jpg,lawman,0,1,1
sa_594039.jpg,guard,1,1,0
sa_9456549.jpg,horseman,0,0,0
sa_10544178.jpg,guard,0,0,0
sa_4509459.jpg,backpacker,0,1,0
sa_10113117.jpg,laborer,0,1,0
sa_6061899.jpg,farmer,0,1,0
sa_644598.jpg,hairdresser,0,1,0
sa_2852536.jpg,seller,1,1,0
sa_7275580.jpg,prayer,0,2,0
sa_1594143.jpg,seller,0,1,1
sa_9490015.jpg,craftsman,1,1,0
sa_10699664.jpg,gardener,0,1,0
sa_2744840.jpg,lawman,0,0,0
sa_10163033.jpg,painter,1,1,0
sa_9052032.jpg,computer_user,0,0,0
sa_8823793.jpg,computer_user,1,1,0
sa_2885856.jpg,climber,0,0,0
sa_2300922.jpg,dancer,1,1,0
sa_3444655.jpg,laborer,0,2,0
sa_2226593.jpg,backpacker,0,0,0
sa_8183845.jpg,prayer,0,1,0
sa_4366173.jpg,gymnast,0,0,0
sa_7466857.jpg,basketball_player,1,0,0
sa_6400219.jpg,skateboarder,0,0,0
sa_237519.jpg,craftsman,0,0,0
sa_9014552.jpg,gymnast,0,0,0
sa_7019100.jpg,machinist,0,1,0
sa_7885501.jpg,farmer,1,1,0
sa_4202765.jpg,guitarist,0,1,0
sa_1307212.jpg,tennis_player,0,0,0
sa_10635690.jpg,climber,0,0,0
sa_10146555.jpg,guard,0,0,0
sa_2772979.jpg,computer_user,1,1,0
sa_5590988.jpg,skateboarder,0,1,0
sa_1508330.jpg,craftsman,1,1,1
sa_10924520.jpg,tennis_player,1,1,0
sa_6797919.jpg,soldier,0,1,0
sa_5856828.jpg,computer_user,0,0,0
sa_6849433.jpg,farmer,0,1,1
sa_2906647.jpg,lawman,0,0,0
sa_6751098.jpg,computer_user,0,1,0
sa_6072401.jpg,student,0,1,0
sa_5134189.jpg,singer,0,1,0
sa_2231456.jpg,repairman,0,0,1
sa_6574999.jpg,sculptor,0,2,0
sa_305351.jpg,singer,1,0,0
sa_10798546.jpg,seller,1,0,0
sa_4879579.jpg,skateboarder,0,1,0
sa_4387915.jpg,skateboarder,0,1,0
sa_10262407.jpg,craftsman,0,1,1
sa_4830418.jpg,computer_user,1,0,0
sa_10912969.jpg,seller,1,1,0
sa_4293033.jpg,seller,0,1,0
sa_4133928.jpg,craftsman,0,0,0
sa_5514842.jpg,teacher,0,0,0
sa_5853079.jpg,retailer,1,0,0
sa_6904485.jpg,horseman,0,0,0
sa_8307196.jpg,singer,0,0,0
sa_5215943.jpg,craftsman,0,1,1
sa_6497347.jpg,hairdresser,0,1,0
sa_7210445.jpg,referee,0,1,0
sa_8386852.jpg,lawman,0,0,0
sa_303365.jpg,speaker,0,0,0
sa_4001138.jpg,speaker,0,0,1
sa_2373950.jpg,seller,0,1,1
sa_9766929.jpg,lawman,0,1,0
sa_952648.jpg,farmer,0,1,1
sa_8405393.jpg,craftsman,1,0,0
sa_9202767.jpg,sculptor,0,0,0
sa_9101353.jpg,lawman,0,0,0
sa_1559364.jpg,guard,0,0,0
sa_4179059.jpg,backpacker,1,1,0
sa_5053208.jpg,skateboarder,0,1,0
sa_6858156.jpg,guard,0,0,0
sa_11349.jpg,lawman,0,0,0
sa_1868999.jpg,backpacker,1,1,0
sa_9793371.jpg,painter,0,2,0
sa_5877497.jpg,ballplayer,0,1,0
sa_821002.jpg,basketball_player,0,0,0
sa_9232602.jpg,painter,0,0,0
sa_5967965.jpg,painter,0,1,0
sa_708863.jpg,guitarist,0,0,0
sa_7190417.jpg,prayer,0,1,0
sa_5869544.jpg,lawman,0,1,0
sa_7720349.jpg,singer,0,1,1
sa_1237650.jpg,singer,0,0,0
sa_9419438.jpg,tennis_player,0,1,0
sa_11076683.jpg,painter,0,1,0
sa_4713935.jpg,repairman,0,1,0
sa_3864334.jpg,lawman,0,1,0
sa_4516504.jpg,backpacker,0,1,0
sa_3402550.jpg,runner,0,1,0
sa_7648853.jpg,waiter,0,1,0
sa_672413.jpg,gymnast,0,0,0
sa_10396926.jpg,patient,0,1,0
sa_5561228.jpg,lawman,0,0,0
sa_3701755.jpg,laborer,0,1,0
sa_75518.jpg,doctor,1,0,0
sa_1812967.jpg,farmer,1,1,0
sa_3286263.jpg,repairman,0,1,0
sa_8793046.jpg,disk_jockey,0,0,0
sa_6833110.jpg,seller,0,1,1
sa_1905233.jpg,singer,0,2,0
sa_6651225.jpg,gymnast,0,0,0
sa_2655119.jpg,gardener,0,1,0
sa_3609098.jpg,gymnast,1,0,0
sa_7934877.jpg,soldier,0,1,0
sa_4035619.jpg,repairman,0,0,0
sa_10335020.jpg,lawman,0,1,0
sa_1884253.jpg,nurse,1,1,0
sa_587535.jpg,tennis_player,0,0,0
sa_1676591.jpg,seller,1,1,0
sa_6285321.jpg,computer_user,1,1,0
sa_349696.jpg,soccer_player,0,0,0
sa_454510.jpg,seller,1,1,0
sa_9695755.jpg,singer,1,0,0
sa_728013.jpg,guard,0,0,0
sa_8731515.jpg,laborer,0,2,1
sa_6647782.jpg,backpacker,0,0,0
sa_9729994.jpg,horseman,1,0,0
sa_10354956.jpg,tennis_player,0,1,0
sa_903736.jpg,boatman,0,0,0
sa_9502279.jpg,doctor,1,2,0
sa_5058688.jpg,sculptor,1,0,0
sa_4643997.jpg,singer,1,1,0
sa_3872165.jpg,basketball_player,0,0,0
sa_6293045.jpg,patient,0,0,0
sa_2183807.jpg,machinist,0,0,0
sa_8495151.jpg,ballplayer,0,1,0
sa_11054962.jpg,dancer,1,0,0
sa_852477.jpg,reporter,0,0,0
sa_77824.jpg,prayer,0,0,0
sa_4333162.jpg,skateboarder,0,1,0
sa_8168477.jpg,hairdresser,0,1,0
sa_10167927.jpg,basketball_player,0,0,0
sa_2919093.jpg,soldier,0,1,1
sa_5195046.jpg,skateboarder,0,0,0
sa_7578694.jpg,soldier,0,0,0
sa_3739910.jpg,craftsman,0,1,0
sa_9146399.jpg,lawman,0,1,0
sa_7769201.jpg,soldier,0,0,0
sa_7620693.jpg,backpacker,0,0,0
sa_10937580.jpg,lawman,0,0,0
sa_10139691.jpg,patient,1,1,0
sa_3164436.jpg,horseman,0,1,0
sa_2896022.jpg,skateboarder,0,0,0
sa_8047866.jpg,hairdresser,0,1,0
sa_3034466.jpg,lawman,0,0,0
sa_9232167.jpg,speaker,0,1,0
sa_6581453.jpg,repairman,0,1,0
sa_1348584.jpg,horseman,0,0,0
sa_2847538.jpg,gymnast,1,0,0
sa_2186449.jpg,boatman,0,0,0
sa_225241.jpg,repairman,0,1,0
sa_5343970.jpg,speaker,0,1,0
sa_4499365.jpg,lawman,0,1,0
sa_1923700.jpg,gymnast,0,0,0
sa_3858446.jpg,doctor,1,0,0
sa_10141636.jpg,horseman,0,0,0
sa_5788382.jpg,drummer,0,1,0
sa_1684899.jpg,boatman,1,1,1
sa_3195431.jpg,waiter,0,0,0
sa_10124711.jpg,cheerleader,1,0,0
sa_6185423.jpg,craftsman,0,1,0
sa_2453117.jpg,repairman,0,1,0
sa_9963952.jpg,laborer,0,1,0
sa_11168101.jpg,ballplayer,0,1,0
sa_10044001.jpg,singer,0,0,0
sa_9430852.jpg,speaker,0,1,1
sa_2527519.jpg,painter,0,1,0
sa_10351700.jpg,guitarist,0,0,0
sa_10201876.jpg,laborer,0,1,0
sa_413123.jpg,lawman,0,1,0
sa_7832364.jpg,seller,0,1,0
sa_1550193.jpg,painter,0,0,0
sa_7921079.jpg,backpacker,1,1,0
sa_7458901.jpg,nurse,1,1,0
sa_8699841.jpg,painter,0,1,1
sa_2807794.jpg,boatman,0,1,0
sa_5059955.jpg,farmer,0,1,0
sa_5165871.jpg,waiter,0,1,0
sa_3365642.jpg,teacher,0,0,0
sa_8181261.jpg,boatman,0,1,0
sa_7175102.jpg,drummer,0,2,0
sa_10235959.jpg,lawman,0,0,0
sa_1997522.jpg,lawman,0,0,0
sa_10054776.jpg,farmer,0,1,0
sa_2465970.jpg,speaker,0,1,0
sa_10477940.jpg,craftsman,0,1,0
sa_3312084.jpg,sculptor,0,1,0
sa_10711947.jpg,singer,0,1,0
sa_5010685.jpg,speaker,1,0,0
sa_8063102.jpg,hairdresser,0,0,0
sa_9927665.jpg,sculptor,0,0,0
sa_1205984.jpg,craftsman,1,1,0
sa_454914.jpg,nurse,1,1,0
sa_9822974.jpg,judge,1,1,0
sa_7784281.jpg,laborer,0,1,0
sa_4178031.jpg,prayer,0,0,0
sa_8490725.jpg,lawman,0,1,0
sa_8878628.jpg,craftsman,1,0,0
sa_5825260.jpg,lawman,0,0,0
sa_3151952.jpg,farmer,0,1,0
sa_4285468.jpg,guitarist,0,0,0
sa_1209633.jpg,referee,0,1,0
sa_4172662.jpg,backpacker,0,0,0
sa_5968558.jpg,climber,0,0,0
sa_8413645.jpg,singer,0,0,0
sa_1972900.jpg,tennis_player,1,1,0
sa_5696197.jpg,disk_jockey,0,0,0
sa_1236839.jpg,backpacker,1,0,0
sa_1608753.jpg,gardener,0,0,1
sa_3162011.jpg,speaker,0,1,0
sa_5212163.jpg,dancer,1,0,0
sa_6272142.jpg,farmer,0,1,0
sa_1583884.jpg,lifeguard,0,1,0
sa_3702665.jpg,lawman,1,1,0
sa_7753761.jpg,painter,1,1,0
sa_7104030.jpg,hairdresser,0,2,0
sa_9536595.jpg,boatman,0,1,0
sa_3566272.jpg,skateboarder,0,1,0
sa_10231705.jpg,skateboarder,1,0,0
sa_9892402.jpg,speaker,0,0,1
sa_4208685.jpg,tennis_player,1,0,0
sa_219884.jpg,lawman,0,0,0
sa_3198420.jpg,lawman,0,1,0
sa_5156778.jpg,drummer,0,1,0
sa_5009151.jpg,machinist,0,2,0
sa_9717977.jpg,craftsman,0,1,1
sa_9098224.jpg,soccer_player,0,0,0
sa_1181663.jpg,gymnast,1,0,0
sa_9323717.jpg,singer,0,0,0
sa_423912.jpg,backpacker,0,1,0
sa_9891271.jpg,lawman,0,0,0
sa_9646794.jpg,lawman,0,0,0
sa_3948150.jpg,tennis_player,0,0,0
sa_3535699.jpg,soldier,0,1,0
sa_4136056.jpg,dancer,1,0,0
sa_2567556.jpg,painter,1,1,0
sa_8659913.jpg,tennis_player,1,0,0
sa_613450.jpg,lawman,0,1,0
sa_1974896.jpg,lawman,0,1,0
sa_5268834.jpg,craftsman,0,0,0
sa_10125067.jpg,guitarist,0,0,1
sa_5183396.jpg,singer,0,0,0
sa_4565315.jpg,farmer,0,1,0
sa_8526059.jpg,lawman,1,0,0
sa_8252385.jpg,fireman,0,0,0
sa_4484280.jpg,farmer,1,0,0
sa_1285574.jpg,lawman,0,1,0
sa_8590534.jpg,lawman,1,1,0
sa_557878.jpg,machinist,0,0,0
sa_5982755.jpg,singer,1,0,0
sa_1053989.jpg,boatman,0,1,0
sa_10954426.jpg,disk_jockey,0,1,0
sa_6187423.jpg,basketball_player,0,0,0
sa_8660949.jpg,guitarist,0,2,0
sa_3407142.jpg,repairman,0,1,0
sa_10571093.jpg,backpacker,1,1,0
sa_868878.jpg,speaker,1,0,0
sa_353930.jpg,craftsman,0,0,0
sa_6708978.jpg,horseman,1,0,0
sa_3866426.jpg,ballplayer,0,0,0
sa_4855645.jpg,gymnast,1,0,0
sa_438532.jpg,sculptor,0,0,0
sa_4105895.jpg,guard,0,0,0
sa_8647083.jpg,farmer,0,1,0
sa_3890733.jpg,gymnast,0,1,0
sa_1417705.jpg,lawman,0,1,0
sa_6194488.jpg,craftsman,0,0,0
sa_5603527.jpg,lawman,0,0,0
sa_582593.jpg,repairman,0,1,1
sa_6469060.jpg,horseman,0,1,0
sa_9694518.jpg,repairman,0,1,0
sa_4788949.jpg,hairdresser,1,1,0
sa_1773393.jpg,computer_user,0,0,0
sa_9401415.jpg,craftsman,0,1,0
sa_7464440.jpg,backpacker,0,1,0
sa_435568.jpg,dancer,0,1,0
sa_5990053.jpg,farmer,0,1,0
sa_3815717.jpg,laborer,0,1,0
sa_179726.jpg,motorcyclist,0,0,0
sa_1721045.jpg,computer_user,0,0,0
sa_1891178.jpg,singer,0,1,0
sa_1065548.jpg,gardener,0,1,1
sa_162326.jpg,skateboarder,0,1,0
sa_2380678.jpg,horseman,0,0,0
sa_929796.jpg,tennis_player,1,1,0
sa_7531389.jpg,teacher,0,1,1
sa_7512198.jpg,drummer,0,0,0
sa_972029.jpg,machinist,0,1,0
sa_2803897.jpg,reporter,0,1,0
sa_2486603.jpg,referee,0,0,0
sa_9575949.jpg,lawman,0,0,0
sa_6809597.jpg,guard,1,1,0
sa_5652466.jpg,motorcyclist,0,1,0
sa_9012978.jpg,craftsman,0,1,0
sa_10938917.jpg,guitarist,1,1,0
sa_9329589.jpg,craftsman,1,2,0
sa_8265377.jpg,farmer,0,1,0
sa_2719919.jpg,singer,0,1,0
sa_6581156.jpg,horseman,1,1,0
sa_1406671.jpg,dancer,0,0,0
sa_1160204.jpg,doctor,0,1,0
sa_2778236.jpg,lawman,0,0,0
sa_9373853.jpg,farmer,0,2,0
sa_7125176.jpg,speaker,0,0,0
sa_5903409.jpg,horseman,1,0,0
sa_586085.jpg,speaker,0,0,0
sa_1781471.jpg,boatman,0,0,0
sa_3673622.jpg,electrician,0,0,0
sa_10671946.jpg,guitarist,0,1,0
sa_5878018.jpg,sculptor,0,0,1
sa_1942482.jpg,horseman,1,0,0
sa_938951.jpg,machinist,0,0,0
sa_2587656.jpg,farmer,1,1,0
sa_149377.jpg,lifeguard,0,0,0
sa_6097580.jpg,computer_user,0,0,0
sa_9578442.jpg,lifeguard,0,0,0
sa_3202840.jpg,machinist,0,1,0
sa_8628659.jpg,patient,1,0,1
sa_3271921.jpg,farmer,0,1,0
sa_4598279.jpg,lawman,0,1,0
sa_10305770.jpg,speaker,0,1,1
sa_1520393.jpg,lawman,0,1,0
sa_3906711.jpg,gymnast,1,1,0
sa_7156995.jpg,boatman,0,1,0
sa_3044528.jpg,motorcyclist,0,1,0
sa_271418.jpg,painter,0,1,1
sa_7918583.jpg,judge,0,1,0
sa_4689629.jpg,craftsman,1,1,0
sa_4059546.jpg,backpacker,0,1,0
sa_6286802.jpg,drummer,0,1,0
sa_9731459.jpg,craftsman,0,1,0
sa_10477941.jpg,farmer,1,1,0
sa_2358737.jpg,tennis_player,0,0,0
sa_5424155.jpg,dancer,0,0,0
sa_4495151.jpg,speaker,1,1,0
sa_8407458.jpg,doctor,0,0,0
sa_4924937.jpg,craftsman,0,0,1
sa_9647434.jpg,singer,0,1,0
sa_1414502.jpg,singer,0,1,0
sa_1390645.jpg,hairdresser,0,1,0
sa_5653446.jpg,referee,0,1,0
sa_1333767.jpg,laborer,0,1,0
sa_4811317.jpg,repairman,1,0,0
sa_1322875.jpg,laborer,0,0,0
sa_9127165.jpg,hairdresser,0,1,0
sa_5241466.jpg,tennis_player,0,0,0
sa_11123518.jpg,craftsman,0,1,0
sa_1329880.jpg,boatman,1,0,0
sa_9531936.jpg,computer_user,0,1,0
sa_4475814.jpg,computer_user,0,1,0
sa_6853421.jpg,teacher,1,0,0
sa_786384.jpg,machinist,0,1,0
sa_1198981.jpg,guitarist,0,1,0
sa_6475599.jpg,prayer,1,0,0
sa_3135405.jpg,repairman,0,1,0
sa_9700758.jpg,patient,1,1,1
sa_7355083.jpg,retailer,1,0,0
sa_5165365.jpg,hairdresser,0,0,0
sa_6834182.jpg,referee,0,0,0
sa_8590205.jpg,machinist,0,1,0
sa_6010629.jpg,ballplayer,0,0,0
sa_3549155.jpg,laborer,0,1,0
sa_936034.jpg,climber,1,1,0
sa_5970774.jpg,student,1,1,0
sa_2538300.jpg,craftsman,1,1,0
sa_176201.jpg,basketball_player,0,0,0
sa_10345514.jpg,doctor,0,0,0
sa_9525148.jpg,seller,0,0,0
sa_4829926.jpg,drummer,0,0,0
sa_10756344.jpg,gymnast,1,0,0
sa_1242495.jpg,gymnast,1,0,0
sa_9916033.jpg,speaker,0,0,0
sa_8400686.jpg,disk_jockey,0,0,0
sa_4089622.jpg,tennis_player,1,1,0
sa_8272542.jpg,singer,0,0,0
sa_3647817.jpg,dancer,1,0,0
sa_8001189.jpg,drummer,0,0,0
sa_8329692.jpg,singer,0,2,0
sa_8880379.jpg,flutist,0,0,0
sa_8742684.jpg,craftsman,0,1,0
sa_3955343.jpg,retailer,0,0,0
sa_8026610.jpg,runner,1,1,0
sa_2548175.jpg,craftsman,0,1,1
sa_4343021.jpg,prayer,1,0,0
sa_67117.jpg,tennis_player,1,0,0
sa_8914376.jpg,retailer,1,0,0
sa_2054276.jpg,guard,0,0,0
sa_9945045.jpg,soldier,0,1,0
sa_3092724.jpg,tennis_player,1,1,0
sa_9593124.jpg,farmer,0,1,0
sa_2567560.jpg,singer,0,1,0
sa_1562747.jpg,painter,1,1,0
sa_3121234.jpg,speaker,0,1,0
sa_667603.jpg,craftsman,1,1,0
sa_2528239.jpg,disk_jockey,1,1,0
sa_2133120.jpg,guard,1,2,0
sa_192902.jpg,basketball_player,0,0,0
sa_9928472.jpg,horseman,0,0,0
sa_8756523.jpg,lawman,0,0,0
sa_10364117.jpg,speaker,0,1,0
sa_2871444.jpg,gardener,0,1,1
sa_9668043.jpg,backpacker,0,1,0
sa_10717785.jpg,computer_user,1,0,0
sa_5875670.jpg,soldier,0,1,0
sa_56754.jpg,lawman,0,1,0
sa_6722082.jpg,prayer,1,0,0
sa_10087356.jpg,reporter,0,1,0
sa_444120.jpg,lawman,0,1,0
sa_6964330.jpg,carpenter,0,1,0
sa_262637.jpg,singer,1,0,0
sa_315380.jpg,hairdresser,0,1,0
sa_3643241.jpg,singer,0,1,0
sa_7821450.jpg,guard,0,0,0
sa_6175426.jpg,computer_user,1,0,0
sa_3828002.jpg,skateboarder,0,0,0
sa_5703243.jpg,painter,1,0,0
sa_4107815.jpg,patient,1,0,1
sa_7450678.jpg,craftsman,1,0,0
sa_7763753.jpg,guard,0,1,0
sa_5452137.jpg,farmer,0,2,0
sa_5782407.jpg,gymnast,0,0,0
sa_10521386.jpg,lawman,0,0,0
sa_6939484.jpg,guitarist,1,0,0
sa_5521853.jpg,computer_user,0,1,0
sa_1805767.jpg,seller,1,1,0
sa_7325273.jpg,computer_user,0,0,0
sa_7943631.jpg,horseman,0,1,0
sa_7976841.jpg,speaker,1,1,0
sa_1125095.jpg,prayer,0,0,0
sa_10250224.jpg,backpacker,0,0,0
sa_5813665.jpg,singer,0,0,0
sa_9051772.jpg,craftsman,0,1,1
sa_9612009.jpg,hairdresser,0,0,0
sa_1082287.jpg,skateboarder,0,0,0
sa_11074167.jpg,computer_user,0,0,0
sa_9866433.jpg,singer,0,0,0
sa_238631.jpg,guitarist,0,1,0
sa_7118732.jpg,ballplayer,0,0,0
sa_6998862.jpg,runner,1,1,0
sa_10182545.jpg,computer_user,0,1,0
sa_7484378.jpg,prayer,0,0,1
sa_9362930.jpg,farmer,0,2,0
sa_2405016.jpg,speaker,1,1,0
sa_848342.jpg,speaker,0,0,0
sa_4773117.jpg,electrician,0,1,0
sa_3925611.jpg,speaker,0,1,0
sa_3373178.jpg,singer,0,1,0
sa_8665153.jpg,boatman,0,0,0
sa_8698719.jpg,speaker,0,0,0
sa_3508548.jpg,seller,1,0,0
sa_9074407.jpg,laborer,0,1,1
sa_10700935.jpg,retailer,1,0,0
sa_3009110.jpg,speaker,0,0,1
sa_1675194.jpg,hairdresser,0,1,0
sa_7309996.jpg,lawman,0,0,0
sa_9785757.jpg,tennis_player,0,1,0
sa_465868.jpg,drummer,0,0,0
sa_9306692.jpg,guard,1,1,0
sa_5267640.jpg,laborer,0,0,0
sa_2670190.jpg,runner,0,0,0
sa_6470159.jpg,speaker,0,0,0
sa_8962403.jpg,speaker,0,0,1
sa_2150532.jpg,painter,1,0,0
sa_4778005.jpg,painter,0,2,0
sa_5789765.jpg,lawman,0,0,0
sa_515376.jpg,repairman,0,1,0
sa_1157727.jpg,guard,0,0,1
sa_10340197.jpg,tennis_player,0,1,0
sa_10481777.jpg,skateboarder,0,1,0
sa_8105332.jpg,speaker,0,1,0
sa_530082.jpg,skateboarder,1,1,0
sa_1597929.jpg,repairman,0,0,0
sa_188102.jpg,motorcyclist,1,0,0
sa_9880582.jpg,nurse,1,0,0
sa_299697.jpg,ballplayer,0,0,0
sa_389259.jpg,seller,0,0,0
sa_10746444.jpg,guitarist,0,0,0
sa_6535677.jpg,painter,1,1,1
sa_2046717.jpg,nurse,0,2,0
sa_9280672.jpg,gardener,0,0,0
sa_5809945.jpg,repairman,0,0,0
sa_6174684.jpg,lawman,0,1,0
sa_9615035.jpg,machinist,0,0,0
sa_9913679.jpg,boatman,1,1,0
sa_9396486.jpg,hairdresser,0,0,0
sa_5889453.jpg,ballplayer,0,2,0
sa_10446919.jpg,climber,0,1,0
sa_1889400.jpg,reporter,1,0,0
sa_624211.jpg,lawman,1,0,0
sa_1195096.jpg,skateboarder,0,0,0
sa_4049363.jpg,guard,0,0,0
sa_4709046.jpg,backpacker,0,0,0
sa_2468938.jpg,drummer,1,0,0
sa_9999085.jpg,waiter,1,0,0
sa_9985755.jpg,retailer,0,1,0
sa_5152422.jpg,climber,0,2,0
sa_4828947.jpg,carpenter,0,1,1
sa_6605988.jpg,laborer,1,1,0
sa_3114085.jpg,speaker,0,1,0
sa_4979304.jpg,repairman,0,1,0
sa_4785706.jpg,guitarist,0,1,0
sa_4867740.jpg,farmer,0,1,0
sa_9110120.jpg,soldier,0,0,0
sa_4753426.jpg,reporter,0,0,0
sa_3695515.jpg,singer,0,0,0
sa_903758.jpg,speaker,1,0,0
sa_6147713.jpg,retailer,1,1,0
sa_8068366.jpg,laborer,0,1,0
sa_3759999.jpg,motorcyclist,0,1,0
sa_6349082.jpg,lifeguard,0,1,0
sa_7505584.jpg,singer,1,0,0
sa_2416328.jpg,repairman,0,0,0
sa_9458034.jpg,hairdresser,0,1,0
sa_4087214.jpg,speaker,0,0,0
sa_3820314.jpg,craftsman,1,1,0
sa_8696103.jpg,speaker,0,1,0
sa_1226100.jpg,horseman,0,0,0
sa_3616020.jpg,repairman,0,1,1
sa_10632779.jpg,speaker,0,0,1
sa_4616042.jpg,computer_user,0,1,0
sa_6367119.jpg,dancer,0,0,0
sa_2338761.jpg,teacher,0,0,0
sa_10953860.jpg,farmer,0,1,1
sa_7637228.jpg,speaker,1,1,0
sa_930443.jpg,speaker,0,0,1
sa_4008109.jpg,motorcyclist,0,1,0
sa_10933493.jpg,gymnast,1,1,0
sa_9098558.jpg,tennis_player,0,0,0
sa_8881543.jpg,speaker,0,0,1
sa_5364263.jpg,tennis_player,0,1,0
sa_684891.jpg,doctor,0,1,0
sa_8399100.jpg,seller,0,1,0
sa_7103469.jpg,farmer,0,0,0
sa_11144360.jpg,reporter,0,0,0
sa_4835405.jpg,craftsman,0,0,0
sa_3224221.jpg,seller,0,1,0
sa_2262896.jpg,laborer,0,1,0
sa_9441530.jpg,computer_user,1,0,0
sa_2964152.jpg,soccer_player,0,0,0
sa_5442081.jpg,electrician,0,1,0
sa_10911336.jpg,waiter,0,0,0
sa_47946.jpg,skateboarder,0,0,0
sa_7887972.jpg,gardener,0,1,1
sa_4687826.jpg,repairman,0,0,0
sa_9446091.jpg,craftsman,0,1,0
sa_9487095.jpg,tennis_player,0,0,0
sa_4934756.jpg,computer_user,1,0,0
sa_9120734.jpg,gymnast,0,0,0
sa_1240924.jpg,speaker,0,0,1
sa_10242718.jpg,backpacker,0,1,0
sa_1584801.jpg,farmer,1,2,0
sa_10916219.jpg,motorcyclist,1,1,0
sa_3308283.jpg,lifeguard,0,1,0
sa_4540619.jpg,ballplayer,0,0,0
sa_7185706.jpg,dancer,1,0,1
sa_6555374.jpg,laborer,0,2,0
sa_7492138.jpg,tennis_player,0,1,0
sa_647611.jpg,singer,0,1,0
sa_8112990.jpg,guard,1,1,0
sa_10458690.jpg,horseman,0,1,0
sa_2751388.jpg,repairman,0,0,0
sa_478769.jpg,hairdresser,1,0,0
sa_2741059.jpg,horseman,1,0,0
sa_5056968.jpg,laborer,1,0,0
sa_7421740.jpg,laborer,0,1,0
sa_9492368.jpg,laborer,1,0,0
sa_802505.jpg,craftsman,0,0,1
sa_4473885.jpg,retailer,0,0,0
sa_4105752.jpg,patient,1,0,0
sa_4297111.jpg,repairman,0,1,0
sa_1276254.jpg,craftsman,0,0,0
sa_2987912.jpg,speaker,1,0,0
sa_4499595.jpg,guard,0,0,0
sa_1401373.jpg,lifeguard,0,2,0
sa_3296228.jpg,retailer,1,0,0
sa_1882875.jpg,dancer,1,1,0
sa_58455.jpg,guitarist,0,1,1
sa_5050868.jpg,nurse,0,1,0
sa_4025484.jpg,runner,1,0,0
sa_2690679.jpg,motorcyclist,0,1,0
sa_350056.jpg,skateboarder,0,1,0
sa_2006489.jpg,tennis_player,1,1,0
sa_10734043.jpg,retailer,0,0,0
sa_3011076.jpg,nurse,1,0,0
sa_1225995.jpg,student,1,1,0
sa_8429108.jpg,skateboarder,1,0,0
sa_9340958.jpg,painter,1,1,0
sa_8509454.jpg,tennis_player,0,1,0
sa_5666617.jpg,horseman,0,0,0
sa_2807077.jpg,lifeguard,0,1,0
sa_4791600.jpg,singer,1,0,0
sa_2552183.jpg,farmer,0,1,0
sa_10743982.jpg,speaker,0,2,0
sa_5750269.jpg,gymnast,1,0,0
sa_61499.jpg,gardener,1,0,1
sa_6980143.jpg,student,1,0,0
sa_7650295.jpg,lifeguard,0,1,0
sa_9301222.jpg,tennis_player,0,0,0
sa_10603059.jpg,backpacker,0,0,0
sa_9794673.jpg,tennis_player,1,1,0
sa_3214383.jpg,flutist,0,0,0
sa_3944183.jpg,motorcyclist,0,1,0
sa_5043016.jpg,seller,0,1,0
sa_10304756.jpg,basketball_player,0,1,0
sa_4259098.jpg,basketball_player,0,0,0
sa_5704315.jpg,boatman,0,1,1
sa_7258065.jpg,lawman,0,0,1
sa_11011833.jpg,laborer,0,1,0
sa_9035528.jpg,guard,0,0,0
sa_10673058.jpg,disk_jockey,0,1,0
sa_4643892.jpg,farmer,1,0,0
sa_6052386.jpg,electrician,0,2,0
sa_9784056.jpg,farmer,1,0,0
sa_5051217.jpg,patient,0,1,0
sa_5641476.jpg,backpacker,1,1,0
sa_1380955.jpg,singer,1,0,0
sa_1091088.jpg,lawman,0,0,0
sa_4820835.jpg,laborer,1,0,0
sa_799750.jpg,horseman,1,0,0
sa_9729998.jpg,backpacker,0,0,0
sa_4191454.jpg,seller,1,1,1
sa_1773772.jpg,painter,0,1,0
sa_5207581.jpg,tennis_player,1,0,0
sa_211957.jpg,singer,1,0,0
sa_7742071.jpg,drummer,0,0,0
sa_2769870.jpg,tennis_player,0,1,0
sa_8750154.jpg,speaker,0,1,1
sa_6786661.jpg,drummer,0,1,0
sa_9237278.jpg,speaker,0,0,0
sa_8766098.jpg,flutist,0,1,1
sa_2335339.jpg,dancer,0,0,0
sa_5803189.jpg,backpacker,0,0,0
sa_827724.jpg,sculptor,0,0,0
sa_8260646.jpg,computer_user,0,0,1
sa_8405588.jpg,laborer,0,1,0
sa_7494785.jpg,farmer,0,2,0
sa_11013781.jpg,guitarist,0,1,0
sa_11146901.jpg,hairdresser,0,0,0
sa_10455098.jpg,guitarist,0,1,0
sa_2517270.jpg,climber,0,1,0
sa_3831413.jpg,laborer,0,1,0
sa_4202766.jpg,tennis_player,0,0,0
sa_8217544.jpg,singer,1,1,0
sa_1215483.jpg,disk_jockey,0,0,0
sa_4152624.jpg,hairdresser,0,1,0
sa_717932.jpg,dancer,1,0,0
sa_8133298.jpg,speaker,0,1,0
sa_1324440.jpg,tennis_player,0,0,0
sa_8775297.jpg,electrician,1,0,0
sa_6762221.jpg,speaker,0,0,0
sa_516303.jpg,singer,0,1,0
sa_1194653.jpg,lawman,0,0,0
sa_5106089.jpg,skateboarder,0,1,0
sa_4386629.jpg,nurse,0,1,0
sa_4682469.jpg,referee,0,0,1
sa_7024112.jpg,hairdresser,0,1,1
sa_5231153.jpg,craftsman,0,1,0
sa_3171733.jpg,fireman,0,1,0
sa_6998307.jpg,tennis_player,0,0,0
sa_7296803.jpg,guard,0,1,0
sa_9895213.jpg,boatman,0,0,0
sa_10920633.jpg,repairman,0,1,0
sa_9517724.jpg,farmer,1,1,1
sa_1885584.jpg,backpacker,1,1,0
sa_7396202.jpg,student,0,1,0
sa_10764379.jpg,craftsman,0,0,0
sa_3771439.jpg,soldier,0,1,0
sa_4340664.jpg,dancer,1,1,0
sa_10614235.jpg,tennis_player,0,1,0
sa_8876744.jpg,gymnast,1,1,0
sa_8943991.jpg,skateboarder,0,1,0
sa_9938305.jpg,skateboarder,0,1,0
sa_1320838.jpg,painter,0,1,0
sa_4953164.jpg,craftsman,0,1,1
sa_10063683.jpg,singer,0,1,0
sa_11116591.jpg,seller,1,1,0
sa_6606486.jpg,tennis_player,0,1,0
sa_10706499.jpg,laborer,0,1,0
sa_1397408.jpg,tennis_player,1,1,0
sa_4211207.jpg,craftsman,0,1,0
sa_414674.jpg,laborer,0,1,0
sa_3884064.jpg,trumpeter,0,0,0
sa_6412218.jpg,craftsman,0,1,0
sa_11021887.jpg,computer_user,0,0,0
sa_6453329.jpg,skateboarder,0,0,0
sa_7179249.jpg,skateboarder,0,0,0
sa_9318170.jpg,craftsman,0,1,0
sa_6551447.jpg,speaker,1,0,0
sa_2105027.jpg,laborer,0,0,0
sa_8906517.jpg,seller,1,0,0
sa_70547.jpg,speaker,0,1,0
sa_10735984.jpg,singer,0,0,1
sa_10303131.jpg,tennis_player,1,1,0
sa_529568.jpg,nurse,1,1,0
sa_6923559.jpg,gymnast,0,1,0
sa_329089.jpg,lawman,0,0,0
sa_9488021.jpg,prayer,0,1,0
sa_8566455.jpg,hairdresser,1,0,0
sa_5299563.jpg,motorcyclist,1,1,0
sa_713302.jpg,lawman,0,0,0
sa_9789419.jpg,seller,0,1,0
sa_10298041.jpg,prayer,0,1,0
sa_3316050.jpg,repairman,0,1,0
sa_700965.jpg,seller,0,1,0
sa_7452368.jpg,skateboarder,0,0,0
sa_8716550.jpg,computer_user,1,0,0
sa_10393352.jpg,guitarist,0,1,0
sa_4322140.jpg,computer_user,0,0,0
sa_3343326.jpg,seller,0,0,0
sa_3970076.jpg,seller,0,0,0
sa_9948205.jpg,tennis_player,1,1,0
sa_3426230.jpg,laborer,0,1,0
sa_7574601.jpg,painter,0,1,1
sa_8150385.jpg,guitarist,0,0,0
sa_9233001.jpg,referee,0,0,0
sa_9476888.jpg,guard,0,1,0
sa_7842319.jpg,singer,1,1,0
sa_2756240.jpg,dancer,1,0,0
sa_3614031.jpg,sculptor,1,1,0
sa_7142912.jpg,carpenter,0,1,0
sa_9386833.jpg,reporter,0,0,0
sa_4420395.jpg,tennis_player,0,0,0
sa_7134391.jpg,farmer,1,0,0
sa_4717530.jpg,seller,1,1,1
sa_1482002.jpg,gymnast,0,0,0
sa_1181289.jpg,lawman,0,0,0
sa_488935.jpg,nurse,1,1,0
sa_2996271.jpg,craftsman,0,1,0
sa_6804069.jpg,craftsman,1,0,0
sa_6612892.jpg,tennis_player,1,0,0
sa_1369172.jpg,speaker,0,1,0
sa_3912704.jpg,motorcyclist,1,1,0
sa_2979241.jpg,computer_user,0,0,0
sa_1893815.jpg,hairdresser,0,1,0
sa_1235959.jpg,drummer,0,0,0
sa_10076320.jpg,singer,0,1,0
sa_7137658.jpg,prayer,0,0,0
sa_3771423.jpg,backpacker,1,0,0
sa_7988671.jpg,boatman,0,1,0
sa_4866953.jpg,computer_user,1,1,0
sa_3841228.jpg,tennis_player,0,0,0
sa_8892940.jpg,ballplayer,0,1,0
sa_800792.jpg,tennis_player,0,1,0
sa_7381989.jpg,boatman,0,1,0
sa_2466644.jpg,patient,1,1,0
sa_8176376.jpg,laborer,0,2,0
sa_5044886.jpg,repairman,0,1,0
sa_6954166.jpg,lawman,1,0,0
sa_5364479.jpg,laborer,1,0,0
sa_6099001.jpg,lawman,0,0,0
sa_9315400.jpg,laborer,0,1,0
sa_10440319.jpg,painter,0,0,1
sa_729975.jpg,motorcyclist,0,1,1
sa_8072545.jpg,nurse,1,0,0
sa_3551481.jpg,tennis_player,0,0,0
sa_8158625.jpg,painter,1,1,0
sa_2335042.jpg,guitarist,0,0,0
sa_6877679.jpg,speaker,0,0,0
sa_5608928.jpg,repairman,0,1,1
sa_2629750.jpg,reporter,0,0,0
sa_8502381.jpg,soccer_player,1,0,0
sa_829174.jpg,speaker,0,0,0
sa_983714.jpg,boatman,1,0,0
sa_1385355.jpg,guard,0,0,0
sa_7950302.jpg,boatman,1,0,0
sa_5670641.jpg,dancer,1,0,0
sa_6713861.jpg,backpacker,0,1,0
sa_9852020.jpg,speaker,0,1,1
sa_1237646.jpg,laborer,1,1,0
sa_581543.jpg,seller,0,1,0
sa_6741428.jpg,singer,1,1,0
sa_1313718.jpg,speaker,0,0,1
sa_35398.jpg,boatman,1,0,0
sa_9988088.jpg,repairman,0,1,0
sa_256305.jpg,motorcyclist,0,0,0
sa_5692100.jpg,speaker,0,1,0
sa_2573089.jpg,lawman,0,0,0
sa_9672617.jpg,speaker,0,0,0
sa_10048374.jpg,painter,1,1,0
sa_7166475.jpg,craftsman,1,0,1
sa_5108125.jpg,guitarist,0,1,0
sa_10068983.jpg,flutist,0,0,0
sa_1813167.jpg,singer,0,0,0
sa_2510192.jpg,guard,1,0,0
sa_4860712.jpg,lawman,0,1,0
sa_2126648.jpg,boatman,1,0,0
sa_327594.jpg,computer_user,1,0,0
sa_4072048.jpg,reporter,0,0,1
sa_5668719.jpg,lawman,0,0,0
sa_7273816.jpg,gardener,0,1,0
sa_3620741.jpg,farmer,0,1,0
sa_10217816.jpg,craftsman,0,1,0
sa_7385215.jpg,backpacker,0,1,0
sa_8968269.jpg,backpacker,1,0,0
sa_2101516.jpg,soldier,0,1,0
sa_6026523.jpg,ballplayer,0,2,0
sa_6099971.jpg,tennis_player,0,1,0
sa_7908743.jpg,speaker,0,0,0
sa_2149551.jpg,trumpeter,0,1,1
sa_3423546.jpg,prayer,1,0,0
sa_3835927.jpg,prayer,1,0,0
sa_10416388.jpg,tennis_player,1,0,0
sa_10582559.jpg,farmer,1,1,0
sa_479623.jpg,retailer,0,1,0
sa_7796577.jpg,gymnast,1,1,0
sa_754828.jpg,farmer,1,1,0
sa_1572042.jpg,reporter,0,1,0
sa_8801500.jpg,dancer,0,1,0
sa_6097328.jpg,computer_user,0,0,0
sa_6096214.jpg,runner,0,0,0
sa_5640597.jpg,computer_user,1,0,0
sa_9855941.jpg,lawman,0,0,0
sa_8494377.jpg,laborer,0,0,0
sa_3231147.jpg,singer,1,0,0
sa_4137361.jpg,tennis_player,0,0,0
sa_4499468.jpg,singer,0,1,0
sa_1902121.jpg,teacher,1,0,0
sa_6537118.jpg,student,0,0,0
sa_10908669.jpg,fireman,1,1,0
sa_1914208.jpg,farmer,1,1,0
sa_363638.jpg,backpacker,0,1,0
sa_83475.jpg,patient,1,0,0
sa_8121320.jpg,tennis_player,0,0,0
sa_272050.jpg,computer_user,1,1,0
sa_8937837.jpg,nurse,0,0,0
sa_5276109.jpg,tennis_player,0,0,0
sa_7686586.jpg,soldier,0,0,0
sa_10571801.jpg,computer_user,1,1,0
sa_6465710.jpg,basketball_player,0,2,0
sa_4629036.jpg,fireman,0,1,0
sa_5136346.jpg,craftsman,0,1,0
sa_9969760.jpg,guitarist,0,0,0
sa_8449095.jpg,painter,0,1,0
sa_6283275.jpg,backpacker,0,1,0
sa_8941062.jpg,prayer,0,1,0
sa_10617246.jpg,trumpeter,0,0,0
sa_5804157.jpg,tennis_player,1,0,0
sa_9503594.jpg,lawman,0,0,0
sa_10607947.jpg,climber,0,1,0
sa_6677336.jpg,nurse,1,1,0
sa_8319074.jpg,hairdresser,0,0,0
sa_8259220.jpg,reporter,0,0,0
sa_9343084.jpg,guitarist,0,1,0
sa_1603104.jpg,backpacker,1,2,0
sa_1043221.jpg,machinist,0,1,0
sa_10014777.jpg,guitarist,0,0,1
sa_10737961.jpg,runner,0,0,0
sa_9939287.jpg,farmer,0,1,1
sa_8867206.jpg,boatman,0,1,0
sa_2706106.jpg,guard,0,0,0
sa_3700178.jpg,referee,0,1,0
sa_1237899.jpg,craftsman,1,1,1
sa_609463.jpg,lawman,0,0,0
sa_5184693.jpg,gymnast,0,0,0
sa_5501837.jpg,singer,1,0,0
sa_671770.jpg,tennis_player,1,1,0
sa_11159419.jpg,referee,0,0,0
sa_5253619.jpg,lawman,1,0,0
sa_8083122.jpg,repairman,0,0,0
sa_10814617.jpg,speaker,0,1,0
sa_7005550.jpg,sculptor,0,0,0
sa_8858855.jpg,lifeguard,0,1,0
sa_8899641.jpg,drummer,0,1,0
sa_9712077.jpg,tennis_player,1,1,0
sa_9607825.jpg,laborer,0,0,0
sa_6734617.jpg,computer_user,0,1,0
sa_6121772.jpg,speaker,0,0,0
sa_26819.jpg,disk_jockey,0,0,0
sa_4073989.jpg,fireman,0,0,0
sa_7767620.jpg,skateboarder,0,1,0
sa_3030007.jpg,computer_user,0,0,0
sa_10425463.jpg,soldier,0,0,0
sa_3499527.jpg,waiter,0,0,1
sa_7402139.jpg,backpacker,0,2,0
sa_7445191.jpg,motorcyclist,0,1,0
sa_10499774.jpg,skateboarder,0,0,0
sa_4786449.jpg,speaker,0,0,0
sa_9572178.jpg,lawman,0,0,0
sa_3313926.jpg,farmer,0,0,0
sa_3216653.jpg,guitarist,0,0,0
sa_4947404.jpg,tennis_player,0,0,0
sa_5177399.jpg,guitarist,0,1,0
sa_10812624.jpg,lawman,0,0,0
sa_8131124.jpg,repairman,0,1,0
sa_3618647.jpg,tennis_player,0,0,0
sa_7862277.jpg,skateboarder,0,1,0
sa_2862870.jpg,motorcyclist,0,0,0
sa_4866683.jpg,sculptor,0,2,0
sa_890134.jpg,lawman,1,0,0
sa_3132118.jpg,horseman,1,0,0
sa_6774498.jpg,tennis_player,1,0,0
sa_6478910.jpg,drummer,0,0,1
sa_9263669.jpg,craftsman,0,1,1
sa_2850637.jpg,laborer,0,0,0
sa_7139265.jpg,soldier,1,1,0
sa_8168589.jpg,lawman,0,1,0
sa_10150481.jpg,hairdresser,0,2,0
sa_4919203.jpg,lawman,0,1,0
sa_7995231.jpg,speaker,0,0,1
sa_3600754.jpg,farmer,0,1,0
sa_5054669.jpg,painter,0,0,0
sa_2874424.jpg,reporter,1,0,0
sa_2183753.jpg,prayer,0,1,0
sa_5944553.jpg,backpacker,0,1,0
sa_3270123.jpg,craftsman,0,0,0
sa_5010380.jpg,seller,1,0,0
sa_1937356.jpg,backpacker,0,0,0
sa_10747172.jpg,seller,0,0,0
sa_5430968.jpg,craftsman,0,1,0
sa_2232775.jpg,guitarist,0,0,0
sa_6940862.jpg,singer,0,0,0
sa_9911199.jpg,craftsman,0,1,0
sa_3820910.jpg,gymnast,1,1,0
sa_983578.jpg,fireman,1,1,0
sa_5192374.jpg,lifeguard,0,0,0
sa_3845684.jpg,singer,0,0,0
sa_9277115.jpg,soldier,0,1,1
sa_1178023.jpg,farmer,0,1,0
sa_1732700.jpg,horseman,1,0,0
sa_4523387.jpg,soccer_player,0,0,0
sa_6883387.jpg,computer_user,0,1,0
sa_6261704.jpg,backpacker,0,0,0
sa_4423695.jpg,hairdresser,0,1,0
sa_9308969.jpg,lawman,0,1,0
sa_6038487.jpg,farmer,1,1,0
sa_88522.jpg,soccer_player,0,0,0
sa_2743868.jpg,lawman,0,0,0
sa_3713528.jpg,lawman,0,0,0
sa_4736222.jpg,repairman,0,1,0
sa_7090191.jpg,runner,1,1,0
sa_10083134.jpg,doctor,0,1,1
sa_2894722.jpg,climber,0,0,0
sa_8372698.jpg,singer,1,1,0
sa_7947537.jpg,basketball_player,0,0,0
sa_6264811.jpg,lawman,0,0,0
sa_9312705.jpg,horseman,0,0,0
sa_7577751.jpg,lifeguard,0,0,0
sa_2831755.jpg,ballplayer,0,0,0
sa_6290308.jpg,lawman,0,0,0
sa_2408915.jpg,lawman,0,0,0
sa_7265750.jpg,gymnast,1,0,0
sa_3777060.jpg,disk_jockey,0,1,0
sa_176761.jpg,runner,0,1,0
sa_2545541.jpg,ballplayer,0,2,0
sa_5904920.jpg,painter,0,1,1
sa_7803352.jpg,repairman,0,1,0
sa_2493853.jpg,guard,0,1,0
sa_3564922.jpg,boatman,0,1,0
sa_5111834.jpg,fireman,0,1,0
sa_3960776.jpg,lawman,0,1,0
sa_8010725.jpg,repairman,0,0,0
sa_3740644.jpg,laborer,0,1,0
sa_8583403.jpg,tennis_player,1,1,0
sa_8303399.jpg,farmer,1,1,0
sa_3214007.jpg,soldier,0,0,0
sa_1088481.jpg,prayer,1,0,0
sa_3982399.jpg,motorcyclist,0,1,0
sa_8472529.jpg,referee,0,0,0
sa_5965875.jpg,sculptor,0,1,0
sa_1260946.jpg,disk_jockey,0,0,0
sa_9396824.jpg,tennis_player,1,0,0
sa_6064034.jpg,basketball_player,0,0,0
sa_1193174.jpg,backpacker,0,0,0
sa_2764821.jpg,basketball_player,0,1,0
sa_5139757.jpg,singer,0,1,0
sa_2861693.jpg,nurse,1,1,0
sa_7680751.jpg,trumpeter,0,0,0
sa_6687826.jpg,laborer,0,1,0
sa_3571164.jpg,waiter,0,0,0
sa_10336644.jpg,disk_jockey,0,1,0
sa_6347987.jpg,skateboarder,0,0,0
sa_1469498.jpg,dancer,1,0,0
sa_1777664.jpg,backpacker,1,0,0
sa_889204.jpg,gymnast,0,0,0
sa_8772392.jpg,waiter,0,0,0
sa_730704.jpg,painter,0,1,0
sa_10782481.jpg,painter,0,0,0
sa_3504619.jpg,skateboarder,1,1,0
sa_9080322.jpg,gardener,0,1,1
sa_2208292.jpg,horseman,1,0,0
sa_4859621.jpg,boatman,0,1,0
sa_156230.jpg,craftsman,0,1,0
sa_1620585.jpg,flutist,0,1,0
sa_8140447.jpg,farmer,0,1,1
sa_5822300.jpg,repairman,0,1,0
sa_9947773.jpg,motorcyclist,0,1,0
sa_1642645.jpg,reporter,0,0,0
sa_2918112.jpg,lifeguard,0,1,0
sa_9609510.jpg,doctor,0,0,0
sa_7761730.jpg,speaker,0,0,0
sa_9258651.jpg,tennis_player,1,1,0
sa_8492446.jpg,lawman,1,0,0
sa_2470233.jpg,speaker,1,1,0
sa_2088314.jpg,waiter,0,0,0
sa_3357795.jpg,craftsman,0,1,0
sa_525211.jpg,drummer,0,1,0
sa_311400.jpg,drummer,0,0,0
sa_9090136.jpg,painter,0,0,0
sa_7560174.jpg,guitarist,0,0,0
sa_2882822.jpg,speaker,0,1,0
sa_7404816.jpg,horseman,0,0,0
sa_7784375.jpg,speaker,0,1,0
sa_10323174.jpg,backpacker,1,0,0
sa_4896061.jpg,repairman,0,1,0
sa_252143.jpg,guitarist,0,1,1
sa_5987106.jpg,machinist,0,0,0
sa_9294072.jpg,retailer,1,0,0
sa_5143841.jpg,waiter,0,0,0
sa_973061.jpg,craftsman,0,1,0
sa_1730409.jpg,computer_user,1,1,0
sa_3778154.jpg,motorcyclist,0,1,0
sa_7788120.jpg,seller,0,0,0
sa_10990877.jpg,tennis_player,1,1,0
sa_10275975.jpg,lawman,0,1,0
sa_10109675.jpg,guitarist,0,2,0
sa_3371559.jpg,laborer,0,1,0
sa_5341003.jpg,lawman,0,0,0
sa_2200076.jpg,singer,0,1,0
sa_5606499.jpg,backpacker,0,1,0
sa_1909065.jpg,retailer,0,1,0
sa_9641580.jpg,repairman,0,0,0
sa_9776972.jpg,craftsman,0,0,1
sa_6150214.jpg,retailer,0,0,0
sa_1198686.jpg,speaker,0,1,0
sa_1328924.jpg,computer_user,0,1,0
sa_10367624.jpg,astronaut,0,1,0
sa_9722508.jpg,speaker,0,0,1
sa_10505143.jpg,computer_user,0,0,0
sa_8765655.jpg,lifeguard,1,1,0
sa_7871246.jpg,singer,1,1,0
sa_3902048.jpg,guard,0,0,0
sa_4995010.jpg,fireman,0,1,0
sa_3067051.jpg,sculptor,0,0,1
sa_2370292.jpg,boatman,0,0,0
sa_9496091.jpg,computer_user,0,1,0
sa_230769.jpg,trumpeter,0,1,0
sa_824330.jpg,seller,1,1,0
sa_1909762.jpg,craftsman,0,1,0
sa_6782300.jpg,craftsman,1,1,0
sa_4627324.jpg,hairdresser,0,1,0
sa_2040116.jpg,tennis_player,0,1,0
sa_6897183.jpg,speaker,0,0,0
sa_11086070.jpg,skateboarder,0,0,0
sa_5647848.jpg,speaker,0,1,0
sa_2883988.jpg,speaker,1,0,0
sa_261435.jpg,lawman,0,1,0
sa_10406655.jpg,lawman,0,1,0
sa_2900682.jpg,computer_user,0,0,0
sa_8505987.jpg,soldier,0,0,0
sa_5131767.jpg,singer,0,0,0
sa_10196452.jpg,singer,0,0,0
sa_3776232.jpg,nurse,0,0,0
sa_2199018.jpg,lawman,0,1,0
sa_3941960.jpg,skateboarder,0,0,0
sa_307999.jpg,speaker,1,1,0
sa_7633347.jpg,referee,0,0,0
sa_9182584.jpg,craftsman,0,0,0
sa_6939900.jpg,referee,0,0,0
sa_4357934.jpg,lawman,0,0,0
sa_9799685.jpg,trumpeter,0,1,1
sa_3342316.jpg,lawman,0,0,0
sa_2214587.jpg,seller,0,1,0
sa_10214320.jpg,boatman,0,0,0
sa_646294.jpg,tennis_player,0,1,0
sa_10335563.jpg,gardener,1,0,1
sa_10498470.jpg,soccer_player,0,1,0
sa_5215805.jpg,skateboarder,1,0,0
sa_8034402.jpg,singer,0,0,0
sa_6849124.jpg,lawman,0,2,0
sa_8265186.jpg,speaker,0,1,0
sa_8238586.jpg,reporter,0,0,0
sa_5904987.jpg,gymnast,1,0,0
sa_2502995.jpg,craftsman,0,1,1
sa_9864913.jpg,seller,0,0,0
sa_38896.jpg,singer,0,0,0
sa_3096812.jpg,speaker,1,2,0
sa_5717695.jpg,ballplayer,0,0,0
sa_9345869.jpg,speaker,0,1,0
sa_2824500.jpg,fireman,0,0,0
sa_3613657.jpg,seller,0,1,0
sa_900031.jpg,prayer,0,0,0
sa_7479107.jpg,painter,0,1,1
sa_1491544.jpg,nurse,0,0,0
sa_5130322.jpg,gymnast,1,0,0
sa_6326783.jpg,horseman,1,0,0
sa_513267.jpg,seller,0,1,0
sa_2095290.jpg,cheerleader,0,1,0
sa_4326694.jpg,farmer,1,1,0
sa_2135723.jpg,boatman,1,0,0
sa_8966039.jpg,farmer,0,1,0
sa_759206.jpg,lawman,0,1,0
sa_9029354.jpg,computer_user,1,1,0
sa_1891730.jpg,ballplayer,0,0,0
sa_3594905.jpg,reporter,0,0,1
sa_3252268.jpg,speaker,0,1,1
sa_1135849.jpg,skateboarder,0,0,0
sa_4248970.jpg,boatman,0,1,0
sa_8110946.jpg,speaker,1,1,1
sa_3734753.jpg,guard,0,1,0
sa_2786588.jpg,singer,1,1,0
sa_2167736.jpg,skateboarder,1,1,0
sa_2521081.jpg,seller,1,1,0
sa_6491628.jpg,seller,0,1,0
sa_6170694.jpg,guitarist,0,0,1
sa_4566420.jpg,speaker,1,0,0
sa_9511912.jpg,craftsman,0,0,0
sa_6977045.jpg,guard,0,1,0
sa_1529589.jpg,boatman,1,0,0
sa_9483327.jpg,laborer,0,0,0
sa_3761175.jpg,tennis_player,0,1,0
sa_9069696.jpg,lawman,0,0,0
sa_11017864.jpg,nurse,1,1,0
sa_9383556.jpg,laborer,0,1,0
sa_8716858.jpg,tennis_player,0,0,0
sa_10057302.jpg,guitarist,0,0,0
sa_9473246.jpg,backpacker,0,0,0
sa_6973349.jpg,tennis_player,0,0,0
sa_2321264.jpg,speaker,0,0,0
sa_4228593.jpg,farmer,1,1,0
sa_710222.jpg,speaker,1,0,0
sa_1127212.jpg,sculptor,0,0,0
sa_1747967.jpg,boatman,1,0,0
sa_10791417.jpg,tennis_player,0,0,0
sa_2815848.jpg,speaker,0,1,0
sa_9049828.jpg,farmer,1,0,0
sa_6827182.jpg,craftsman,0,1,0
sa_664082.jpg,laborer,0,0,0
sa_8454540.jpg,sculptor,0,1,0
sa_7575798.jpg,runner,0,1,0
sa_2273804.jpg,singer,0,1,0
sa_5274528.jpg,horseman,0,1,0
sa_3006340.jpg,reporter,1,0,0
sa_7741412.jpg,farmer,1,1,0
sa_6582927.jpg,gymnast,0,1,0
sa_8863666.jpg,guitarist,0,0,0
sa_25683.jpg,motorcyclist,1,1,0
sa_2944940.jpg,repairman,0,1,1
sa_7908835.jpg,guitarist,0,0,0
sa_4657469.jpg,singer,0,1,0
sa_8726628.jpg,tennis_player,0,1,0
sa_2621072.jpg,tennis_player,0,0,0
sa_5087665.jpg,gymnast,1,1,0
sa_904406.jpg,singer,0,0,0
sa_3268044.jpg,nurse,0,0,0
sa_401470.jpg,fireman,1,0,0
sa_5126593.jpg,dancer,1,1,0
sa_3190316.jpg,retailer,1,1,0
sa_2307175.jpg,soccer_player,0,1,0
sa_2626363.jpg,seller,1,1,0
sa_4837120.jpg,singer,0,0,0
sa_2706736.jpg,computer_user,0,1,0
sa_305791.jpg,farmer,1,1,1
sa_6262791.jpg,tennis_player,0,1,0
sa_7395002.jpg,guard,0,1,0
sa_5933257.jpg,dancer,1,0,0
sa_3530581.jpg,nurse,1,1,0
sa_7178301.jpg,tennis_player,0,1,0
sa_2622979.jpg,tennis_player,1,1,0
sa_6326416.jpg,doctor,0,0,0
sa_3023489.jpg,prayer,1,1,1
sa_1756187.jpg,painter,1,1,1
sa_7771511.jpg,boatman,0,1,0
sa_5359825.jpg,computer_user,0,1,0
sa_7603263.jpg,craftsman,0,1,0
sa_6691729.jpg,basketball_player,0,2,0
sa_5437596.jpg,soldier,0,1,0
sa_4028738.jpg,painter,0,0,0
sa_9696275.jpg,speaker,0,0,0
sa_5350543.jpg,dancer,1,1,0
sa_5047768.jpg,laborer,0,1,0
sa_973147.jpg,tennis_player,1,1,0
sa_6585974.jpg,gardener,0,1,0
sa_8426635.jpg,boatman,0,1,0
sa_2028284.jpg,lawman,0,0,0
sa_8775694.jpg,boatman,1,1,0
sa_4850809.jpg,farmer,0,1,0
sa_1907644.jpg,computer_user,1,1,0
sa_4589644.jpg,electrician,0,1,0
sa_429889.jpg,guard,0,0,0
sa_5807114.jpg,farmer,1,1,1
sa_1350632.jpg,boatman,1,1,0
sa_10285337.jpg,backpacker,0,0,0
sa_7104568.jpg,lawman,0,1,0
sa_2950759.jpg,singer,1,1,0
sa_3385288.jpg,craftsman,0,1,0
sa_1398667.jpg,lawman,0,0,0
sa_6937029.jpg,horseman,0,0,0
sa_3295586.jpg,tennis_player,0,1,0
sa_9949793.jpg,sculptor,0,0,0
sa_744938.jpg,laborer,0,1,0
sa_10075673.jpg,boatman,0,2,0
sa_6111496.jpg,craftsman,1,1,0
sa_9460201.jpg,speaker,0,1,1
sa_7363801.jpg,guitarist,0,1,0
sa_1703044.jpg,tennis_player,0,0,0
sa_4683406.jpg,painter,0,1,1
sa_6353237.jpg,climber,1,0,0
sa_1559170.jpg,retailer,1,0,0
sa_4002817.jpg,hairdresser,0,1,1
sa_10093045.jpg,painter,0,1,0
sa_1244948.jpg,seller,0,1,0
sa_6038532.jpg,dancer,0,0,0
sa_10688089.jpg,lawman,0,0,0
sa_658464.jpg,tennis_player,0,1,0
sa_3216283.jpg,ballplayer,0,1,0
sa_6474325.jpg,student,0,1,0
sa_2001184.jpg,soldier,0,0,0
sa_3041485.jpg,drummer,0,0,0
sa_7111523.jpg,soldier,0,1,0
sa_3293807.jpg,lawman,0,0,0
sa_6359648.jpg,painter,0,2,0
sa_7946914.jpg,tennis_player,0,1,0
sa_8758907.jpg,farmer,1,1,0
sa_4767454.jpg,backpacker,0,0,0
sa_3817285.jpg,boatman,0,1,1
sa_9843904.jpg,tennis_player,1,1,0
sa_10012746.jpg,drummer,0,0,0
sa_1016016.jpg,skateboarder,0,1,0
sa_6858468.jpg,laborer,0,0,0
sa_8718080.jpg,skateboarder,1,0,0
sa_7346162.jpg,farmer,0,1,0
sa_1246509.jpg,retailer,0,1,0
sa_2574130.jpg,boatman,1,0,0
sa_6353451.jpg,waiter,1,1,0
sa_7455717.jpg,guard,0,1,0
sa_7523088.jpg,nurse,1,1,0
sa_6044627.jpg,craftsman,0,1,0
sa_3457904.jpg,lawman,0,1,0
sa_3858761.jpg,tennis_player,0,1,0
sa_2406494.jpg,lawman,1,0,0
sa_4118775.jpg,backpacker,0,0,0
sa_5099531.jpg,soldier,0,0,0
sa_6271870.jpg,horseman,0,0,0
sa_772200.jpg,flutist,0,0,0
sa_4329888.jpg,lawman,0,1,0
sa_1299490.jpg,seller,1,1,1
sa_6653321.jpg,waiter,0,1,0
sa_10299738.jpg,skateboarder,0,1,0
sa_415507.jpg,lifeguard,1,1,0
sa_6317947.jpg,farmer,0,1,0
sa_6489171.jpg,computer_user,0,2,0
sa_5961059.jpg,referee,1,1,0
sa_3841783.jpg,machinist,0,1,0
sa_1989647.jpg,painter,0,0,0
sa_4726432.jpg,backpacker,0,1,0
sa_5241259.jpg,disk_jockey,0,0,0
sa_517442.jpg,motorcyclist,0,1,0
sa_2325127.jpg,student,1,1,0
sa_8786313.jpg,lawman,0,1,0
sa_6990535.jpg,carpenter,0,1,0
sa_2319819.jpg,backpacker,1,1,0
sa_7929961.jpg,lawman,0,0,0
sa_7610028.jpg,cheerleader,1,1,0
sa_9342406.jpg,carpenter,0,1,0
sa_9973377.jpg,carpenter,0,1,0
sa_5268525.jpg,guitarist,0,1,0
sa_8527628.jpg,doctor,0,1,1
sa_8394703.jpg,computer_user,0,0,0
sa_4159705.jpg,lawman,0,1,0
sa_8995558.jpg,guard,0,2,0
sa_6458416.jpg,tennis_player,0,0,0
sa_6330822.jpg,craftsman,0,0,0
sa_9411591.jpg,lawman,0,1,0
sa_6665287.jpg,doctor,0,0,0
sa_1777736.jpg,computer_user,1,0,0
sa_6085842.jpg,hairdresser,0,1,0
sa_890866.jpg,farmer,0,2,0
sa_9383504.jpg,climber,1,0,0
sa_4269423.jpg,patient,1,1,1
sa_6739883.jpg,tennis_player,0,1,0
sa_8296479.jpg,speaker,0,1,0
sa_11038803.jpg,machinist,0,0,0
sa_5850028.jpg,tennis_player,0,1,0
sa_842788.jpg,seller,0,0,1
sa_637625.jpg,speaker,0,0,0
sa_9981437.jpg,painter,0,1,0
sa_6652818.jpg,ballplayer,0,0,0
sa_9756043.jpg,waiter,0,1,0
sa_7975637.jpg,farmer,0,1,0
sa_9003854.jpg,laborer,0,0,0
sa_5966913.jpg,tennis_player,1,1,0
sa_8026717.jpg,doctor,1,1,0
sa_10709855.jpg,climber,0,1,0
sa_2085850.jpg,speaker,0,0,0
sa_3254436.jpg,disk_jockey,0,1,0
sa_3678812.jpg,singer,0,0,0
sa_7844084.jpg,soldier,0,0,0
sa_5546068.jpg,lawman,0,0,0
sa_534985.jpg,repairman,0,0,0
sa_5594032.jpg,singer,0,0,0
sa_6455946.jpg,motorcyclist,0,0,0
sa_10746523.jpg,patient,0,0,1
sa_4148983.jpg,boatman,0,1,0
sa_3682468.jpg,repairman,0,0,0
sa_5336956.jpg,guitarist,0,1,1
sa_4253431.jpg,backpacker,1,1,0
sa_2059078.jpg,speaker,0,0,0
sa_8003267.jpg,seller,1,0,0
sa_692355.jpg,electrician,0,0,0
sa_6280488.jpg,lawman,0,1,1
sa_4268886.jpg,reporter,1,1,0
sa_1880512.jpg,skateboarder,0,1,0
sa_9923870.jpg,reporter,0,0,1
sa_2668396.jpg,lawman,0,0,0
sa_8727758.jpg,carpenter,1,1,0
sa_3826850.jpg,speaker,1,0,0
sa_7924105.jpg,speaker,0,0,0
sa_2020486.jpg,lawman,1,0,0
sa_11094584.jpg,lawman,0,1,0
sa_1938898.jpg,laborer,0,0,0
sa_8979198.jpg,teacher,0,0,0
sa_3149197.jpg,dancer,0,0,0
sa_1036268.jpg,motorcyclist,1,0,0
sa_9296641.jpg,referee,0,0,0
sa_3533148.jpg,sculptor,1,1,0
sa_1505960.jpg,boatman,1,1,0
sa_8560454.jpg,nurse,0,1,0
sa_4831398.jpg,electrician,0,1,0
sa_10511723.jpg,seller,0,1,0
sa_7668457.jpg,guard,0,1,0
sa_2643511.jpg,gymnast,1,0,0
sa_8650537.jpg,craftsman,0,0,0
sa_2618454.jpg,speaker,0,1,0
sa_7498680.jpg,hairdresser,0,1,0
sa_10297668.jpg,tennis_player,1,0,0
sa_10964475.jpg,reporter,0,0,0
sa_5044045.jpg,tennis_player,0,1,0
sa_9819832.jpg,skateboarder,0,0,0
sa_6361746.jpg,climber,0,1,0
sa_545594.jpg,guard,0,0,0
sa_7422147.jpg,computer_user,0,0,0
sa_10073028.jpg,backpacker,0,0,0
sa_6451839.jpg,guard,0,1,0
sa_4199223.jpg,backpacker,0,1,0
sa_2126466.jpg,seller,0,1,0
sa_7217208.jpg,backpacker,1,0,0
sa_3075421.jpg,speaker,0,0,0
sa_3885671.jpg,disk_jockey,0,0,0
sa_10974031.jpg,gardener,0,1,0
sa_2997666.jpg,repairman,0,0,0
sa_9957965.jpg,disk_jockey,0,0,0
sa_1863172.jpg,speaker,1,1,1
sa_1958692.jpg,lawman,0,0,0
sa_9057343.jpg,farmer,1,0,1
sa_8619913.jpg,lawman,0,1,0
sa_4285472.jpg,referee,0,1,0
sa_3739570.jpg,doctor,0,1,0
sa_6146563.jpg,singer,0,1,1
sa_1249203.jpg,lifeguard,1,1,0
sa_9220499.jpg,machinist,0,1,0
sa_9625016.jpg,skateboarder,0,0,0
sa_2763886.jpg,retailer,1,1,0
sa_5261603.jpg,laborer,0,0,0
sa_4624549.jpg,boatman,0,0,0
sa_5360649.jpg,singer,0,1,0
sa_5656731.jpg,boatman,0,1,1
sa_6113160.jpg,speaker,0,0,1
sa_5714446.jpg,speaker,0,1,0
sa_3333612.jpg,backpacker,0,1,0
sa_4758685.jpg,speaker,0,1,0
sa_9435674.jpg,singer,1,0,0
sa_10059410.jpg,lawman,0,1,0
sa_1611781.jpg,patient,0,1,0
sa_3795074.jpg,drummer,0,1,0
sa_1201802.jpg,repairman,0,1,0
sa_9276132.jpg,bartender,1,0,0
sa_8874346.jpg,student,0,0,0
sa_10067535.jpg,tennis_player,0,1,0
sa_508902.jpg,laborer,1,0,0
sa_565183.jpg,seller,0,1,0
sa_4918053.jpg,motorcyclist,0,0,0
sa_170309.jpg,teacher,1,1,0
sa_2634488.jpg,singer,0,1,0
sa_10425489.jpg,guitarist,0,2,0
sa_10298451.jpg,lifeguard,0,0,0
sa_10906214.jpg,tennis_player,0,0,0
sa_4449451.jpg,guitarist,0,0,0
sa_9016499.jpg,singer,0,1,0
sa_1085166.jpg,reporter,1,0,0
sa_7559610.jpg,skateboarder,0,0,0
sa_2669767.jpg,motorcyclist,1,1,0
sa_2637270.jpg,craftsman,1,1,0
sa_3296382.jpg,retailer,1,0,0
sa_9400907.jpg,speaker,1,1,0
sa_9718265.jpg,ballplayer,0,0,0
sa_8934723.jpg,sculptor,0,0,1
sa_7564791.jpg,seller,0,1,1
sa_3981653.jpg,farmer,0,1,0
sa_3699031.jpg,fireman,0,0,0
sa_3561754.jpg,lifeguard,0,1,0
sa_3033729.jpg,singer,1,0,0
sa_6160635.jpg,seller,0,1,0
sa_3965749.jpg,speaker,1,1,0
sa_3579260.jpg,doctor,0,1,1
sa_7652776.jpg,flutist,0,0,0
sa_2794383.jpg,reporter,1,2,0
sa_10163227.jpg,farmer,0,1,0
sa_1219462.jpg,runner,0,0,1
sa_8366342.jpg,hairdresser,0,1,0
sa_3080280.jpg,speaker,0,1,0
sa_1569904.jpg,seller,1,1,0
sa_3516243.jpg,tennis_player,0,1,0
sa_3446071.jpg,runner,0,0,0
sa_4020400.jpg,motorcyclist,1,0,0
sa_6962828.jpg,computer_user,0,0,0
sa_4173669.jpg,drummer,0,1,0
sa_8639207.jpg,lawman,0,0,0
sa_9008010.jpg,computer_user,0,1,0
sa_9430552.jpg,runner,0,1,0
sa_8669702.jpg,singer,0,1,0
sa_8421361.jpg,tennis_player,1,0,0
sa_10572596.jpg,lawman,0,1,0
sa_10182699.jpg,craftsman,0,1,0
sa_3103072.jpg,sculptor,0,1,1
sa_8793087.jpg,prayer,0,0,1
sa_5867859.jpg,tennis_player,0,0,0
sa_2033070.jpg,tennis_player,0,0,0
sa_3336258.jpg,dancer,0,0,0
sa_6687577.jpg,dancer,0,1,0
sa_6269519.jpg,referee,0,0,0
sa_7245771.jpg,prayer,1,0,0
sa_10772453.jpg,lifeguard,0,1,0
sa_10354338.jpg,ballplayer,0,2,0
sa_2823692.jpg,speaker,0,1,1
sa_2418044.jpg,craftsman,0,1,0
sa_2767853.jpg,trumpeter,0,1,0
sa_7799997.jpg,prayer,0,1,0
sa_994437.jpg,seller,1,0,0
sa_5886987.jpg,lifeguard,0,1,0
sa_8064798.jpg,climber,0,1,0
sa_4925822.jpg,computer_user,0,1,0
sa_4881052.jpg,prayer,0,1,0
sa_2788525.jpg,electrician,0,1,0
sa_9733715.jpg,skateboarder,0,0,0
sa_2840375.jpg,waiter,0,1,0
sa_9922551.jpg,gardener,1,1,0
sa_7330694.jpg,tennis_player,0,0,0
sa_1430623.jpg,waiter,0,1,0
sa_1432574.jpg,tennis_player,1,1,0
sa_1463641.jpg,singer,0,0,1
sa_10413513.jpg,prayer,0,1,0
sa_1175321.jpg,climber,1,1,0
sa_10833385.jpg,gardener,1,1,1
sa_1282520.jpg,farmer,0,1,0
sa_1174613.jpg,hairdresser,0,1,0
sa_10131269.jpg,lawman,0,1,0
sa_1805964.jpg,speaker,0,1,1
sa_6272128.jpg,guard,0,1,0
sa_736270.jpg,guitarist,0,1,0
sa_8596002.jpg,skateboarder,1,1,0
sa_5855541.jpg,lawman,0,1,0
sa_6909647.jpg,speaker,1,0,0
sa_8983192.jpg,craftsman,0,1,1
sa_5090899.jpg,guitarist,0,0,0
sa_1738299.jpg,waiter,1,0,0
sa_3152285.jpg,prayer,0,0,1
sa_9215947.jpg,backpacker,0,1,0
sa_7616093.jpg,referee,0,0,0
sa_2042194.jpg,lawman,0,0,0
sa_4089184.jpg,doctor,1,0,0
sa_9653176.jpg,student,0,1,0
sa_2216158.jpg,farmer,0,1,0
sa_671096.jpg,guitarist,0,1,0
sa_4016950.jpg,climber,1,1,0
sa_8841826.jpg,tennis_player,1,0,0
sa_10820528.jpg,patient,0,1,1
sa_5386134.jpg,climber,1,1,0
sa_7233246.jpg,guitarist,0,1,0
sa_6650472.jpg,farmer,1,1,1
sa_474389.jpg,lawman,0,0,0
sa_3432896.jpg,flutist,1,1,0
sa_9933337.jpg,retailer,1,1,0
sa_8049311.jpg,retailer,1,1,0
sa_10320937.jpg,speaker,0,1,0
sa_826739.jpg,doctor,1,1,0
sa_7507688.jpg,singer,0,1,0
sa_485360.jpg,basketball_player,0,1,0
sa_10705725.jpg,carpenter,0,1,1
sa_2583552.jpg,trumpeter,0,0,1
sa_9938142.jpg,hairdresser,0,0,0
sa_5099368.jpg,patient,1,2,0
sa_3435254.jpg,carpenter,0,1,0
sa_3604526.jpg,painter,0,1,0
sa_1492796.jpg,basketball_player,0,0,0
sa_689780.jpg,patient,1,1,0
sa_3387565.jpg,drummer,0,1,0
sa_4486457.jpg,painter,0,1,0
sa_6117585.jpg,computer_user,1,0,0
sa_7014978.jpg,seller,1,0,0
sa_8279280.jpg,referee,0,0,0
sa_236085.jpg,soldier,1,0,0
sa_10844344.jpg,lifeguard,1,1,0
sa_10226082.jpg,farmer,0,1,0
sa_689703.jpg,motorcyclist,0,0,0
sa_10190599.jpg,singer,0,1,1
sa_2093202.jpg,boatman,0,0,0
sa_7767806.jpg,fireman,0,0,0
sa_8972851.jpg,tennis_player,0,2,0
sa_262381.jpg,electrician,0,2,0
sa_2926314.jpg,machinist,0,0,0
sa_2194973.jpg,doctor,1,0,1
sa_4882706.jpg,guard,0,1,1
sa_1647654.jpg,ballplayer,0,1,0
sa_111504.jpg,boatman,0,1,0
sa_899284.jpg,guitarist,0,1,0
sa_1186026.jpg,farmer,0,1,0
sa_10332573.jpg,cheerleader,1,0,0
sa_4329757.jpg,repairman,0,0,0
sa_1717185.jpg,boatman,1,1,0
sa_6517626.jpg,backpacker,0,0,0
sa_639088.jpg,computer_user,0,1,0
sa_9430647.jpg,soldier,0,0,0
sa_5603771.jpg,guitarist,0,1,1
sa_9166490.jpg,farmer,0,1,0
sa_210624.jpg,ballplayer,0,0,0
sa_5120183.jpg,craftsman,0,0,0
sa_4024928.jpg,motorcyclist,0,0,0
sa_3623527.jpg,boatman,0,0,0
sa_263508.jpg,gymnast,1,0,0
sa_3574750.jpg,horseman,0,1,0
sa_8759137.jpg,guard,0,2,0
sa_10518271.jpg,ballplayer,0,0,0
sa_5376407.jpg,speaker,1,1,0
sa_9652371.jpg,craftsman,0,1,0
sa_11029045.jpg,soldier,0,1,0
sa_171191.jpg,prayer,0,0,1
sa_6130127.jpg,lawman,0,1,0
sa_6179344.jpg,tennis_player,1,1,0
sa_3356735.jpg,speaker,0,0,0
sa_9613353.jpg,runner,0,0,0
sa_5604703.jpg,sculptor,0,1,1
sa_1282877.jpg,ballplayer,0,0,0
sa_11135578.jpg,speaker,0,1,0
sa_9074499.jpg,lawman,1,1,0
sa_7200072.jpg,boatman,0,1,0
sa_9000530.jpg,disk_jockey,0,0,0
sa_47411.jpg,backpacker,1,1,0
sa_9078537.jpg,tennis_player,1,0,0
sa_6673437.jpg,dancer,1,1,0
sa_4830673.jpg,lawman,0,1,0
sa_8353296.jpg,gardener,0,1,0
sa_660748.jpg,bartender,0,2,0
sa_6663441.jpg,laborer,0,1,0
sa_10843894.jpg,ballplayer,0,0,0
sa_4150563.jpg,laborer,0,0,1
sa_1667224.jpg,gardener,0,1,1
sa_1371335.jpg,runner,0,0,0
sa_9185673.jpg,disk_jockey,0,1,0
sa_6075783.jpg,speaker,0,0,0
sa_7539848.jpg,motorcyclist,0,0,0
sa_2009602.jpg,speaker,1,0,0
sa_624062.jpg,machinist,0,1,0
sa_8808458.jpg,lifeguard,0,0,1
sa_10895242.jpg,skateboarder,0,1,0
sa_2533082.jpg,lawman,0,1,0
sa_8129377.jpg,ballplayer,0,0,0
sa_6620736.jpg,soldier,0,0,0
sa_3127133.jpg,hairdresser,0,0,0
sa_8571092.jpg,skateboarder,0,0,0
sa_7387396.jpg,seller,1,1,0
sa_6021857.jpg,soccer_player,0,1,0
sa_5707581.jpg,teacher,1,1,0
sa_7515899.jpg,craftsman,0,1,1
sa_8002198.jpg,tennis_player,0,1,0
sa_8172567.jpg,horseman,1,0,0
sa_6329331.jpg,repairman,0,0,0
sa_573153.jpg,laborer,1,0,0
sa_2093591.jpg,retailer,0,0,0
sa_772201.jpg,seller,0,2,0
sa_1667334.jpg,farmer,1,1,0
sa_11080933.jpg,horseman,0,0,0
sa_7939769.jpg,singer,0,1,0
sa_3347688.jpg,dancer,1,0,0
sa_10914876.jpg,nurse,1,1,0
sa_3083948.jpg,disk_jockey,0,0,0
sa_3739145.jpg,tennis_player,0,0,0
sa_1007142.jpg,prayer,0,0,1
sa_9717783.jpg,runner,0,0,0
sa_6186225.jpg,painter,0,0,0
sa_10759380.jpg,laborer,0,1,0
sa_9460915.jpg,laborer,0,1,0
sa_7197001.jpg,lawman,0,1,1
sa_6213031.jpg,singer,1,0,0
sa_4329761.jpg,waiter,0,0,0
sa_8276220.jpg,doctor,0,1,0
sa_8813954.jpg,singer,0,0,0
sa_8060073.jpg,laborer,0,0,0
sa_5244380.jpg,gymnast,1,0,0
sa_9799688.jpg,speaker,0,0,0
sa_597575.jpg,ballplayer,1,1,0
sa_2238803.jpg,seller,0,1,0
sa_1958551.jpg,skateboarder,0,1,0
sa_9580997.jpg,craftsman,0,1,0
sa_980869.jpg,seller,0,1,0
sa_9206106.jpg,tennis_player,1,1,0
sa_8405552.jpg,gardener,1,0,0
sa_8204888.jpg,singer,1,0,0
sa_1721845.jpg,painter,0,0,0
sa_3572900.jpg,painter,0,1,0
sa_7761196.jpg,runner,1,0,0
sa_2513315.jpg,farmer,1,1,0
sa_8650510.jpg,guitarist,0,1,0
sa_10806058.jpg,nurse,1,1,0
sa_4940988.jpg,skateboarder,0,0,0
sa_5667991.jpg,student,1,0,0
sa_8420496.jpg,dancer,0,1,0
sa_8744555.jpg,referee,0,0,1
sa_601175.jpg,guitarist,0,0,0
sa_9625712.jpg,repairman,0,0,0
sa_6417705.jpg,farmer,0,0,0
sa_690099.jpg,craftsman,0,1,0
sa_2518121.jpg,repairman,1,1,0
sa_4091201.jpg,singer,1,0,0
sa_8096750.jpg,craftsman,0,1,0
sa_7491367.jpg,tennis_player,0,1,0
sa_8035598.jpg,tennis_player,1,1,0
sa_6840267.jpg,backpacker,1,1,0
sa_3646191.jpg,guitarist,0,0,0
sa_7258688.jpg,laborer,0,1,0
sa_5326971.jpg,repairman,0,1,1
sa_4956696.jpg,tennis_player,0,1,0
sa_6355805.jpg,gardener,0,1,0
sa_10422559.jpg,nurse,1,0,0
sa_4756121.jpg,singer,0,0,0
sa_10986726.jpg,referee,0,0,0
sa_9077738.jpg,disk_jockey,0,0,0
sa_433201.jpg,hairdresser,1,1,0
sa_1276389.jpg,seller,1,1,0
sa_7500046.jpg,tennis_player,0,0,0
sa_7764324.jpg,drummer,0,1,0
sa_2404959.jpg,computer_user,1,1,0
sa_8510857.jpg,speaker,0,2,0
sa_8500070.jpg,craftsman,1,1,0
sa_5542247.jpg,boatman,0,1,1
sa_5328957.jpg,flutist,0,1,0
sa_8416363.jpg,laborer,0,1,0
sa_8508218.jpg,lawman,0,1,0
sa_3446202.jpg,craftsman,0,0,0
sa_7710710.jpg,motorcyclist,1,0,0
sa_9527547.jpg,tennis_player,0,1,0
sa_7373782.jpg,guard,0,1,0
sa_5906242.jpg,guard,0,1,0
sa_1235335.jpg,speaker,0,1,0
sa_2509250.jpg,motorcyclist,0,1,0
sa_1037616.jpg,farmer,0,1,0
sa_10528077.jpg,nurse,1,0,0
sa_10950396.jpg,farmer,0,1,0
sa_7091458.jpg,backpacker,1,1,0
sa_9046169.jpg,lawman,0,0,0
sa_10795637.jpg,carpenter,0,0,1
sa_4586828.jpg,soccer_player,0,0,0
sa_8288816.jpg,speaker,0,0,0
sa_4116084.jpg,motorcyclist,0,0,0
sa_6230141.jpg,repairman,1,1,0
sa_2715780.jpg,computer_user,0,0,0
sa_4203589.jpg,lawman,0,0,0
sa_4272216.jpg,drummer,0,0,0
sa_3214575.jpg,astronaut,0,1,0
sa_10108836.jpg,tennis_player,1,0,0
sa_7918346.jpg,machinist,0,0,0
sa_9406648.jpg,lawman,0,0,0
sa_6796389.jpg,guitarist,0,0,0
sa_3652543.jpg,laborer,0,1,0
sa_3496475.jpg,farmer,0,1,0
sa_892130.jpg,boatman,1,0,0
sa_171764.jpg,backpacker,0,1,0
sa_1241124.jpg,singer,0,1,0
sa_8385729.jpg,boatman,0,0,0
sa_6155969.jpg,laborer,0,2,0
sa_7257478.jpg,reporter,0,0,0
sa_3171197.jpg,horseman,1,0,0
sa_4877147.jpg,ballplayer,1,0,0
sa_4719987.jpg,boatman,0,1,0
sa_8869810.jpg,climber,1,0,0
sa_9139881.jpg,boatman,1,0,0
sa_11070013.jpg,speaker,0,0,0
sa_5973807.jpg,tennis_player,0,1,0
sa_2723268.jpg,nurse,1,1,0
sa_2589321.jpg,painter,0,1,1
sa_9889742.jpg,speaker,0,1,0
sa_6464149.jpg,doctor,1,0,0
sa_1257397.jpg,waiter,0,0,0
sa_6235982.jpg,sculptor,0,0,0
sa_6230343.jpg,singer,0,1,0
sa_7459496.jpg,tennis_player,0,0,0
sa_1432051.jpg,prayer,0,1,1
sa_4797184.jpg,skateboarder,0,0,0
sa_1939016.jpg,lawman,0,1,0
sa_1377187.jpg,backpacker,0,0,0
sa_3422348.jpg,farmer,1,0,0
sa_4244420.jpg,painter,0,1,0
sa_455062.jpg,laborer,1,1,0
sa_5092276.jpg,singer,1,1,0
sa_4893165.jpg,laborer,0,1,0
sa_2507958.jpg,lawman,0,0,0
sa_7785864.jpg,ballplayer,0,0,0
sa_6059758.jpg,speaker,0,0,1
sa_10665143.jpg,basketball_player,0,2,0
sa_2281927.jpg,tennis_player,0,1,0
sa_4076738.jpg,lawman,0,0,0
sa_9542307.jpg,machinist,0,1,0
sa_5300110.jpg,soccer_player,0,1,0
sa_6395423.jpg,painter,0,1,0
sa_10263142.jpg,guitarist,0,0,0
sa_2372177.jpg,patient,1,1,0
sa_11013150.jpg,speaker,0,1,0
sa_1707539.jpg,lawman,0,0,0
sa_2097407.jpg,lawman,0,1,0
sa_1358771.jpg,gymnast,1,0,0
sa_8269547.jpg,farmer,1,0,1
sa_9870614.jpg,tennis_player,0,1,0
sa_10276463.jpg,painter,0,0,1
sa_6018454.jpg,speaker,0,2,0
sa_102921.jpg,laborer,0,2,0
sa_7645248.jpg,repairman,0,0,0
sa_7078680.jpg,ballplayer,0,0,0
sa_2710563.jpg,backpacker,1,1,0
sa_3488589.jpg,speaker,0,1,0
sa_8396142.jpg,speaker,0,1,0
sa_10416984.jpg,speaker,0,1,0
sa_948189.jpg,singer,0,0,1
sa_5601094.jpg,retailer,1,1,0
sa_8583326.jpg,reporter,0,1,0
sa_5992144.jpg,computer_user,1,1,0
sa_1278008.jpg,flutist,0,0,0
sa_2787851.jpg,dancer,1,0,0
sa_2922016.jpg,singer,0,0,0
sa_8408929.jpg,guitarist,0,0,1
sa_6302892.jpg,ballplayer,0,0,0
sa_3671920.jpg,lawman,0,1,0
sa_3808947.jpg,laborer,0,1,1
sa_8381281.jpg,guard,0,0,0
sa_10908289.jpg,hairdresser,1,1,0
sa_6947934.jpg,speaker,0,1,0
sa_8702466.jpg,gymnast,1,1,0
sa_8713972.jpg,craftsman,0,0,0
sa_4230390.jpg,gymnast,1,0,0
sa_645597.jpg,farmer,0,1,0
sa_3294660.jpg,judge,0,0,0
sa_3496750.jpg,student,0,0,0
sa_8389440.jpg,painter,0,0,1
sa_4361327.jpg,prayer,1,0,0
sa_2178059.jpg,speaker,0,1,1
sa_1508445.jpg,motorcyclist,1,1,0
sa_2461122.jpg,guitarist,0,0,0
sa_1009603.jpg,farmer,0,2,0
sa_11175175.jpg,prayer,0,0,1
sa_6315678.jpg,lawman,0,1,0
sa_6168841.jpg,guard,0,1,0
sa_3949822.jpg,dancer,1,1,0
sa_7664651.jpg,speaker,0,0,0
sa_10745474.jpg,motorcyclist,1,1,0
sa_9053348.jpg,skateboarder,0,1,0
sa_10372525.jpg,repairman,0,1,0
sa_10841853.jpg,motorcyclist,0,1,0
sa_155184.jpg,student,0,0,0
sa_53285.jpg,guitarist,0,0,0
sa_1816074.jpg,backpacker,0,0,0
sa_307415.jpg,electrician,0,1,0
sa_1782635.jpg,craftsman,0,1,0
sa_1909023.jpg,basketball_player,0,0,0
sa_1147478.jpg,laborer,0,1,1
sa_7126694.jpg,speaker,1,0,0
sa_2898440.jpg,repairman,0,0,1
sa_4237102.jpg,basketball_player,1,0,0
sa_9872484.jpg,guitarist,0,1,0
sa_95504.jpg,farmer,0,1,0
sa_4194517.jpg,disk_jockey,0,0,0
sa_7411767.jpg,laborer,0,1,0
sa_1689407.jpg,farmer,0,1,0
sa_3345541.jpg,repairman,0,0,0
sa_5546114.jpg,patient,1,0,1
sa_5326989.jpg,singer,1,0,0
sa_7151069.jpg,nurse,1,0,0
sa_8425303.jpg,ballplayer,0,0,0
sa_8992755.jpg,laborer,0,0,0
sa_1536715.jpg,skateboarder,0,1,0
sa_9597128.jpg,tennis_player,0,0,0
sa_8505106.jpg,patient,0,1,0
sa_10337542.jpg,boatman,1,1,0
sa_6083790.jpg,lawman,0,0,0
sa_10055600.jpg,disk_jockey,1,1,0
sa_3626012.jpg,horseman,0,0,0
sa_9376637.jpg,tennis_player,0,1,0
sa_2624015.jpg,painter,0,1,0
sa_10897292.jpg,singer,0,0,0
sa_464135.jpg,dancer,1,1,0
sa_1187742.jpg,teacher,0,0,1
sa_7376202.jpg,waiter,1,0,0
sa_1227300.jpg,student,1,1,0
sa_10737979.jpg,singer,0,1,0
sa_10643022.jpg,computer_user,1,0,0
sa_3380313.jpg,seller,0,0,0
sa_1662804.jpg,gardener,0,1,0
sa_374725.jpg,seller,0,1,1
sa_7903264.jpg,lawman,0,0,0
sa_9527858.jpg,patient,0,1,0
sa_4551064.jpg,climber,0,0,0
sa_7952041.jpg,lawman,0,0,0
sa_2803446.jpg,lawman,0,0,0
sa_4866696.jpg,lifeguard,0,1,0
sa_6632318.jpg,patient,0,1,1
sa_11187549.jpg,seller,0,2,1
sa_1729680.jpg,soldier,0,1,0
sa_3755504.jpg,speaker,0,1,0
sa_8732120.jpg,repairman,0,1,0
sa_614782.jpg,gymnast,1,0,0
sa_8220343.jpg,tennis_player,0,1,0
sa_9364947.jpg,farmer,0,0,1
sa_4435924.jpg,farmer,1,1,0
sa_9882720.jpg,tennis_player,1,0,0
sa_7221262.jpg,lifeguard,0,0,0
sa_5529271.jpg,horseman,0,1,0
sa_581363.jpg,lawman,0,0,0
sa_5121096.jpg,prayer,0,1,1
sa_9956828.jpg,lawman,0,1,0
sa_3161162.jpg,climber,1,0,0
sa_10377021.jpg,singer,0,1,0
sa_4392664.jpg,nurse,1,1,0
sa_3448816.jpg,laborer,0,2,0
sa_8319005.jpg,retailer,0,1,0
sa_8294312.jpg,skateboarder,0,1,0
sa_5035034.jpg,student,0,1,0
sa_5639472.jpg,horseman,1,0,0
sa_1781625.jpg,farmer,0,1,0
sa_6414457.jpg,speaker,1,0,1
sa_9060425.jpg,motorcyclist,0,1,0
sa_5715111.jpg,referee,0,0,0
sa_7364494.jpg,horseman,0,1,0
sa_7916601.jpg,tennis_player,0,0,0
sa_8284148.jpg,lawman,0,0,0
sa_4823449.jpg,backpacker,0,1,0
sa_5954980.jpg,motorcyclist,1,1,0
sa_9684082.jpg,farmer,0,2,0
sa_9729048.jpg,sculptor,0,1,0
sa_225652.jpg,motorcyclist,0,0,0
sa_4919834.jpg,horseman,1,0,0
sa_10565872.jpg,sculptor,0,0,0
sa_3972114.jpg,student,1,0,0
sa_4642340.jpg,retailer,0,0,0
sa_2170421.jpg,backpacker,0,1,0
sa_7682589.jpg,disk_jockey,0,0,0
sa_8064536.jpg,boatman,0,1,0
sa_1830576.jpg,lawman,0,1,0
sa_6488698.jpg,craftsman,0,1,0
sa_9803721.jpg,hairdresser,0,0,0
sa_4561410.jpg,skateboarder,0,0,0
sa_7517287.jpg,speaker,0,1,0
sa_6836563.jpg,guard,0,1,0
sa_9463474.jpg,laborer,0,1,0
sa_4955654.jpg,seller,0,0,0
sa_8532162.jpg,repairman,1,1,0
sa_1079137.jpg,gardener,1,1,0
sa_7278537.jpg,lifeguard,1,1,0
sa_79783.jpg,tennis_player,0,0,0
sa_8562075.jpg,skateboarder,1,1,0
sa_6684257.jpg,laborer,0,1,0
sa_9325861.jpg,ballplayer,0,1,0
sa_4678904.jpg,fireman,1,0,0
sa_9413507.jpg,waiter,0,0,0
sa_647286.jpg,boatman,0,1,0
sa_4408460.jpg,speaker,0,0,0
sa_3903950.jpg,ballplayer,0,0,0
sa_5113911.jpg,reporter,0,0,0
sa_8836764.jpg,laborer,0,0,0
sa_10590119.jpg,guitarist,0,0,0
sa_2844644.jpg,skateboarder,0,1,0
sa_4633394.jpg,motorcyclist,0,0,0
sa_9736566.jpg,motorcyclist,0,0,0
sa_1748713.jpg,boatman,1,1,0
sa_4542791.jpg,tennis_player,0,0,0
sa_7408269.jpg,tennis_player,1,1,0
sa_5840610.jpg,lifeguard,0,1,0
sa_863646.jpg,speaker,0,0,1
sa_881342.jpg,guard,0,1,0
sa_7221639.jpg,soldier,0,1,0
sa_3773583.jpg,farmer,1,2,0
sa_6642530.jpg,craftsman,0,1,0
sa_6576575.jpg,skateboarder,0,1,0
sa_7710644.jpg,soldier,0,0,0
sa_9597696.jpg,speaker,0,0,0
sa_6867722.jpg,prayer,0,1,0
sa_9933439.jpg,gardener,0,0,0
sa_7493288.jpg,speaker,0,0,1
sa_3764775.jpg,tennis_player,0,0,0
sa_1189915.jpg,drummer,0,1,0
sa_2301896.jpg,dancer,0,1,0
sa_141833.jpg,speaker,0,0,1
sa_7862045.jpg,machinist,0,0,0
sa_7060340.jpg,tennis_player,1,2,0
sa_3796222.jpg,farmer,0,1,0
sa_6104965.jpg,retailer,1,0,0
sa_8454939.jpg,speaker,1,0,0
sa_5030756.jpg,tennis_player,0,0,0
sa_4125075.jpg,skateboarder,0,0,0
sa_649682.jpg,bartender,0,1,0
sa_6470517.jpg,laborer,1,1,0
sa_8318008.jpg,gymnast,0,0,0
sa_912887.jpg,lawman,0,1,1
sa_5936767.jpg,lawman,0,0,0
sa_5301034.jpg,guard,1,1,0
sa_8724413.jpg,speaker,0,1,0
sa_733853.jpg,runner,0,0,0
sa_10071874.jpg,singer,0,0,0
sa_7042718.jpg,speaker,0,0,1
sa_3875824.jpg,retailer,1,1,0
sa_10826147.jpg,speaker,0,0,0
sa_9374803.jpg,tennis_player,1,0,0
sa_8462987.jpg,painter,1,1,0
sa_4067525.jpg,repairman,0,1,1
sa_3161003.jpg,carpenter,0,0,0
sa_5457640.jpg,lawman,0,0,0
sa_4855776.jpg,seller,0,1,0
sa_5803112.jpg,farmer,0,1,1
sa_3248959.jpg,lawman,0,1,0
sa_4118359.jpg,electrician,0,0,0
sa_5006970.jpg,singer,1,1,0
sa_8342642.jpg,skateboarder,1,0,0
sa_4128503.jpg,tennis_player,1,0,0
sa_9525302.jpg,guard,0,0,0
sa_2273866.jpg,reporter,0,0,0
sa_6098218.jpg,computer_user,0,0,0
sa_7026253.jpg,tennis_player,0,1,0
sa_1962911.jpg,farmer,0,2,0
sa_6372267.jpg,craftsman,0,0,0
sa_7520922.jpg,soldier,0,1,0
sa_8425609.jpg,craftsman,0,0,0
sa_9063747.jpg,craftsman,0,1,0
sa_6419050.jpg,retailer,0,1,0
sa_9289156.jpg,boatman,1,0,0
sa_2323769.jpg,singer,0,1,0
sa_2727106.jpg,speaker,0,0,1
sa_4294278.jpg,singer,0,0,0
sa_4469123.jpg,repairman,0,0,0
sa_291592.jpg,tennis_player,0,1,0
sa_10757124.jpg,motorcyclist,0,1,0
sa_7316074.jpg,horseman,0,0,0
sa_3257387.jpg,tennis_player,0,0,0
sa_6915016.jpg,laborer,0,1,0
sa_5546260.jpg,guitarist,0,0,0
sa_6213028.jpg,motorcyclist,0,1,0
sa_8409066.jpg,craftsman,0,1,1
sa_8020372.jpg,skateboarder,0,0,0
sa_5048750.jpg,boatman,1,0,0
sa_5922023.jpg,craftsman,0,0,0
sa_3802557.jpg,tennis_player,0,0,0
sa_5256358.jpg,fireman,0,1,0
sa_5070682.jpg,speaker,0,0,0
sa_2711922.jpg,speaker,0,0,0
sa_6199404.jpg,hairdresser,0,1,0
sa_423471.jpg,farmer,1,1,0
sa_752520.jpg,waiter,1,1,0
sa_8775062.jpg,speaker,0,1,0
sa_4684106.jpg,speaker,0,0,1
sa_758683.jpg,prayer,0,0,0
sa_5407149.jpg,doctor,1,0,0
sa_814851.jpg,speaker,0,1,0
sa_7029875.jpg,teacher,0,0,0
sa_10240335.jpg,disk_jockey,0,0,0
sa_3889542.jpg,lawman,0,1,1
sa_2922964.jpg,prayer,0,1,1
sa_9207689.jpg,gymnast,1,1,0
sa_1281876.jpg,lawman,0,0,0
sa_1713637.jpg,tennis_player,0,0,0
sa_3641057.jpg,tennis_player,0,0,0
sa_7911030.jpg,computer_user,0,1,0
sa_10376905.jpg,tennis_player,1,1,0
sa_9309029.jpg,guard,0,2,0
sa_8205139.jpg,lawman,0,0,0
sa_5791344.jpg,drummer,0,2,0
sa_8561704.jpg,gymnast,1,1,0
sa_605415.jpg,prayer,1,1,0
sa_8772797.jpg,lawman,0,0,0
sa_3175375.jpg,computer_user,0,0,0
sa_10570668.jpg,lawman,1,1,0
sa_11084054.jpg,craftsman,0,0,0
sa_6820223.jpg,boatman,1,1,0
sa_9849052.jpg,gardener,1,1,0
sa_8775925.jpg,fireman,0,1,0
sa_85256.jpg,drummer,0,0,0
sa_9790625.jpg,gardener,0,2,0
sa_6069498.jpg,prayer,0,1,1
sa_8586467.jpg,motorcyclist,1,1,0
sa_411891.jpg,farmer,0,1,0
sa_797843.jpg,gardener,0,0,0
sa_10541762.jpg,lawman,0,0,0
sa_387034.jpg,lawman,0,0,0
sa_474410.jpg,tennis_player,0,1,0
sa_3423596.jpg,tennis_player,0,1,0
sa_839106.jpg,computer_user,1,0,0
sa_1136871.jpg,skateboarder,0,1,0
sa_8504116.jpg,skateboarder,1,0,0
sa_31522.jpg,singer,1,1,0
sa_7241812.jpg,laborer,0,1,1
sa_8176377.jpg,seller,0,0,1
sa_6379065.jpg,teacher,0,1,0
sa_7139960.jpg,retailer,1,1,0
sa_5319348.jpg,motorcyclist,0,0,0
sa_5213832.jpg,skateboarder,0,1,0
sa_3961780.jpg,motorcyclist,0,0,0
sa_7076399.jpg,seller,0,1,0
sa_8188158.jpg,judge,0,0,0
sa_10243045.jpg,electrician,0,1,0
sa_6080636.jpg,student,0,0,0
sa_1276128.jpg,soldier,0,1,0
sa_9922851.jpg,farmer,0,0,0
sa_4325054.jpg,gardener,0,0,0
sa_5683058.jpg,repairman,0,0,0
sa_6919013.jpg,fireman,0,1,0
sa_9506235.jpg,speaker,1,0,0
sa_3769342.jpg,computer_user,0,0,0
sa_11047388.jpg,referee,0,0,0
sa_2512324.jpg,lawman,0,0,0
sa_9758823.jpg,repairman,0,1,0
sa_3388532.jpg,tennis_player,0,1,0
sa_4012370.jpg,skateboarder,0,0,0
sa_6720169.jpg,laborer,0,0,0
sa_6960667.jpg,lawman,0,0,0
sa_6148047.jpg,boatman,0,1,0
sa_5108088.jpg,farmer,1,1,0
sa_4753454.jpg,tennis_player,0,1,0
sa_9238419.jpg,guard,0,0,0
sa_5893525.jpg,speaker,0,1,0
sa_1390081.jpg,tennis_player,1,0,0
sa_4408822.jpg,computer_user,1,0,0
sa_1737914.jpg,tennis_player,0,0,0
sa_6573713.jpg,lawman,0,0,0
sa_9549665.jpg,doctor,0,0,0
sa_7468849.jpg,painter,0,2,0
sa_7398266.jpg,reporter,0,1,0
sa_6870158.jpg,farmer,0,1,0
sa_2410443.jpg,skateboarder,0,0,0
sa_6037975.jpg,repairman,1,1,0
sa_2747144.jpg,speaker,0,0,0
sa_6952746.jpg,sculptor,0,1,0
sa_6534351.jpg,painter,0,0,0
sa_8867090.jpg,seller,0,0,1
sa_8590770.jpg,referee,1,0,0
sa_6853058.jpg,backpacker,1,0,0
sa_9549327.jpg,tennis_player,1,0,0
sa_8947469.jpg,dancer,1,0,0
sa_5492431.jpg,computer_user,0,2,0
sa_10678356.jpg,teacher,0,1,0
sa_797194.jpg,motorcyclist,0,1,0
sa_5090220.jpg,tennis_player,0,0,0
sa_4697425.jpg,motorcyclist,0,1,0
sa_10364335.jpg,computer_user,0,0,0
sa_6895001.jpg,sculptor,1,1,1
sa_8166230.jpg,tennis_player,0,1,0
sa_6246198.jpg,runner,0,1,0
sa_4960809.jpg,computer_user,0,0,0
sa_3152325.jpg,tennis_player,0,0,0
sa_3098057.jpg,hairdresser,0,1,0
sa_1756709.jpg,dancer,0,1,0
sa_3510001.jpg,singer,0,0,1
sa_641919.jpg,doctor,1,0,0
sa_6835351.jpg,lawman,0,0,0
sa_7590868.jpg,boatman,1,1,1
sa_8227105.jpg,lawman,0,1,0
sa_8552803.jpg,speaker,0,0,0
sa_4736618.jpg,dancer,1,1,1
sa_10006806.jpg,speaker,1,0,0
sa_1869080.jpg,guitarist,0,0,0
sa_2190068.jpg,dancer,1,1,0
sa_6971409.jpg,lawman,0,1,0
sa_3066610.jpg,gymnast,1,0,0
sa_406746.jpg,skateboarder,0,0,0
sa_9201241.jpg,speaker,0,0,0
sa_7785646.jpg,electrician,0,1,0
sa_3287353.jpg,seller,0,1,0
sa_5045204.jpg,speaker,0,1,1
sa_25380.jpg,nurse,1,0,0
sa_731273.jpg,laborer,0,1,0
sa_6588785.jpg,nurse,1,1,0
sa_2629788.jpg,lawman,0,0,0
sa_7429269.jpg,repairman,0,1,0
sa_10181581.jpg,boatman,0,0,0
sa_803992.jpg,painter,0,1,0
sa_5994244.jpg,laborer,0,0,0
sa_7130118.jpg,laborer,1,1,0
sa_910293.jpg,craftsman,0,1,1
sa_9035934.jpg,horseman,0,0,0
sa_5031926.jpg,computer_user,1,1,0
sa_3412261.jpg,tennis_player,0,0,0
sa_3110080.jpg,repairman,0,1,0
sa_6732328.jpg,craftsman,0,1,1
sa_7823353.jpg,drummer,0,2,0
sa_7524085.jpg,speaker,0,1,0
sa_6442103.jpg,backpacker,0,0,0
sa_5135598.jpg,laborer,1,1,1
sa_9003921.jpg,motorcyclist,0,1,0
sa_2271710.jpg,speaker,0,0,1
sa_7107710.jpg,guitarist,0,0,0
sa_1328044.jpg,dancer,1,0,0
sa_6418572.jpg,skateboarder,0,1,0
sa_10109523.jpg,tennis_player,0,0,0
sa_3277860.jpg,soldier,0,0,0
sa_6241234.jpg,seller,1,0,0
sa_845041.jpg,skateboarder,0,0,0
sa_9823215.jpg,tennis_player,1,0,0
sa_9506366.jpg,tennis_player,0,0,0
sa_10391674.jpg,repairman,0,1,0
sa_1008035.jpg,reporter,0,1,0
sa_10033265.jpg,painter,1,0,0
sa_9414277.jpg,computer_user,0,1,0
sa_10650200.jpg,runner,0,1,0
sa_2202234.jpg,speaker,0,0,0
sa_5731487.jpg,climber,0,0,0
sa_4901968.jpg,guard,0,0,1
sa_438352.jpg,singer,0,0,0
sa_7008857.jpg,lawman,0,0,1
sa_10015030.jpg,basketball_player,0,0,0
sa_9715487.jpg,seller,0,0,0
sa_3782508.jpg,speaker,0,1,0
sa_8641252.jpg,laborer,0,1,0
sa_10007212.jpg,lawman,0,1,0
sa_10960056.jpg,reporter,0,0,0
sa_1548023.jpg,lawman,1,1,0
sa_6546455.jpg,prayer,0,1,0
sa_9765418.jpg,laborer,0,0,1
sa_4788315.jpg,soldier,0,0,0
sa_5727332.jpg,motorcyclist,1,1,0
sa_925246.jpg,teacher,0,0,0
sa_8972310.jpg,lawman,0,0,0
sa_7971190.jpg,painter,0,1,0
sa_6280313.jpg,climber,1,0,0
sa_446776.jpg,hairdresser,0,1,0
sa_7865557.jpg,speaker,0,0,0
sa_5964904.jpg,farmer,1,0,0
sa_7654100.jpg,laborer,0,0,0
sa_10164228.jpg,skateboarder,0,0,0
sa_9838921.jpg,backpacker,0,0,0
sa_4066575.jpg,guard,0,0,0
sa_7653623.jpg,basketball_player,0,0,0
sa_3678148.jpg,skateboarder,0,0,0
sa_6876737.jpg,reporter,0,1,0
sa_3238427.jpg,boatman,1,0,0
sa_8344548.jpg,seller,1,1,0
sa_4735135.jpg,boatman,1,0,0
sa_6288154.jpg,electrician,0,0,0
sa_1684306.jpg,guitarist,0,0,0
sa_3584155.jpg,horseman,1,0,0
sa_10845392.jpg,seller,0,0,0
sa_4575438.jpg,tennis_player,0,0,0
sa_4912915.jpg,waiter,0,0,0
sa_3582851.jpg,disk_jockey,0,0,0
sa_4086912.jpg,painter,0,2,0
sa_22652.jpg,seller,0,1,1
sa_3574855.jpg,guitarist,0,0,0
sa_5937154.jpg,machinist,0,1,0
sa_5196855.jpg,drummer,0,0,0
sa_275626.jpg,tennis_player,0,0,0
sa_5186625.jpg,guitarist,0,0,1
sa_10268040.jpg,lawman,0,0,0
sa_9375139.jpg,skateboarder,0,0,0
sa_2942190.jpg,horseman,1,0,0
sa_4445927.jpg,guitarist,1,0,0
sa_5987427.jpg,dancer,1,1,0
sa_6588156.jpg,farmer,1,0,1
sa_161551.jpg,lawman,0,0,0
sa_9305266.jpg,backpacker,0,0,0
sa_4979838.jpg,singer,1,1,0
sa_7107729.jpg,skateboarder,0,0,0
sa_9451265.jpg,laborer,1,1,0
sa_7109996.jpg,lawman,0,0,0
sa_8051611.jpg,gymnast,1,1,0
sa_5307340.jpg,tennis_player,0,1,0
sa_7076772.jpg,laborer,1,1,0
sa_10749854.jpg,singer,0,0,0
sa_7435304.jpg,backpacker,0,1,0
sa_2377505.jpg,lawman,0,1,0
sa_7266316.jpg,tennis_player,0,0,0
sa_4196727.jpg,machinist,0,0,0
sa_4624566.jpg,disk_jockey,0,0,0
sa_9150135.jpg,guard,0,0,0
sa_1480917.jpg,tennis_player,0,0,0
sa_2014617.jpg,seller,0,2,1
sa_8860381.jpg,prayer,0,1,0
sa_6724255.jpg,tennis_player,0,2,0
sa_4552104.jpg,dancer,0,0,0
sa_9977368.jpg,doctor,0,1,0
sa_8985360.jpg,tennis_player,1,1,0
sa_6341140.jpg,tennis_player,0,1,0
sa_670066.jpg,soccer_player,0,0,0
sa_8313751.jpg,singer,1,0,0
sa_3008989.jpg,climber,1,0,0
sa_2706915.jpg,tennis_player,0,2,0
sa_11015064.jpg,reporter,0,2,0
sa_10571295.jpg,guitarist,0,0,0
sa_5678381.jpg,speaker,0,0,1
sa_4201250.jpg,guitarist,0,0,0
sa_3960436.jpg,tennis_player,0,0,0
sa_7645524.jpg,painter,1,0,0
sa_5612591.jpg,tennis_player,0,0,0
sa_8767076.jpg,tennis_player,0,0,0
sa_6597422.jpg,guard,0,0,0
sa_4668800.jpg,computer_user,0,0,0
sa_5133160.jpg,backpacker,0,1,0
sa_3740930.jpg,hairdresser,0,1,0
sa_9220253.jpg,repairman,0,0,0
sa_10792108.jpg,soldier,0,1,0
sa_3429929.jpg,lawman,1,0,0
sa_5484129.jpg,speaker,0,1,0
sa_4995310.jpg,sculptor,0,0,0
sa_5866879.jpg,guitarist,0,0,0
sa_6707836.jpg,speaker,0,1,0
sa_3150892.jpg,farmer,0,1,0
sa_8993464.jpg,tennis_player,0,0,0
sa_6124287.jpg,painter,1,0,0
sa_1964429.jpg,fireman,0,0,0
sa_8941198.jpg,dancer,0,0,0
sa_7201358.jpg,retailer,1,0,0
sa_8071565.jpg,repairman,0,1,1
sa_3513876.jpg,reporter,0,0,0
sa_10320198.jpg,computer_user,1,0,0
sa_7948889.jpg,lawman,0,0,0
sa_10228384.jpg,motorcyclist,0,0,0
sa_9525465.jpg,motorcyclist,0,1,0
sa_9581474.jpg,lawman,0,0,0
sa_2494072.jpg,motorcyclist,0,0,0
sa_2896235.jpg,basketball_player,0,1,0
sa_3589034.jpg,singer,0,1,0
sa_385812.jpg,seller,1,0,0
sa_11041025.jpg,lawman,0,1,0
sa_10533917.jpg,ballplayer,0,1,0
sa_508412.jpg,reporter,0,0,0
sa_11039006.jpg,patient,0,1,0
sa_4597003.jpg,gardener,0,1,0
sa_10208886.jpg,lawman,0,0,0
sa_8683042.jpg,prayer,1,1,0
sa_7464389.jpg,doctor,0,1,0
sa_10068498.jpg,lifeguard,0,0,0
sa_6826480.jpg,motorcyclist,0,1,0
sa_10374533.jpg,craftsman,1,0,0
sa_10357880.jpg,seller,1,1,0
sa_8771690.jpg,painter,1,1,0
sa_3842886.jpg,computer_user,0,0,0
sa_4299091.jpg,farmer,0,1,0
sa_10418756.jpg,judge,1,0,0
sa_10792266.jpg,lawman,1,0,0
sa_3342975.jpg,motorcyclist,1,0,0
sa_6159026.jpg,guitarist,0,1,0
sa_7720018.jpg,skateboarder,0,0,0
sa_9910777.jpg,guitarist,0,0,1
sa_2869033.jpg,flutist,0,0,0
sa_7392268.jpg,farmer,0,1,0
sa_831179.jpg,nurse,1,1,0
sa_208313.jpg,skateboarder,0,0,0
sa_3216394.jpg,speaker,0,0,0
sa_1022299.jpg,climber,0,1,0
sa_5765006.jpg,hairdresser,0,0,0
sa_9429969.jpg,tennis_player,0,0,0
sa_7451453.jpg,tennis_player,0,0,0
sa_8013990.jpg,tennis_player,0,1,0
sa_2400062.jpg,prayer,0,1,1
sa_8809655.jpg,prayer,0,0,0
sa_3674687.jpg,speaker,0,1,0
sa_4939393.jpg,craftsman,0,1,0
sa_8880209.jpg,seller,0,0,0
sa_2863451.jpg,boatman,0,1,0
sa_50595.jpg,carpenter,0,0,1
sa_4071998.jpg,lawman,0,1,0
sa_4295390.jpg,seller,0,1,0
sa_9287056.jpg,motorcyclist,1,1,0
sa_3076440.jpg,motorcyclist,0,0,0
sa_1879225.jpg,speaker,0,0,0
sa_6052992.jpg,tennis_player,0,0,0
sa_8105557.jpg,lifeguard,0,0,0
sa_263872.jpg,guitarist,0,1,0
sa_2849949.jpg,guard,1,1,0
sa_9955550.jpg,painter,1,1,0
sa_9144359.jpg,prayer,1,0,0
sa_8366276.jpg,repairman,0,1,0
sa_8165983.jpg,tennis_player,1,0,0
sa_5038255.jpg,lawman,0,1,0
sa_3322690.jpg,referee,0,1,0
sa_1465550.jpg,boatman,0,1,0
sa_4113099.jpg,hairdresser,1,1,0
sa_5872224.jpg,lawman,1,0,0
sa_5059089.jpg,seller,0,1,0
sa_3276906.jpg,speaker,1,0,0
sa_875581.jpg,lifeguard,0,1,0
sa_2817692.jpg,painter,0,1,0
sa_3703641.jpg,boatman,1,1,0
sa_3122219.jpg,boatman,1,1,0
sa_1516452.jpg,boatman,1,0,0
sa_4591847.jpg,doctor,0,0,0
sa_7474900.jpg,speaker,0,1,1
sa_5534175.jpg,boatman,1,0,0
sa_2448724.jpg,farmer,0,1,0
sa_4524372.jpg,farmer,1,1,0
sa_10496692.jpg,computer_user,0,0,0
sa_1096979.jpg,lawman,0,1,1
sa_6245803.jpg,speaker,0,0,0
sa_6683208.jpg,motorcyclist,0,1,0
sa_224582.jpg,guitarist,1,0,0
sa_8536161.jpg,singer,1,2,0
sa_9148720.jpg,dancer,1,0,0
sa_3563757.jpg,tennis_player,0,1,0
sa_113531.jpg,gardener,1,0,0
sa_1051194.jpg,speaker,0,1,1
sa_2864579.jpg,tennis_player,1,1,0
sa_206289.jpg,boatman,1,1,0
sa_6232816.jpg,laborer,0,1,0
sa_5571077.jpg,dancer,0,1,0
sa_807810.jpg,singer,1,0,0
sa_2093209.jpg,gardener,0,1,0
sa_7354422.jpg,tennis_player,0,0,0
sa_9141335.jpg,climber,0,1,0
sa_2065267.jpg,backpacker,1,0,0
sa_2602553.jpg,motorcyclist,0,1,0
sa_2981086.jpg,singer,1,0,0
sa_5260154.jpg,gymnast,1,0,0
sa_6596821.jpg,basketball_player,0,1,0
sa_5691228.jpg,backpacker,0,1,0
sa_1885680.jpg,laborer,0,2,0
sa_1502235.jpg,tennis_player,1,2,0
sa_10297469.jpg,tennis_player,0,0,0
sa_3544461.jpg,singer,0,2,0
sa_3400258.jpg,guitarist,0,1,0
sa_9960539.jpg,backpacker,0,0,0
sa_2632514.jpg,electrician,0,1,0
sa_1522796.jpg,repairman,1,0,0
sa_11112715.jpg,waiter,0,0,0
sa_4946032.jpg,doctor,0,1,0
sa_3425375.jpg,lawman,1,1,0
sa_9969857.jpg,repairman,0,0,0
sa_4796023.jpg,horseman,1,0,0
sa_707545.jpg,reporter,0,0,0
sa_8095192.jpg,waiter,1,0,0
sa_4901735.jpg,soccer_player,0,1,0
sa_10607578.jpg,ballplayer,0,0,0
sa_6380782.jpg,patient,1,0,0
sa_3503895.jpg,laborer,0,1,0
sa_531728.jpg,backpacker,0,1,0
sa_7722358.jpg,nurse,1,0,1
sa_7311328.jpg,lawman,0,1,0
sa_8009611.jpg,guitarist,0,0,0
sa_2041818.jpg,prayer,0,0,0
sa_5060322.jpg,hairdresser,0,1,0
sa_11116207.jpg,painter,1,0,0
sa_10801205.jpg,lawman,0,1,0
sa_3407443.jpg,hairdresser,1,1,0
sa_2398668.jpg,soccer_player,0,0,0
sa_8436195.jpg,patient,0,1,0
sa_10768904.jpg,guitarist,0,1,0
sa_10890103.jpg,tennis_player,1,1,0
sa_1405584.jpg,boatman,1,1,0
sa_1942208.jpg,gymnast,1,0,0
sa_4567172.jpg,gardener,1,2,1
sa_11040212.jpg,lawman,0,0,0
sa_5058686.jpg,tennis_player,0,1,0
sa_9384193.jpg,tennis_player,0,1,0
sa_877285.jpg,singer,0,0,0
sa_10550146.jpg,backpacker,0,1,0
sa_7577071.jpg,motorcyclist,0,0,0
sa_8053276.jpg,farmer,0,1,0
sa_8499485.jpg,computer_user,0,1,0
sa_439898.jpg,skateboarder,1,0,0
sa_9230639.jpg,gymnast,1,0,0
sa_1425207.jpg,laborer,0,0,0
sa_2736981.jpg,singer,0,0,0
sa_10916.jpg,dancer,1,0,0
sa_10423270.jpg,nurse,0,0,1
sa_796040.jpg,backpacker,0,0,0
sa_6316599.jpg,tennis_player,0,0,0
sa_7978030.jpg,student,1,1,0
sa_12353.jpg,climber,0,1,0
sa_10004983.jpg,tennis_player,1,1,0
sa_4577076.jpg,gymnast,1,0,0
sa_11043562.jpg,motorcyclist,0,1,0
sa_5312135.jpg,speaker,1,0,0
sa_5644934.jpg,soldier,0,0,0
sa_27873.jpg,student,0,0,0
sa_2307564.jpg,guitarist,0,1,0
sa_4939098.jpg,drummer,0,0,0
sa_7186758.jpg,farmer,1,1,0
sa_6613502.jpg,lawman,0,0,0
sa_6675848.jpg,skateboarder,0,1,0
sa_6050611.jpg,carpenter,0,1,1
sa_4215991.jpg,guard,0,2,0
sa_1054830.jpg,speaker,0,0,0
sa_109148.jpg,guard,0,1,0
sa_1234878.jpg,dancer,1,0,0
sa_5070769.jpg,backpacker,1,0,0
sa_5600583.jpg,ballplayer,0,0,0
sa_2214215.jpg,painter,1,1,0
sa_10893919.jpg,guard,0,1,0
sa_7441541.jpg,disk_jockey,0,1,0
sa_4328857.jpg,waiter,0,0,0
sa_354339.jpg,prayer,0,1,0
sa_8434204.jpg,speaker,0,0,0
sa_8417312.jpg,speaker,0,0,0
sa_9587785.jpg,waiter,0,0,0
sa_8484678.jpg,waiter,0,0,0
sa_2731103.jpg,speaker,1,0,0
sa_5534419.jpg,speaker,0,0,0
sa_2474516.jpg,drummer,0,0,0
sa_7033027.jpg,retailer,1,1,0
sa_1876752.jpg,skateboarder,0,0,0
sa_3869772.jpg,ballplayer,0,0,0
sa_103478.jpg,boatman,0,1,0
sa_5486846.jpg,climber,0,1,0
sa_617592.jpg,farmer,0,1,0
sa_4930920.jpg,motorcyclist,1,0,0
sa_6809261.jpg,disk_jockey,0,0,0
sa_2843807.jpg,prayer,0,1,0
sa_5291983.jpg,laborer,1,1,0
sa_8709738.jpg,nurse,1,1,0
sa_8855456.jpg,hairdresser,0,1,0
sa_267409.jpg,lawman,0,0,0
sa_5344246.jpg,guitarist,0,0,0
sa_1030028.jpg,motorcyclist,0,1,0
sa_6582433.jpg,doctor,1,1,1
sa_1300971.jpg,horseman,1,0,0
sa_6495804.jpg,craftsman,0,1,0
sa_6216237.jpg,trumpeter,0,1,1
sa_5427865.jpg,soldier,1,0,0
sa_372948.jpg,painter,0,0,0
sa_5419211.jpg,tennis_player,0,0,0
sa_5569874.jpg,tennis_player,0,1,0
sa_6718093.jpg,speaker,0,1,0
sa_6167154.jpg,speaker,1,1,0
sa_732083.jpg,computer_user,0,0,0
sa_5147300.jpg,lifeguard,0,1,0
sa_9018822.jpg,gymnast,0,0,0
sa_9791374.jpg,tennis_player,1,1,0
sa_975899.jpg,skateboarder,0,0,0
sa_2162147.jpg,drummer,0,1,0
sa_3346407.jpg,tennis_player,1,0,0
sa_3771404.jpg,retailer,0,1,0
sa_10102744.jpg,speaker,1,0,0
sa_1130155.jpg,computer_user,1,1,0
sa_8914596.jpg,teacher,1,1,0
sa_10448336.jpg,painter,0,1,0
sa_2341251.jpg,gardener,1,1,0
sa_4294038.jpg,runner,0,1,0
sa_7626531.jpg,drummer,1,0,0
sa_9916605.jpg,repairman,1,1,0
sa_8570595.jpg,waiter,0,0,0
sa_5201733.jpg,painter,1,0,0
sa_7827730.jpg,lawman,0,1,0
sa_7281815.jpg,computer_user,0,0,0
sa_8987560.jpg,tennis_player,0,0,0
sa_1463085.jpg,lifeguard,0,0,1
sa_5445154.jpg,machinist,0,1,0
sa_4149259.jpg,drummer,0,1,0
sa_8556507.jpg,tennis_player,0,0,0
sa_5512247.jpg,speaker,1,1,0
sa_3091931.jpg,farmer,0,1,1
sa_3979846.jpg,craftsman,0,0,0
sa_9138612.jpg,nurse,1,1,0
sa_10663426.jpg,painter,0,1,0
sa_3693499.jpg,laborer,0,1,1
sa_3712585.jpg,painter,0,0,0
sa_9780644.jpg,prayer,1,2,0
sa_3396045.jpg,tennis_player,1,0,0
sa_9718257.jpg,painter,0,1,0
sa_4335546.jpg,gymnast,0,0,0
sa_979196.jpg,singer,0,0,0
sa_8909951.jpg,speaker,0,0,0
sa_609818.jpg,tennis_player,0,1,0
sa_4355356.jpg,lifeguard,1,0,0
sa_7537848.jpg,tennis_player,0,0,1
sa_8079229.jpg,skateboarder,0,2,0
sa_2781801.jpg,speaker,0,0,0
sa_7462188.jpg,patient,0,1,0
sa_10152999.jpg,farmer,0,1,1
sa_1243673.jpg,laborer,0,0,0
sa_7519721.jpg,doctor,1,0,0
sa_3066561.jpg,carpenter,0,0,0
sa_2748049.jpg,craftsman,0,1,0
sa_5307918.jpg,retailer,0,1,0
sa_1051044.jpg,speaker,1,0,0
sa_8314909.jpg,singer,0,0,0
sa_1448403.jpg,lawman,0,0,0
sa_11096176.jpg,basketball_player,0,0,0
sa_10912124.jpg,soldier,0,1,0
sa_3943846.jpg,motorcyclist,0,0,0
sa_6557494.jpg,farmer,1,1,1
sa_3826712.jpg,tennis_player,0,0,0
sa_310732.jpg,seller,1,1,0
sa_7487291.jpg,computer_user,0,0,0
sa_6814504.jpg,drummer,1,1,0
sa_4979268.jpg,prayer,0,1,0
sa_10570688.jpg,speaker,0,0,0
sa_3175044.jpg,ballplayer,0,1,0
sa_4637673.jpg,tennis_player,0,1,0
sa_7131675.jpg,patient,0,2,1
sa_9479480.jpg,tennis_player,1,1,0
sa_8536030.jpg,guitarist,0,0,0
sa_1848.jpg,guard,0,1,0
sa_2012583.jpg,farmer,0,1,1
sa_2852934.jpg,craftsman,0,1,0
sa_3847830.jpg,ballplayer,0,0,0
sa_5504920.jpg,gymnast,0,0,0
sa_10236539.jpg,waiter,0,0,0
sa_8683790.jpg,laborer,0,0,0
sa_4181719.jpg,reporter,0,0,0
sa_4223694.jpg,gymnast,1,0,0
sa_165670.jpg,craftsman,0,0,0
sa_1765567.jpg,patient,0,0,1
sa_4064762.jpg,reporter,1,0,0
sa_3933163.jpg,gymnast,1,0,0
sa_8751819.jpg,gymnast,1,0,0
sa_6469084.jpg,seller,0,1,0
sa_5419014.jpg,skateboarder,0,0,0
sa_5305429.jpg,horseman,0,0,0
sa_2200213.jpg,trumpeter,0,1,0
sa_9627517.jpg,computer_user,1,1,0
sa_8496920.jpg,trumpeter,0,1,0
sa_4160646.jpg,lawman,0,0,0
sa_7658910.jpg,fireman,0,0,0
sa_8864941.jpg,backpacker,0,1,0
sa_1904773.jpg,soldier,1,0,0
sa_699446.jpg,repairman,0,1,0
sa_8781215.jpg,climber,0,0,0
sa_9599766.jpg,hairdresser,0,1,0
sa_8729292.jpg,guitarist,0,0,0
sa_10583604.jpg,tennis_player,1,1,0
sa_9657164.jpg,flutist,1,1,0
sa_3544259.jpg,craftsman,0,1,0
sa_6405551.jpg,student,0,1,0
sa_3147759.jpg,speaker,0,0,0
sa_3941842.jpg,laborer,1,2,1
sa_6678122.jpg,motorcyclist,0,1,1
sa_6190689.jpg,tennis_player,0,1,0
sa_8830462.jpg,farmer,1,0,0
sa_7030316.jpg,soccer_player,0,1,0
sa_6978096.jpg,farmer,1,1,0
sa_3310382.jpg,referee,0,1,0
sa_9534306.jpg,soldier,0,0,0
sa_2713842.jpg,backpacker,0,1,0
sa_6683766.jpg,boatman,0,1,0
sa_10295763.jpg,nurse,1,0,0
sa_10263590.jpg,laborer,1,1,0
sa_4636248.jpg,nurse,1,0,0
sa_4844984.jpg,hairdresser,1,1,0
sa_751304.jpg,skateboarder,0,0,0
sa_8453742.jpg,painter,0,1,0
sa_8119465.jpg,tennis_player,0,1,0
sa_4697932.jpg,dancer,1,1,0
sa_8536153.jpg,repairman,0,1,0
sa_5029554.jpg,craftsman,0,1,0
sa_8141919.jpg,singer,0,0,0
sa_10221527.jpg,waiter,0,0,0
sa_1968585.jpg,painter,0,0,1
sa_5248417.jpg,lawman,1,1,0
sa_9993955.jpg,soldier,0,0,0
sa_9309900.jpg,referee,0,0,0
sa_7218594.jpg,tennis_player,1,0,0
sa_9022823.jpg,backpacker,0,1,0
sa_4621143.jpg,sculptor,0,0,0
sa_7624615.jpg,farmer,0,1,1
sa_4216980.jpg,gymnast,0,2,0
sa_8547202.jpg,singer,0,1,0
sa_2769654.jpg,skateboarder,0,0,0
sa_6994217.jpg,boatman,1,1,0
sa_1678588.jpg,tennis_player,1,1,0
sa_6859918.jpg,tennis_player,0,1,0
sa_9573947.jpg,backpacker,1,0,0
sa_6743158.jpg,motorcyclist,0,0,0
sa_10457029.jpg,motorcyclist,0,0,0
sa_10489806.jpg,flutist,0,1,1
sa_8162960.jpg,trumpeter,0,0,0
sa_3110605.jpg,speaker,0,1,0
sa_10920736.jpg,ballplayer,0,0,0
sa_9493071.jpg,machinist,0,0,0
sa_7106501.jpg,computer_user,0,0,1
sa_1669496.jpg,backpacker,0,0,1
sa_3100908.jpg,repairman,0,1,0
sa_288116.jpg,seller,1,1,0
sa_657624.jpg,lawman,0,0,0
sa_10714825.jpg,climber,1,1,0
sa_1350655.jpg,waiter,0,0,0
sa_10376015.jpg,tennis_player,0,1,0
sa_7587097.jpg,carpenter,0,1,1
sa_10696434.jpg,runner,0,0,0
sa_9509580.jpg,boatman,0,0,0
sa_6195722.jpg,motorcyclist,0,0,0
sa_4898737.jpg,lawman,0,0,0
sa_5753724.jpg,teacher,1,1,0
sa_5572506.jpg,singer,0,0,0
sa_9354348.jpg,boatman,1,1,0
sa_3089417.jpg,waiter,0,0,0
sa_6427006.jpg,backpacker,0,0,0
sa_8651769.jpg,farmer,0,1,0
sa_7060478.jpg,lifeguard,0,1,0
sa_2044997.jpg,skateboarder,0,0,0
sa_9944962.jpg,laborer,1,0,0
sa_6258281.jpg,guitarist,0,1,1
sa_7128672.jpg,sculptor,0,1,0
sa_9169049.jpg,boatman,1,0,0
sa_6378995.jpg,seller,0,1,0
sa_10715023.jpg,tennis_player,0,2,0
sa_4110462.jpg,sculptor,0,0,0
sa_4418374.jpg,retailer,0,1,0
sa_9122635.jpg,skateboarder,0,1,0
sa_7925399.jpg,craftsman,0,1,0
sa_1008958.jpg,drummer,0,1,0
sa_10010165.jpg,singer,0,0,0
sa_8068571.jpg,repairman,0,0,0
sa_7674914.jpg,gardener,1,1,0
sa_5023951.jpg,tennis_player,0,0,0
sa_8090493.jpg,prayer,1,0,0
sa_3845210.jpg,guitarist,0,1,0
sa_6692743.jpg,laborer,1,1,0
sa_4868079.jpg,farmer,0,1,0
sa_9450262.jpg,farmer,0,1,0
sa_3605845.jpg,speaker,0,0,0
sa_8672489.jpg,motorcyclist,0,1,0
sa_9853591.jpg,speaker,0,1,0
sa_7818314.jpg,sculptor,0,0,0
sa_6309927.jpg,sculptor,0,1,0
sa_1339914.jpg,boatman,1,1,0
sa_2843945.jpg,tennis_player,0,1,0
sa_4073545.jpg,carpenter,0,1,0
sa_4624841.jpg,electrician,0,1,0
sa_10805493.jpg,tennis_player,1,1,0
sa_580878.jpg,lawman,0,0,0
sa_716608.jpg,tennis_player,0,0,0
sa_5038080.jpg,laborer,1,1,0
sa_184329.jpg,seller,0,1,0
sa_3503899.jpg,waiter,1,1,0
sa_2999557.jpg,painter,0,1,0
sa_10772470.jpg,speaker,0,0,0
sa_6904943.jpg,boatman,0,1,0
sa_6765236.jpg,doctor,1,0,0
sa_7141050.jpg,boatman,1,1,0
sa_1472949.jpg,patient,0,1,1
sa_7248763.jpg,flutist,0,0,0
sa_8310344.jpg,doctor,1,1,1
sa_1217862.jpg,guitarist,0,1,0
sa_7800805.jpg,disk_jockey,0,2,0
sa_2499677.jpg,student,1,0,0
sa_8525216.jpg,tennis_player,1,0,0
sa_8396138.jpg,repairman,0,1,0
sa_2191538.jpg,computer_user,1,0,0
sa_1962172.jpg,basketball_player,0,0,0
sa_412569.jpg,motorcyclist,0,0,0
sa_10721835.jpg,speaker,0,0,0
sa_116167.jpg,painter,0,0,0
sa_4335139.jpg,tennis_player,0,1,0
sa_10531214.jpg,hairdresser,0,2,0
sa_10873279.jpg,dancer,0,0,0
sa_2876397.jpg,farmer,1,2,0
sa_1495500.jpg,speaker,0,0,0
sa_2351952.jpg,trumpeter,0,1,0
sa_5966744.jpg,singer,0,0,0
sa_2816023.jpg,painter,1,0,0
sa_9840363.jpg,waiter,0,0,0
sa_9452567.jpg,skateboarder,0,1,0
sa_4237263.jpg,craftsman,1,0,0
sa_8274397.jpg,repairman,1,1,0
sa_10620230.jpg,trumpeter,0,0,0
sa_928964.jpg,painter,1,1,0
sa_9820881.jpg,disk_jockey,0,1,0
sa_3138502.jpg,basketball_player,0,2,0
sa_1520292.jpg,boatman,1,0,0
sa_10534744.jpg,doctor,0,0,1
sa_875327.jpg,carpenter,0,1,0
sa_8052011.jpg,painter,1,1,0
sa_10022874.jpg,farmer,0,0,0
sa_10602863.jpg,guitarist,0,0,1
sa_9027150.jpg,lawman,0,0,0
sa_3641054.jpg,repairman,0,0,0
sa_7897980.jpg,tennis_player,0,0,0
sa_7164258.jpg,speaker,0,0,0
sa_9037128.jpg,fireman,0,1,0
sa_4984009.jpg,speaker,0,1,1
sa_4873594.jpg,guitarist,0,0,0
sa_5159692.jpg,painter,0,1,0
sa_6215368.jpg,hairdresser,0,1,1
sa_3656197.jpg,machinist,0,1,0
sa_6772289.jpg,repairman,0,1,0
sa_10421235.jpg,horseman,0,0,0
sa_10606891.jpg,seller,0,1,0
sa_5271017.jpg,retailer,0,0,0
sa_8728579.jpg,laborer,0,0,0
sa_1323652.jpg,lawman,0,0,0
sa_1214987.jpg,reporter,1,0,0
sa_4406274.jpg,repairman,0,0,0
sa_4617365.jpg,farmer,1,1,0
sa_3937024.jpg,craftsman,0,2,0
sa_9436408.jpg,lawman,0,1,0
sa_9098926.jpg,guitarist,0,1,0
sa_3915582.jpg,skateboarder,0,1,0
sa_11036063.jpg,singer,1,0,0
sa_9922073.jpg,singer,0,0,0
sa_77543.jpg,tennis_player,0,1,0
sa_10926911.jpg,lawman,0,1,0
sa_5140063.jpg,guitarist,0,0,1
sa_3834600.jpg,climber,0,2,0
sa_8524609.jpg,doctor,0,1,0
sa_6245037.jpg,trumpeter,0,0,1
sa_5930828.jpg,speaker,0,1,0
sa_4273667.jpg,laborer,0,1,0
sa_8891739.jpg,farmer,0,1,0
sa_7664562.jpg,tennis_player,0,1,0
sa_11115458.jpg,laborer,1,1,0
sa_10486795.jpg,doctor,1,1,0
sa_936888.jpg,laborer,0,1,0
sa_3835234.jpg,tennis_player,0,0,0
sa_5278391.jpg,soldier,0,2,0
sa_8338284.jpg,farmer,0,1,0
sa_9959507.jpg,backpacker,1,1,0
sa_11034223.jpg,singer,0,0,0
sa_8683375.jpg,soccer_player,0,0,0
sa_1489979.jpg,doctor,1,1,0
sa_8739807.jpg,tennis_player,0,0,0
sa_4961871.jpg,repairman,1,2,0
sa_672443.jpg,farmer,1,0,1
sa_2272291.jpg,hairdresser,0,1,0
sa_9045599.jpg,guard,0,0,0
sa_10832871.jpg,reporter,1,0,0
sa_9971459.jpg,retailer,1,1,0
sa_10006209.jpg,tennis_player,0,1,0
sa_167750.jpg,farmer,0,1,0
sa_6514268.jpg,tennis_player,1,2,0
sa_6655475.jpg,singer,1,0,0
sa_3956060.jpg,computer_user,0,1,0
sa_4917705.jpg,lawman,0,1,1
sa_8734057.jpg,laborer,0,0,0
sa_725624.jpg,tennis_player,0,2,0
sa_7023601.jpg,backpacker,0,0,0
sa_4253621.jpg,flutist,0,1,1
sa_11004967.jpg,tennis_player,0,0,0
sa_11044788.jpg,prayer,0,1,0
sa_2137078.jpg,machinist,0,0,0
sa_9332090.jpg,prayer,0,1,0
sa_8943937.jpg,prayer,0,1,0
sa_2966945.jpg,singer,1,1,0
sa_6741938.jpg,lawman,0,0,0
sa_2584641.jpg,machinist,0,0,0
sa_206853.jpg,speaker,0,0,0
sa_10807548.jpg,ballplayer,0,0,0
sa_6068744.jpg,backpacker,1,0,0
sa_8017683.jpg,drummer,1,0,0
sa_6561767.jpg,tennis_player,0,0,0
sa_8936011.jpg,guard,0,0,0
sa_9431808.jpg,seller,1,1,0
sa_10490584.jpg,craftsman,1,1,1
sa_10118297.jpg,speaker,0,1,0
sa_9569243.jpg,boatman,0,1,0
sa_7024037.jpg,lawman,0,0,0
sa_6342435.jpg,painter,0,1,0
sa_4740222.jpg,tennis_player,0,1,0
sa_5799114.jpg,teacher,1,1,0
sa_3068836.jpg,dancer,0,1,0
sa_4866890.jpg,skateboarder,0,0,0
sa_8265801.jpg,guard,0,0,0
sa_314248.jpg,reporter,0,1,0
sa_1733255.jpg,speaker,0,0,0
sa_8055397.jpg,student,1,1,0
sa_1216483.jpg,doctor,0,0,0
sa_9490418.jpg,disk_jockey,1,1,0
sa_205667.jpg,laborer,0,0,1
sa_5409270.jpg,singer,0,1,0
sa_8874311.jpg,farmer,0,1,1
sa_417014.jpg,guard,0,0,0
sa_1173908.jpg,horseman,0,0,0
sa_5037130.jpg,patient,0,0,0
sa_5923766.jpg,computer_user,1,0,0
sa_5676078.jpg,patient,0,0,0
sa_926092.jpg,speaker,0,0,0
sa_360833.jpg,gardener,0,0,0
sa_4593328.jpg,referee,0,0,0
sa_186694.jpg,tennis_player,0,1,0
sa_10204499.jpg,soldier,0,1,0
sa_4922429.jpg,farmer,1,1,0
sa_8835777.jpg,lifeguard,0,1,0
sa_7517966.jpg,guitarist,0,0,0
sa_3134659.jpg,gymnast,0,0,0
sa_825211.jpg,seller,0,1,0
sa_1337476.jpg,lifeguard,0,0,0
sa_6249000.jpg,speaker,0,1,0
sa_3225381.jpg,ballplayer,0,0,0
sa_10481248.jpg,drummer,0,1,0
sa_9638975.jpg,basketball_player,0,2,0
sa_8036003.jpg,speaker,1,0,0
sa_7653715.jpg,guard,0,1,0
sa_8284164.jpg,soccer_player,0,1,0
sa_179530.jpg,basketball_player,0,0,0
sa_5324080.jpg,backpacker,0,0,0
sa_4758325.jpg,speaker,0,1,0
sa_8611001.jpg,gymnast,1,1,0
sa_7649606.jpg,farmer,0,2,0
sa_7197461.jpg,basketball_player,0,0,0
sa_3314214.jpg,singer,1,0,0
sa_8615584.jpg,singer,1,1,0
sa_2691838.jpg,speaker,0,0,0
sa_5647324.jpg,laborer,1,0,0
sa_1225481.jpg,painter,0,0,0
sa_3622340.jpg,lawman,0,1,0
sa_4394884.jpg,flutist,0,2,0
sa_5053918.jpg,machinist,1,0,0
sa_8999830.jpg,doctor,0,1,0
sa_7754547.jpg,repairman,0,0,0
sa_8696432.jpg,singer,1,0,0
sa_4284334.jpg,lawman,0,0,0
sa_10585628.jpg,farmer,0,1,0
sa_4303083.jpg,skateboarder,0,1,0
sa_8125645.jpg,skateboarder,0,0,0
sa_2404093.jpg,lifeguard,0,1,0
sa_6947367.jpg,farmer,0,1,1
sa_6420978.jpg,guard,0,0,0
sa_4938313.jpg,guitarist,1,1,0
sa_6628011.jpg,electrician,0,0,0
sa_1540489.jpg,fireman,0,0,0
sa_1095272.jpg,horseman,1,0,0
sa_8765513.jpg,patient,0,1,0
sa_1431320.jpg,guitarist,0,1,0
sa_2117982.jpg,basketball_player,0,1,0
sa_4113854.jpg,machinist,0,0,0
sa_797339.jpg,speaker,1,1,0
sa_3426670.jpg,trumpeter,0,0,1
sa_9413131.jpg,boatman,0,0,0
sa_4646054.jpg,gardener,1,1,0
sa_6358171.jpg,speaker,0,1,0
sa_79655.jpg,dancer,0,0,0
sa_9491533.jpg,laborer,0,1,0
sa_298962.jpg,hairdresser,0,1,0
sa_9419462.jpg,ballplayer,0,1,0
sa_4805431.jpg,retailer,1,1,0
sa_11108883.jpg,trumpeter,0,0,0
sa_6101600.jpg,repairman,0,1,0
sa_9237763.jpg,lifeguard,0,1,0
sa_1476230.jpg,climber,1,1,0
sa_1311401.jpg,lifeguard,0,1,0
sa_6712604.jpg,basketball_player,0,0,0
sa_5727122.jpg,craftsman,1,1,1
sa_3398909.jpg,backpacker,0,1,0
sa_6086308.jpg,laborer,0,1,0
sa_4708100.jpg,soldier,0,0,0
sa_4847143.jpg,lawman,0,1,0
sa_7142513.jpg,drummer,0,1,0
sa_1375200.jpg,seller,0,1,0
sa_8073534.jpg,prayer,0,0,0
sa_7147609.jpg,guard,0,0,0
sa_9303063.jpg,repairman,0,1,0
sa_204903.jpg,prayer,0,1,0
sa_6397253.jpg,singer,1,0,0
sa_7549281.jpg,singer,0,0,0
sa_3096025.jpg,lawman,0,0,0
sa_2955834.jpg,singer,1,1,0
sa_2984356.jpg,soldier,0,1,0
sa_4555783.jpg,craftsman,0,0,0
sa_5583845.jpg,retailer,0,1,1
sa_3376896.jpg,guard,0,0,0
sa_6902143.jpg,guitarist,0,1,0
sa_3738778.jpg,drummer,0,0,0
sa_10931986.jpg,speaker,0,1,0
sa_1684725.jpg,cheerleader,0,0,0
sa_6611376.jpg,lawman,0,1,0
sa_3254871.jpg,sculptor,0,1,0
sa_1429736.jpg,singer,0,0,0
sa_10757550.jpg,ballplayer,0,1,0
sa_231653.jpg,repairman,0,1,1
sa_5342347.jpg,speaker,0,0,1
sa_175148.jpg,drummer,1,0,0
sa_2486118.jpg,retailer,0,1,0
sa_10704125.jpg,laborer,0,1,0
sa_3124022.jpg,backpacker,0,0,0
sa_5299693.jpg,guitarist,0,0,0
sa_4196832.jpg,lifeguard,0,1,0
sa_889901.jpg,runner,0,0,0
sa_10454206.jpg,craftsman,0,1,1
sa_9461431.jpg,doctor,0,0,0
sa_5150692.jpg,backpacker,0,1,0
sa_6029311.jpg,lifeguard,0,1,0
sa_11170967.jpg,repairman,0,1,0
sa_5539368.jpg,craftsman,0,0,0
sa_3934514.jpg,boatman,0,1,0
sa_6600088.jpg,speaker,0,1,0
sa_8318865.jpg,lifeguard,0,0,0
sa_5135897.jpg,speaker,0,1,0
sa_2216271.jpg,lifeguard,0,0,0
sa_6446829.jpg,painter,0,0,0
sa_5136558.jpg,seller,0,1,0
sa_617687.jpg,farmer,0,1,0
sa_101908.jpg,boatman,0,2,0
sa_1692939.jpg,gardener,0,0,1
sa_5004999.jpg,lawman,0,0,0
sa_5263115.jpg,speaker,0,0,0
sa_8315422.jpg,horseman,0,1,0
sa_8119387.jpg,tennis_player,1,0,0
sa_3816936.jpg,backpacker,1,0,0
sa_8145058.jpg,seller,1,0,0
sa_10574365.jpg,craftsman,1,1,1
sa_216859.jpg,laborer,0,1,1
sa_10164024.jpg,craftsman,0,0,1
sa_5571224.jpg,basketball_player,0,1,0
sa_7006424.jpg,computer_user,1,1,0
sa_4960626.jpg,disk_jockey,1,0,0
sa_2561265.jpg,lawman,0,0,0
sa_2752467.jpg,speaker,0,1,0
sa_8064197.jpg,hairdresser,0,1,0
sa_10942000.jpg,soldier,0,0,0
sa_6440696.jpg,doctor,1,1,0
sa_8825514.jpg,patient,0,0,0
sa_4068993.jpg,ballplayer,0,0,0
sa_4080274.jpg,farmer,0,1,0
sa_2431617.jpg,nurse,1,0,0
sa_3843100.jpg,computer_user,0,0,0
sa_333334.jpg,lawman,0,0,0
sa_5617213.jpg,fireman,0,0,0
sa_3059341.jpg,ballplayer,0,1,0
sa_8559659.jpg,horseman,1,0,0
sa_4675838.jpg,painter,0,1,0
sa_6354296.jpg,gymnast,1,0,0
sa_4937435.jpg,singer,0,1,0
sa_5597161.jpg,singer,1,0,0
sa_4243773.jpg,craftsman,0,0,0
sa_6282053.jpg,ballplayer,1,0,0
sa_2595448.jpg,skateboarder,0,1,0
sa_1020952.jpg,gymnast,1,2,0
sa_3353779.jpg,seller,0,1,0
sa_10080257.jpg,skateboarder,0,1,0
sa_407417.jpg,speaker,1,0,0
sa_7891864.jpg,laborer,1,1,0
sa_115849.jpg,computer_user,1,0,0
sa_6618381.jpg,ballplayer,0,0,0
sa_8883553.jpg,lawman,0,1,0
sa_536276.jpg,computer_user,0,1,0
sa_8691625.jpg,climber,1,1,0
sa_9253796.jpg,craftsman,0,0,1
sa_10705018.jpg,horseman,0,0,0
sa_8116186.jpg,farmer,0,0,0
sa_4061219.jpg,guitarist,0,0,0
sa_2618251.jpg,speaker,0,1,0
sa_1690805.jpg,soccer_player,0,0,0
sa_1849586.jpg,lifeguard,0,1,0
sa_8569794.jpg,prayer,0,1,0
sa_10466875.jpg,reporter,0,2,0
sa_548003.jpg,soldier,0,1,0
sa_2296329.jpg,flutist,1,0,0
sa_9165827.jpg,seller,0,1,0
sa_6613852.jpg,lawman,0,1,0
sa_7420465.jpg,backpacker,0,0,0
sa_8328955.jpg,lawman,0,0,0
sa_3768413.jpg,singer,1,0,0
sa_9049089.jpg,singer,1,1,0
sa_8307877.jpg,backpacker,0,0,0
sa_42437.jpg,referee,0,1,0
sa_6693869.jpg,guard,0,2,0
sa_10348551.jpg,tennis_player,0,1,0
sa_2691669.jpg,singer,0,1,0
sa_5136756.jpg,tennis_player,0,1,0
sa_3191518.jpg,sculptor,0,0,0
sa_10873163.jpg,reporter,0,0,0
sa_8046386.jpg,singer,1,0,0
sa_4761508.jpg,lawman,0,1,0
sa_6392091.jpg,painter,0,0,0
sa_6138980.jpg,repairman,0,1,0
sa_1244495.jpg,tennis_player,1,0,0
sa_2877976.jpg,doctor,1,0,0
sa_1029451.jpg,speaker,0,0,0
sa_9673161.jpg,repairman,0,1,0
sa_6322744.jpg,soccer_player,0,0,0
sa_6466796.jpg,painter,1,0,0
sa_1739485.jpg,basketball_player,0,1,0
sa_10525164.jpg,tennis_player,0,0,0
sa_8192412.jpg,backpacker,0,1,0
sa_3497369.jpg,lawman,0,0,0
sa_1908321.jpg,laborer,0,0,0
sa_9915937.jpg,lifeguard,0,1,0
sa_6490697.jpg,guard,0,0,0
sa_2688233.jpg,climber,0,1,0
sa_8738419.jpg,lawman,1,0,0
sa_7142031.jpg,tennis_player,1,1,0
sa_7453138.jpg,disk_jockey,0,1,0
sa_7542615.jpg,patient,1,0,0
sa_9495773.jpg,repairman,0,1,0
sa_888358.jpg,carpenter,0,1,0
sa_2277553.jpg,skateboarder,0,0,0
sa_10713183.jpg,guitarist,0,0,0
sa_8906054.jpg,machinist,0,1,0
sa_6300770.jpg,speaker,1,0,0
sa_2299990.jpg,ballplayer,0,0,0
sa_9053170.jpg,speaker,0,1,0
sa_9823290.jpg,dancer,1,0,0
sa_2318196.jpg,disk_jockey,0,0,0
sa_6300003.jpg,boatman,0,1,0
sa_8395368.jpg,drummer,0,1,0
sa_395192.jpg,singer,0,0,1
sa_10174136.jpg,laborer,0,0,0
sa_9558326.jpg,backpacker,1,0,0
sa_10055917.jpg,tennis_player,1,0,0
sa_10153368.jpg,craftsman,0,1,0
sa_6549570.jpg,ballplayer,0,0,0
sa_108383.jpg,speaker,0,0,0
sa_5377441.jpg,farmer,1,0,0
sa_247916.jpg,horseman,0,0,0
sa_1234918.jpg,horseman,1,0,0
sa_5253614.jpg,painter,0,2,0
sa_5976448.jpg,boatman,0,0,0
sa_9435894.jpg,painter,1,0,0
sa_6265998.jpg,lifeguard,1,1,0
sa_5197900.jpg,seller,0,1,1
sa_7844409.jpg,speaker,1,1,1
sa_6020906.jpg,speaker,1,0,0
sa_2033259.jpg,retailer,1,0,0
sa_9888398.jpg,skateboarder,0,1,0
sa_5872209.jpg,speaker,0,1,0
sa_3816530.jpg,reporter,1,0,0
sa_2107730.jpg,farmer,0,1,0
sa_7201195.jpg,nurse,1,1,0
sa_8986292.jpg,drummer,0,1,0
sa_6525117.jpg,farmer,1,1,0
sa_3113156.jpg,speaker,0,0,1
sa_577648.jpg,singer,0,0,0
sa_10107360.jpg,horseman,0,0,0
sa_6615329.jpg,backpacker,0,1,0
sa_9876188.jpg,horseman,0,0,0
sa_5210327.jpg,gymnast,0,0,0
sa_4883481.jpg,soldier,0,1,0
sa_188082.jpg,seller,1,1,1
sa_3361455.jpg,computer_user,0,1,0
sa_5191317.jpg,runner,0,1,0
sa_354736.jpg,student,0,1,0
sa_6737529.jpg,speaker,0,0,0
sa_2689042.jpg,boatman,0,0,0
sa_23424.jpg,farmer,1,1,0
sa_199391.jpg,guitarist,0,0,0
sa_7527991.jpg,tennis_player,0,1,0
sa_9093047.jpg,tennis_player,1,0,0
sa_7603567.jpg,speaker,1,0,0
sa_10926586.jpg,guitarist,1,1,0
sa_6179430.jpg,hairdresser,0,1,0
sa_7149988.jpg,farmer,0,1,0
sa_9995200.jpg,guitarist,0,1,1
sa_4602595.jpg,singer,0,1,0
sa_5898773.jpg,lawman,0,0,0
sa_4949957.jpg,boatman,0,0,0
sa_2874722.jpg,disk_jockey,0,0,0
sa_1758574.jpg,soldier,0,0,0
sa_4323746.jpg,skateboarder,0,0,0
sa_9154283.jpg,laborer,0,1,0
sa_6588811.jpg,repairman,0,0,0
sa_7258674.jpg,dancer,0,1,0
sa_7212294.jpg,craftsman,0,0,0
sa_8944569.jpg,gardener,0,2,0
sa_3247729.jpg,seller,0,1,0
sa_1550922.jpg,drummer,0,1,0
sa_9714097.jpg,lawman,0,0,0
sa_4038541.jpg,climber,0,0,0
sa_5346845.jpg,painter,0,0,0
sa_8660993.jpg,skateboarder,0,0,0
sa_7297513.jpg,singer,0,0,0
sa_8219693.jpg,nurse,1,1,0
sa_7277068.jpg,computer_user,1,0,0
sa_3285277.jpg,lawman,0,1,0
sa_1169423.jpg,speaker,0,2,0
sa_4246633.jpg,tennis_player,1,1,0
sa_757250.jpg,guard,0,0,0
sa_6794572.jpg,singer,1,0,0
sa_4224516.jpg,lifeguard,1,1,0
sa_515845.jpg,speaker,0,0,1
sa_3023807.jpg,singer,0,1,0
sa_4293533.jpg,horseman,1,0,0
sa_681693.jpg,computer_user,0,0,1
sa_9010966.jpg,guitarist,0,0,0
sa_10292977.jpg,machinist,0,1,0
sa_4745781.jpg,boatman,0,0,0
sa_6071994.jpg,farmer,0,1,0
sa_274765.jpg,sculptor,0,1,0
sa_6724609.jpg,singer,0,0,0
sa_1193413.jpg,ballplayer,0,1,0
sa_6371674.jpg,computer_user,1,0,0
sa_9824941.jpg,trumpeter,0,0,0
sa_8350627.jpg,flutist,0,2,0
sa_6875025.jpg,motorcyclist,0,0,0
sa_1774009.jpg,tennis_player,0,0,0
sa_7994318.jpg,lawman,0,1,0
sa_10221090.jpg,teacher,1,1,0
sa_6505093.jpg,lawman,0,1,0
sa_2758777.jpg,motorcyclist,0,1,0
sa_236591.jpg,backpacker,0,2,0
sa_10697135.jpg,skateboarder,0,0,0
sa_9745805.jpg,repairman,0,1,0
sa_7318318.jpg,boatman,0,2,0
sa_828052.jpg,speaker,0,1,0
sa_10075178.jpg,lawman,0,2,0
sa_453532.jpg,machinist,0,0,0
sa_6649824.jpg,doctor,0,1,0
sa_10800291.jpg,tennis_player,1,1,0
sa_6807239.jpg,singer,0,2,0
sa_3481533.jpg,fireman,0,0,0
sa_7233833.jpg,seller,0,1,0
sa_7429334.jpg,laborer,1,0,0
sa_1053980.jpg,gymnast,1,1,0
sa_4897831.jpg,farmer,0,0,1
sa_8922150.jpg,soccer_player,0,1,0
sa_6003348.jpg,seller,1,0,0
sa_160999.jpg,backpacker,0,0,0
sa_1642719.jpg,guard,0,0,0
sa_8085485.jpg,motorcyclist,0,0,0
sa_7062742.jpg,laborer,1,0,1
sa_8008459.jpg,craftsman,0,1,0
sa_9893965.jpg,guitarist,0,0,0
sa_3269012.jpg,laborer,0,0,0
sa_3880565.jpg,backpacker,0,1,0
sa_10982798.jpg,singer,0,0,0
sa_3194133.jpg,singer,1,0,0
sa_10034465.jpg,soldier,0,1,0
sa_9627393.jpg,hairdresser,1,0,0
sa_1814068.jpg,seller,0,1,0
sa_9276847.jpg,machinist,0,0,0
sa_9012042.jpg,trumpeter,0,1,0
sa_5073589.jpg,hairdresser,0,0,0
sa_11029989.jpg,nurse,1,1,0
sa_3867289.jpg,speaker,0,0,0
sa_5591164.jpg,tennis_player,0,0,0
sa_6108171.jpg,skateboarder,0,0,0
sa_9265061.jpg,singer,0,0,0
sa_10503398.jpg,speaker,0,0,0
sa_2479220.jpg,lifeguard,0,1,0
sa_4754680.jpg,painter,0,0,1
sa_8691262.jpg,guitarist,0,1,0
sa_9252349.jpg,singer,1,0,0
sa_447671.jpg,tennis_player,1,1,0
sa_10588919.jpg,seller,1,1,1
sa_2622195.jpg,horseman,0,1,0
sa_7163002.jpg,gardener,0,1,0
sa_10112071.jpg,retailer,1,1,0
sa_3386067.jpg,soldier,0,1,0
sa_9518416.jpg,speaker,0,0,0
sa_6558338.jpg,tennis_player,1,1,0
sa_4648708.jpg,craftsman,0,0,1
sa_10806482.jpg,painter,0,1,0
sa_4042799.jpg,guard,0,1,0
sa_2000860.jpg,waiter,1,0,0
sa_10529776.jpg,reporter,1,0,0
sa_9143722.jpg,speaker,1,0,0
sa_2528756.jpg,farmer,0,2,1
sa_1329760.jpg,reporter,1,1,0
sa_5383621.jpg,basketball_player,0,1,0
sa_4602238.jpg,tennis_player,1,2,0
sa_4987500.jpg,horseman,0,0,0
sa_4921987.jpg,skateboarder,0,1,0
sa_10444801.jpg,tennis_player,1,0,0
sa_2826947.jpg,guard,0,1,0
sa_5327544.jpg,soldier,0,1,0
sa_4386703.jpg,lawman,0,1,0
sa_4002326.jpg,craftsman,0,1,0
sa_10685413.jpg,gardener,0,1,1
sa_221451.jpg,gardener,1,0,0
sa_8349744.jpg,skateboarder,0,0,0
sa_1182749.jpg,hairdresser,0,1,0
sa_2364695.jpg,guard,0,0,0
sa_7713523.jpg,repairman,0,1,0
sa_2340054.jpg,horseman,1,0,0
sa_2238008.jpg,laborer,0,2,0
sa_6924262.jpg,lifeguard,0,1,0
sa_10101248.jpg,horseman,1,0,0
sa_10544649.jpg,tennis_player,0,0,0
sa_2835904.jpg,computer_user,1,1,0
sa_7705462.jpg,guard,0,0,0
sa_9798004.jpg,doctor,1,1,1
sa_9114006.jpg,guard,0,1,0
sa_8163524.jpg,trumpeter,0,0,0
sa_4542137.jpg,singer,1,0,0
sa_1826610.jpg,hairdresser,0,1,0
sa_5078954.jpg,boatman,0,0,0
sa_9197172.jpg,lawman,0,0,0
sa_8547398.jpg,seller,0,1,0
sa_4837652.jpg,patient,1,1,0
sa_1688399.jpg,lawman,0,1,0
sa_4806371.jpg,nurse,0,0,0
sa_9200739.jpg,singer,0,0,1
sa_3800244.jpg,backpacker,0,0,0
sa_10846363.jpg,dancer,1,0,0
sa_6794107.jpg,painter,0,1,1
sa_899770.jpg,ballplayer,0,1,0
sa_3941902.jpg,boatman,1,0,0
sa_870298.jpg,dancer,1,1,0
sa_1790583.jpg,soldier,0,0,0
sa_10223923.jpg,computer_user,1,0,0
sa_9730143.jpg,disk_jockey,0,1,0
sa_3849749.jpg,reporter,1,0,0
sa_7072627.jpg,painter,1,1,0
sa_8580686.jpg,reporter,1,0,0
sa_10534330.jpg,farmer,0,1,0
sa_3014932.jpg,backpacker,1,0,0
sa_4177314.jpg,lawman,0,0,0
sa_1258481.jpg,tennis_player,0,0,0
sa_3140999.jpg,motorcyclist,0,1,0
sa_4841113.jpg,laborer,1,0,1
sa_2683194.jpg,trumpeter,0,2,0
sa_9041127.jpg,speaker,0,0,0
sa_638857.jpg,skateboarder,0,0,0
sa_8858460.jpg,speaker,0,0,0
sa_9324999.jpg,guard,0,2,0
sa_3708799.jpg,boatman,1,1,0
sa_7846303.jpg,craftsman,0,1,1
sa_1154927.jpg,repairman,0,0,0
sa_1020779.jpg,boatman,1,1,0
sa_5288757.jpg,ballplayer,0,1,0
sa_5925055.jpg,seller,1,1,0
sa_4988179.jpg,speaker,0,0,1
sa_10366069.jpg,guard,0,1,0
sa_11068477.jpg,repairman,0,0,0
sa_5693004.jpg,drummer,1,0,0
sa_10762051.jpg,gardener,1,0,0
sa_5615941.jpg,laborer,1,1,0
sa_5503883.jpg,lifeguard,0,1,0
sa_2519759.jpg,tennis_player,0,0,0
sa_152226.jpg,repairman,0,1,0
sa_2470256.jpg,farmer,0,1,0
sa_1003746.jpg,gardener,1,0,0
sa_127284.jpg,hairdresser,0,1,0
sa_8513813.jpg,climber,0,0,0
sa_1654648.jpg,singer,0,0,0
sa_3416936.jpg,speaker,0,0,0
sa_3563369.jpg,painter,0,1,0
sa_821734.jpg,gardener,0,1,0
sa_2349019.jpg,disk_jockey,0,1,0
sa_5611176.jpg,horseman,1,0,0
sa_10652073.jpg,backpacker,0,1,0
sa_8635261.jpg,retailer,0,1,0
sa_10383157.jpg,speaker,0,0,0
sa_1869795.jpg,motorcyclist,0,1,0
sa_10240497.jpg,soccer_player,0,0,0
sa_5663745.jpg,tennis_player,0,0,0
sa_11136917.jpg,referee,0,1,0
sa_10253712.jpg,speaker,0,0,0
sa_8847486.jpg,retailer,1,0,0
sa_1365878.jpg,retailer,1,1,0
sa_701987.jpg,disk_jockey,0,1,0
sa_3994290.jpg,craftsman,1,1,1
sa_1349105.jpg,guitarist,0,1,0
sa_376697.jpg,boatman,0,1,0
sa_2633393.jpg,painter,0,1,1
sa_2122080.jpg,tennis_player,0,1,0
sa_4241970.jpg,reporter,1,1,0
sa_10623881.jpg,tennis_player,0,0,0
sa_10723950.jpg,lawman,0,0,0
sa_5984679.jpg,gymnast,0,0,0
sa_1273560.jpg,singer,1,0,0
sa_5240836.jpg,laborer,0,1,0
sa_7016628.jpg,computer_user,0,1,0
sa_6035047.jpg,horseman,0,0,0
sa_4829265.jpg,lifeguard,0,1,0
sa_1730214.jpg,farmer,0,1,1
sa_11151514.jpg,speaker,0,0,0
sa_3978385.jpg,patient,0,1,1
sa_3549022.jpg,seller,1,2,1
sa_5176284.jpg,seller,0,1,0
sa_374146.jpg,patient,0,1,0
sa_2130217.jpg,craftsman,1,0,0
sa_10928464.jpg,repairman,0,0,0
sa_10559023.jpg,painter,1,0,0
sa_8692838.jpg,horseman,0,0,1
sa_10144754.jpg,disk_jockey,0,1,0
sa_8171131.jpg,repairman,0,1,0
sa_5001237.jpg,dancer,0,2,0
sa_1109532.jpg,guard,0,1,0
sa_9977473.jpg,repairman,0,1,0
sa_10722596.jpg,lawman,0,0,0
sa_8953140.jpg,gymnast,1,1,0
sa_10361375.jpg,gardener,1,0,0
sa_1795383.jpg,repairman,0,1,0
sa_7290732.jpg,laborer,0,2,0
sa_9081946.jpg,guitarist,0,1,0
sa_5526853.jpg,retailer,1,1,0
sa_1495856.jpg,lawman,0,0,0
sa_5037943.jpg,horseman,0,0,0
sa_2305685.jpg,motorcyclist,0,1,1
sa_3165563.jpg,sculptor,0,0,1
sa_9412970.jpg,backpacker,0,0,0
sa_2144249.jpg,skateboarder,0,1,0
sa_7770763.jpg,guitarist,0,0,0
sa_573770.jpg,backpacker,0,0,0
sa_5152566.jpg,seller,0,0,0
sa_8241890.jpg,computer_user,0,0,0
sa_7083095.jpg,retailer,1,1,0
sa_1613358.jpg,speaker,0,1,0
sa_7206116.jpg,skateboarder,0,0,0
sa_7602333.jpg,prayer,0,0,0
sa_5025995.jpg,electrician,0,1,0
sa_3015087.jpg,singer,0,0,0
sa_6240268.jpg,lawman,1,1,0
sa_10216089.jpg,speaker,0,0,0
sa_7333964.jpg,laborer,0,1,0
sa_5945635.jpg,flutist,0,1,0
sa_7487437.jpg,patient,0,0,0
sa_6514456.jpg,skateboarder,0,1,0
sa_9704224.jpg,guard,0,0,0
sa_386348.jpg,computer_user,0,1,0
sa_10363994.jpg,fireman,0,0,0
sa_736264.jpg,retailer,0,0,1
sa_5380143.jpg,tennis_player,0,2,0
sa_6835291.jpg,laborer,1,1,0
sa_6308263.jpg,repairman,0,0,0
sa_8720738.jpg,craftsman,0,1,0
sa_7287864.jpg,carpenter,0,0,0
sa_5507628.jpg,horseman,0,0,0
sa_7640401.jpg,prayer,0,1,1
sa_3214431.jpg,hairdresser,0,1,0
sa_10839483.jpg,tennis_player,0,0,0
sa_10504769.jpg,carpenter,0,1,0
sa_102778.jpg,guitarist,0,0,0
sa_5056405.jpg,guitarist,0,1,0
sa_2616356.jpg,speaker,0,1,1
sa_9984805.jpg,guitarist,0,0,0
sa_10387688.jpg,painter,0,0,0
sa_6959458.jpg,gardener,1,1,0
sa_7980747.jpg,seller,1,0,0
sa_10405873.jpg,astronaut,0,1,0
sa_8090081.jpg,laborer,0,1,0
sa_10591450.jpg,tennis_player,1,0,0
sa_6888996.jpg,fireman,0,1,0
sa_7397476.jpg,boatman,0,1,0
sa_2914628.jpg,boatman,0,1,0
sa_10749211.jpg,motorcyclist,1,1,1
sa_3897225.jpg,referee,0,1,0
sa_8445587.jpg,computer_user,1,0,0
sa_762101.jpg,horseman,0,0,0
sa_5972766.jpg,painter,0,0,1
sa_10940305.jpg,farmer,0,1,0
sa_3874211.jpg,lawman,0,0,0
sa_8176555.jpg,climber,0,0,0
sa_5664180.jpg,laborer,0,1,1
sa_2329932.jpg,backpacker,0,0,1
sa_2166814.jpg,electrician,0,0,0
sa_6547528.jpg,guitarist,0,0,0
sa_5991049.jpg,gardener,1,1,0
sa_7699580.jpg,ballplayer,0,0,0
sa_2157433.jpg,doctor,1,0,0
sa_7223349.jpg,dancer,1,0,0
sa_1504259.jpg,computer_user,0,1,0
sa_7350758.jpg,guitarist,0,0,0
sa_10719350.jpg,guard,0,0,0
sa_4537860.jpg,gymnast,1,1,0
sa_2693905.jpg,guitarist,1,1,0
sa_2406615.jpg,tennis_player,0,0,0
sa_7097524.jpg,motorcyclist,0,0,0
sa_1901401.jpg,skateboarder,0,1,0
sa_4967978.jpg,repairman,0,1,0
sa_7241116.jpg,ballplayer,1,1,0
sa_2811877.jpg,craftsman,0,1,0
sa_2499988.jpg,gardener,0,1,0
sa_1990815.jpg,tennis_player,1,0,0
sa_2706289.jpg,painter,0,0,0
sa_1527144.jpg,tennis_player,0,1,0
sa_9046271.jpg,boatman,0,1,0
sa_7230902.jpg,lawman,0,0,0
sa_2121163.jpg,gardener,1,1,0
sa_4422179.jpg,soldier,0,0,0
sa_5923319.jpg,guitarist,0,1,0
sa_8682288.jpg,lawman,0,1,1
sa_4791615.jpg,singer,1,0,0
sa_10328647.jpg,laborer,0,0,0
sa_4767597.jpg,gymnast,1,1,0
sa_9109255.jpg,lifeguard,0,1,0
sa_6464087.jpg,climber,0,1,0
sa_497031.jpg,fireman,0,0,0
sa_6907056.jpg,backpacker,0,0,0
sa_7037196.jpg,singer,1,0,0
sa_9419469.jpg,guard,0,0,0
sa_6351441.jpg,prayer,0,1,1
sa_3468263.jpg,lawman,0,1,0
sa_9342025.jpg,lawman,0,1,0
sa_910103.jpg,guard,0,0,0
sa_8490690.jpg,waiter,0,1,0
sa_7749231.jpg,boatman,1,1,0
sa_2209705.jpg,student,1,0,0
sa_8131164.jpg,craftsman,0,1,0
sa_1669233.jpg,skateboarder,1,0,0
sa_3216814.jpg,singer,0,0,0
sa_9272664.jpg,boatman,0,1,1
sa_204323.jpg,singer,0,1,0
sa_7256360.jpg,motorcyclist,0,1,0
sa_6012601.jpg,seller,0,1,0
sa_2746980.jpg,tennis_player,0,1,0
sa_9575873.jpg,backpacker,1,0,0
sa_6372386.jpg,seller,1,0,0
sa_7689589.jpg,guard,0,1,0
sa_4483342.jpg,guard,0,0,0
sa_7365709.jpg,speaker,0,1,0
sa_7356383.jpg,skateboarder,0,1,0
sa_4640640.jpg,repairman,0,1,0
sa_7109816.jpg,gardener,0,1,1
sa_2909458.jpg,horseman,1,1,0
sa_232128.jpg,speaker,0,0,1
sa_5786493.jpg,speaker,0,1,0
sa_6660341.jpg,dancer,1,1,0
sa_948087.jpg,singer,0,1,0
sa_10134587.jpg,soccer_player,0,1,0
sa_1581026.jpg,boatman,0,1,1
sa_1201524.jpg,retailer,1,0,0
sa_9602376.jpg,soldier,0,1,0
sa_8232664.jpg,boatman,0,1,1
sa_11063942.jpg,motorcyclist,0,0,0
sa_4823676.jpg,referee,1,0,0
sa_2001268.jpg,repairman,0,0,0
sa_1689238.jpg,singer,0,1,0
sa_1472298.jpg,climber,0,1,0
sa_8993249.jpg,doctor,1,0,0
sa_1556494.jpg,tennis_player,0,1,0
sa_74742.jpg,horseman,1,0,0
sa_2408483.jpg,singer,0,0,0
sa_1250469.jpg,tennis_player,0,1,0
sa_3655648.jpg,doctor,1,0,0
sa_8959752.jpg,sculptor,0,0,0
sa_11181590.jpg,repairman,0,1,0
sa_3578835.jpg,soccer_player,0,1,0
sa_10236750.jpg,lawman,0,1,0
sa_4071871.jpg,craftsman,0,1,1
sa_10950755.jpg,soldier,0,0,0
sa_7798860.jpg,boatman,0,0,0
sa_1300380.jpg,guard,0,1,0
sa_5473475.jpg,repairman,0,1,0
sa_779456.jpg,tennis_player,0,0,0
sa_7289737.jpg,tennis_player,0,0,0
sa_4689413.jpg,soldier,0,1,0
sa_4672827.jpg,backpacker,1,0,0
sa_8719460.jpg,tennis_player,1,1,0
sa_10359986.jpg,hairdresser,0,1,0
sa_1663060.jpg,laborer,1,0,0
sa_7178224.jpg,skateboarder,0,0,0
sa_625218.jpg,dancer,0,1,0
sa_9035855.jpg,judge,0,0,0
sa_8538979.jpg,painter,1,1,0
sa_9600960.jpg,farmer,0,1,0
sa_1520.jpg,lifeguard,0,1,0
sa_2149854.jpg,drummer,0,0,1
sa_4854635.jpg,bartender,0,0,0
sa_10382175.jpg,computer_user,0,0,0
sa_1707616.jpg,guard,1,0,0
sa_6482232.jpg,laborer,0,1,0
sa_7192067.jpg,hairdresser,1,1,0
sa_122300.jpg,lawman,0,0,0
sa_3883434.jpg,horseman,0,0,0
sa_1578398.jpg,singer,0,0,0
sa_230941.jpg,horseman,1,0,0
sa_6810075.jpg,patient,0,2,0
sa_6063109.jpg,motorcyclist,0,1,0
sa_9555002.jpg,trumpeter,0,0,1
sa_5293968.jpg,retailer,1,1,0
sa_1941371.jpg,motorcyclist,0,1,0
sa_6216969.jpg,backpacker,0,1,0
sa_5038371.jpg,tennis_player,1,0,0
sa_6053919.jpg,prayer,0,1,1
sa_6158867.jpg,tennis_player,0,1,0
sa_3083767.jpg,retailer,0,1,0
sa_10477736.jpg,skateboarder,0,0,0
sa_2122427.jpg,referee,0,0,0
sa_6450348.jpg,gymnast,1,0,0
sa_7954398.jpg,soccer_player,0,0,0
sa_3732179.jpg,repairman,0,1,0
sa_8644549.jpg,drummer,1,1,0
sa_4071202.jpg,lawman,0,0,0
sa_3166697.jpg,speaker,0,0,1
sa_5848890.jpg,nurse,1,1,0
sa_9062951.jpg,motorcyclist,0,1,0
sa_4086980.jpg,tennis_player,0,0,0
sa_10053259.jpg,laborer,0,1,0
sa_9009281.jpg,speaker,1,1,0
sa_8878683.jpg,lawman,0,0,0
sa_3553059.jpg,singer,1,0,0
sa_9740902.jpg,nurse,1,0,0
sa_7057986.jpg,ballplayer,0,1,0
sa_7703718.jpg,laborer,0,1,0
sa_10406031.jpg,seller,0,1,0
sa_5997332.jpg,singer,0,1,0
sa_3228271.jpg,boatman,1,0,0
sa_2168348.jpg,farmer,1,0,1
sa_7533533.jpg,lawman,0,0,0
sa_9230455.jpg,climber,0,0,0
sa_1889643.jpg,craftsman,1,1,1
sa_9913422.jpg,skateboarder,0,1,0
sa_8809824.jpg,soldier,0,1,0
sa_5435733.jpg,referee,0,0,0
sa_9296882.jpg,backpacker,1,0,0
sa_10856963.jpg,repairman,0,0,0
sa_2754697.jpg,carpenter,0,1,0
sa_9102207.jpg,doctor,1,0,0
sa_118029.jpg,machinist,0,0,0
sa_7627379.jpg,boatman,0,1,0
sa_9594770.jpg,skateboarder,0,1,0
sa_9417441.jpg,speaker,0,0,0
sa_1064600.jpg,craftsman,0,1,0
sa_3392869.jpg,lawman,0,0,0
sa_4435088.jpg,tennis_player,0,1,0
sa_9574089.jpg,speaker,0,1,0
sa_6667287.jpg,speaker,0,0,0
sa_2039166.jpg,painter,0,1,0
sa_9016009.jpg,runner,1,0,0
sa_10950787.jpg,climber,0,0,0
sa_542736.jpg,craftsman,0,0,0
sa_9803167.jpg,tennis_player,1,0,0
sa_8150634.jpg,guitarist,0,0,0
sa_4841861.jpg,seller,0,1,1
sa_6282213.jpg,gymnast,1,0,0
sa_6780746.jpg,lawman,0,0,0
sa_7540377.jpg,tennis_player,1,2,0
sa_10070094.jpg,guitarist,1,0,0
sa_10733999.jpg,climber,0,1,0
sa_4893270.jpg,craftsman,0,1,1
sa_926415.jpg,speaker,0,0,1
sa_7263430.jpg,farmer,1,1,0
sa_3894225.jpg,tennis_player,1,1,0
sa_10553226.jpg,dancer,0,1,0
sa_5436096.jpg,lawman,0,0,1
sa_10740689.jpg,speaker,1,1,0
sa_8576010.jpg,tennis_player,1,0,0
sa_9069702.jpg,drummer,1,0,0
sa_7362731.jpg,repairman,0,0,0
sa_5442644.jpg,sculptor,0,1,0
sa_7623884.jpg,repairman,0,0,0
sa_1739197.jpg,guard,0,2,0
sa_8640649.jpg,painter,0,1,0
sa_9213897.jpg,soccer_player,0,1,0
sa_551056.jpg,repairman,1,1,0
sa_2937351.jpg,dancer,1,1,0
sa_908307.jpg,horseman,0,0,0
sa_4917344.jpg,computer_user,1,0,0
sa_8821483.jpg,runner,0,1,0
sa_3073968.jpg,tennis_player,0,1,0
sa_6930721.jpg,laborer,1,0,1
sa_6033020.jpg,laborer,1,1,0
sa_7756756.jpg,skateboarder,1,0,0
sa_9633190.jpg,horseman,1,1,0
sa_3371369.jpg,waiter,1,1,0
sa_7655158.jpg,computer_user,1,0,0
sa_5371752.jpg,horseman,1,0,0
sa_4634228.jpg,soldier,0,0,0
sa_9233737.jpg,student,1,1,0
sa_1657809.jpg,singer,0,2,0
sa_5816435.jpg,lawman,0,1,0
sa_2367960.jpg,tennis_player,0,1,0
sa_2454228.jpg,soldier,0,1,0
sa_8400547.jpg,guard,0,1,0
sa_10126012.jpg,guitarist,0,0,0
sa_915784.jpg,gymnast,0,1,0
sa_10472741.jpg,singer,0,1,0
sa_671528.jpg,craftsman,0,1,0
sa_11000107.jpg,speaker,1,1,0
sa_10990639.jpg,painter,1,0,0
sa_9343101.jpg,tennis_player,0,0,0
sa_8704305.jpg,seller,0,1,0
sa_10860400.jpg,lifeguard,0,1,0
sa_7322268.jpg,tennis_player,0,1,0
sa_3953417.jpg,farmer,1,1,1
sa_2814499.jpg,computer_user,0,1,0
sa_254710.jpg,lawman,0,1,1
sa_10695147.jpg,basketball_player,0,0,0
sa_4862396.jpg,tennis_player,0,0,0
sa_9339826.jpg,backpacker,0,0,0
sa_3310022.jpg,nurse,1,0,0
sa_2512529.jpg,basketball_player,0,0,0
sa_2383791.jpg,farmer,0,1,0
sa_3620847.jpg,skateboarder,0,1,0
sa_8495338.jpg,tennis_player,1,1,0
sa_250718.jpg,singer,0,0,0
sa_7400053.jpg,lawman,0,0,0
sa_10577004.jpg,singer,1,1,0
sa_3270368.jpg,craftsman,0,1,0
sa_10733805.jpg,lawman,0,1,0
sa_485516.jpg,lifeguard,0,0,0
sa_10490161.jpg,guitarist,0,1,0
sa_1327539.jpg,painter,0,1,0
sa_259759.jpg,backpacker,0,0,0
sa_2864723.jpg,boatman,0,1,1
sa_821313.jpg,soldier,0,0,0
sa_6781724.jpg,disk_jockey,0,0,0
sa_5535109.jpg,flutist,0,0,0
sa_378590.jpg,tennis_player,0,1,0
sa_7565880.jpg,seller,1,1,0
sa_7954520.jpg,gardener,0,0,0
sa_4116994.jpg,retailer,0,0,0
sa_11025710.jpg,lifeguard,0,1,0
sa_6701603.jpg,repairman,0,1,0
sa_10987568.jpg,guard,0,0,0
sa_8346057.jpg,craftsman,0,1,0
sa_145994.jpg,cheerleader,1,0,0
sa_1733502.jpg,speaker,0,1,0
sa_7890916.jpg,ballplayer,0,0,0
sa_2884918.jpg,reporter,0,1,0
sa_499690.jpg,retailer,0,0,1
sa_1058486.jpg,drummer,0,0,0
sa_5540806.jpg,computer_user,0,1,0
sa_6958200.jpg,craftsman,0,1,0
sa_5660696.jpg,tennis_player,0,1,0
sa_5415876.jpg,doctor,0,2,0
sa_270867.jpg,guitarist,0,0,0
sa_6737202.jpg,fireman,1,0,0
sa_10273707.jpg,computer_user,1,0,0
sa_8795670.jpg,seller,1,1,1
sa_6320682.jpg,skateboarder,0,1,0
sa_7571461.jpg,craftsman,1,1,0
sa_6151169.jpg,craftsman,0,1,0
sa_10294131.jpg,lifeguard,0,2,0
sa_2562249.jpg,skateboarder,0,0,0
sa_1550111.jpg,horseman,1,1,0
sa_2583018.jpg,computer_user,1,0,0
sa_8958355.jpg,teacher,1,0,0
sa_1803857.jpg,hairdresser,0,0,0
sa_9477941.jpg,craftsman,0,1,0
sa_8307231.jpg,craftsman,0,1,0
sa_2630783.jpg,craftsman,0,1,0
sa_3240903.jpg,tennis_player,1,1,0
sa_3552995.jpg,referee,0,1,0
sa_3920752.jpg,ballplayer,1,0,0
sa_6567772.jpg,motorcyclist,0,1,0
sa_9119685.jpg,repairman,0,1,0
sa_10447965.jpg,soccer_player,0,2,0
sa_7609732.jpg,lawman,0,0,0
sa_6886908.jpg,computer_user,1,1,0
sa_5573185.jpg,tennis_player,1,0,0
sa_9350423.jpg,gardener,0,2,0
sa_4135427.jpg,gardener,0,0,1
sa_2011931.jpg,computer_user,0,0,0
sa_9997224.jpg,speaker,1,0,0
sa_2733530.jpg,disk_jockey,0,1,0
sa_101367.jpg,guitarist,0,1,0
sa_10998765.jpg,ballplayer,0,0,0
sa_11152838.jpg,singer,0,0,0
sa_145187.jpg,electrician,0,0,0
sa_6630755.jpg,repairman,0,1,1
sa_6756055.jpg,lawman,0,0,0
sa_893825.jpg,guitarist,0,1,0
sa_3905985.jpg,speaker,0,1,0
sa_9900436.jpg,guitarist,0,0,0
sa_1559141.jpg,tennis_player,1,0,0
sa_8096384.jpg,boatman,1,0,0
sa_8191142.jpg,singer,0,0,0
sa_8544961.jpg,farmer,0,0,0
sa_10806541.jpg,cheerleader,0,0,0
sa_3386436.jpg,speaker,0,0,0
sa_730538.jpg,flutist,1,0,0
sa_995744.jpg,gymnast,1,1,0
sa_4424156.jpg,hairdresser,0,0,1
sa_11142011.jpg,doctor,1,0,0
sa_8043444.jpg,waiter,0,1,0
sa_10489419.jpg,seller,0,0,1
sa_2313245.jpg,craftsman,0,1,0
sa_570080.jpg,drummer,0,0,0
sa_428752.jpg,laborer,0,1,0
sa_5566191.jpg,waiter,1,0,0
sa_5849423.jpg,tennis_player,0,2,0
sa_9041254.jpg,electrician,0,1,0
sa_7987309.jpg,backpacker,0,0,0
sa_395685.jpg,lawman,0,0,0
sa_8408028.jpg,soldier,0,1,0
sa_719131.jpg,ballplayer,0,0,0
sa_4390344.jpg,trumpeter,0,1,0
sa_10727958.jpg,skateboarder,0,0,0
sa_10415549.jpg,singer,0,1,0
sa_2444167.jpg,horseman,0,0,0
sa_1405635.jpg,guard,0,0,0
sa_7670143.jpg,guitarist,0,1,0
sa_8479130.jpg,electrician,0,1,0
sa_1661605.jpg,soccer_player,0,1,0
sa_4181558.jpg,hairdresser,0,1,0
sa_7047381.jpg,gardener,0,0,0
sa_9364500.jpg,tennis_player,1,0,0
sa_2021559.jpg,computer_user,0,0,0
sa_3066720.jpg,lifeguard,0,1,0
sa_3813994.jpg,lawman,1,0,0
sa_4986395.jpg,carpenter,0,0,0
sa_10405772.jpg,tennis_player,1,1,0
sa_1659432.jpg,gardener,0,0,0
sa_6116996.jpg,singer,1,1,0
sa_1921016.jpg,tennis_player,0,0,0
sa_7761847.jpg,singer,0,2,0
sa_3922394.jpg,drummer,0,0,1
sa_4670517.jpg,tennis_player,0,0,0
sa_2886000.jpg,horseman,0,0,0
sa_6312315.jpg,lawman,0,1,0
sa_3142751.jpg,retailer,0,1,0
sa_7404768.jpg,dancer,0,0,0
sa_7435755.jpg,lawman,0,0,0
sa_3958979.jpg,motorcyclist,1,1,0
sa_4685283.jpg,motorcyclist,1,1,0
sa_328929.jpg,farmer,1,1,0
sa_4317109.jpg,retailer,0,1,0
sa_8910327.jpg,skateboarder,0,1,0
sa_2473302.jpg,ballplayer,0,1,0
sa_8375640.jpg,trumpeter,0,1,0
sa_5425440.jpg,repairman,0,1,0
sa_8988007.jpg,seller,1,1,0
sa_3053728.jpg,gardener,1,1,0
sa_5398956.jpg,hairdresser,1,1,0
sa_7969444.jpg,computer_user,0,1,0
sa_244516.jpg,lawman,0,0,0
sa_4774424.jpg,hairdresser,1,0,0
sa_2515397.jpg,tennis_player,0,1,0
sa_5020972.jpg,computer_user,0,1,0
sa_8584202.jpg,craftsman,1,1,0
sa_908811.jpg,motorcyclist,0,1,1
sa_805708.jpg,lawman,0,0,0
sa_8485227.jpg,trumpeter,0,1,0
sa_10249830.jpg,painter,1,1,0
sa_6989042.jpg,speaker,0,1,0
sa_11002654.jpg,patient,0,1,0
sa_3181099.jpg,speaker,1,0,0
sa_8367414.jpg,lawman,0,0,0
sa_10353149.jpg,cheerleader,1,0,0
sa_3263694.jpg,computer_user,0,1,0
sa_10377792.jpg,fireman,0,1,0
sa_1144130.jpg,guitarist,0,0,0
sa_4686144.jpg,computer_user,0,0,0
sa_776678.jpg,prayer,0,0,0
sa_1956001.jpg,seller,0,1,0
sa_6902526.jpg,drummer,1,1,0
sa_10860178.jpg,craftsman,0,0,0
sa_7049617.jpg,speaker,0,1,0
sa_4294663.jpg,computer_user,0,0,0
sa_8222077.jpg,climber,1,1,0
sa_3736363.jpg,ballplayer,0,1,0
sa_9431469.jpg,retailer,0,2,1
sa_550874.jpg,tennis_player,0,1,0
sa_11101123.jpg,computer_user,0,1,0
sa_9266397.jpg,astronaut,1,0,0
sa_8123889.jpg,waiter,0,1,0
sa_9973896.jpg,tennis_player,1,1,0
sa_4477236.jpg,prayer,0,1,0
sa_9033888.jpg,gymnast,1,0,0
sa_3538586.jpg,seller,0,1,1
sa_5855886.jpg,backpacker,0,0,0
sa_634291.jpg,singer,0,0,0
sa_10065235.jpg,singer,1,0,0
sa_5332631.jpg,seller,1,1,0
sa_1572919.jpg,tennis_player,0,1,0
sa_859550.jpg,climber,0,1,0
sa_6114514.jpg,repairman,0,1,0
sa_6984364.jpg,soccer_player,0,0,0
sa_447689.jpg,painter,0,0,0
sa_9926.jpg,speaker,0,1,0
sa_7926987.jpg,tennis_player,1,1,0
sa_7138026.jpg,hairdresser,0,0,0
sa_5770420.jpg,reporter,0,1,1
sa_3816254.jpg,tennis_player,0,1,0
sa_9847896.jpg,guitarist,0,0,0
sa_10411792.jpg,singer,0,1,0
sa_5664001.jpg,repairman,0,1,0
sa_2854982.jpg,soldier,0,1,0
sa_7010311.jpg,singer,0,1,0
sa_2037595.jpg,flutist,0,1,0
sa_1629422.jpg,backpacker,0,1,0
sa_5031813.jpg,tennis_player,0,1,0
sa_3666693.jpg,computer_user,0,0,0
sa_1830445.jpg,referee,0,1,0
sa_9026587.jpg,soccer_player,0,1,0
sa_9230958.jpg,farmer,0,1,0
sa_8013957.jpg,dancer,1,0,0
sa_5034294.jpg,painter,0,0,1
sa_9156724.jpg,skateboarder,0,1,0
sa_2789167.jpg,painter,1,1,0
sa_7719892.jpg,boatman,0,1,0
sa_7921345.jpg,dancer,0,2,0
sa_8772598.jpg,skateboarder,0,1,0
sa_7349182.jpg,ballplayer,0,0,0
sa_5581495.jpg,disk_jockey,0,1,0
sa_1992515.jpg,seller,1,1,0
sa_473772.jpg,laborer,0,0,0
sa_9697437.jpg,seller,0,1,0
sa_4447898.jpg,backpacker,1,1,0
sa_5884071.jpg,repairman,0,1,0
sa_2964374.jpg,trumpeter,0,2,0
sa_8607113.jpg,laborer,0,1,0
sa_6427657.jpg,gardener,0,1,0
sa_2152146.jpg,farmer,0,1,0
sa_8319462.jpg,gardener,1,1,0
sa_1145342.jpg,speaker,1,0,0
sa_2539059.jpg,repairman,0,1,0
sa_9066867.jpg,prayer,0,1,0
sa_3653655.jpg,seller,0,1,0
sa_9963824.jpg,disk_jockey,0,0,1
sa_4254341.jpg,motorcyclist,1,0,0
sa_2907796.jpg,speaker,0,0,0
sa_9677373.jpg,climber,0,0,0
sa_8429323.jpg,retailer,1,1,0
sa_10709372.jpg,tennis_player,0,0,0
sa_6394401.jpg,skateboarder,0,1,0
sa_7215736.jpg,tennis_player,1,0,0
sa_9532618.jpg,repairman,0,1,0
sa_9756839.jpg,lawman,0,1,0
sa_2246768.jpg,soldier,0,0,0
sa_10593485.jpg,craftsman,1,0,0
sa_1821746.jpg,drummer,0,0,0
sa_785140.jpg,climber,1,1,0
sa_5953294.jpg,horseman,0,0,0
sa_2858648.jpg,drummer,0,1,0
sa_628636.jpg,computer_user,0,0,0
sa_1080490.jpg,waiter,1,0,1
sa_3838577.jpg,hairdresser,0,0,1
sa_9328132.jpg,soldier,0,0,0
sa_2004627.jpg,gymnast,0,0,0
sa_10988494.jpg,dancer,0,0,0
sa_10151679.jpg,patient,0,1,0
sa_1579828.jpg,lawman,0,0,1
sa_5104719.jpg,seller,0,1,0
sa_8109413.jpg,guard,0,1,0
sa_6882238.jpg,seller,0,1,0
sa_6281617.jpg,electrician,0,1,0
sa_9022106.jpg,gymnast,1,0,0
sa_887780.jpg,judge,1,0,0
sa_5504819.jpg,repairman,0,0,0
sa_7283771.jpg,lawman,0,0,0
sa_8298170.jpg,climber,0,0,0
sa_1107388.jpg,retailer,0,1,0
sa_10137316.jpg,singer,1,0,0
sa_1242375.jpg,speaker,0,0,0
sa_5770989.jpg,craftsman,1,1,0
sa_6857704.jpg,farmer,0,1,0
sa_120085.jpg,speaker,0,0,0
sa_8785342.jpg,ballplayer,0,0,0
sa_3540315.jpg,hairdresser,1,1,0
sa_180532.jpg,farmer,0,1,0
sa_8206067.jpg,laborer,0,1,0
sa_2457453.jpg,tennis_player,0,0,0
sa_595191.jpg,tennis_player,0,1,0
sa_1035023.jpg,painter,0,1,1
sa_156898.jpg,lawman,0,1,0
sa_8357061.jpg,nurse,1,1,0
sa_8799956.jpg,craftsman,0,2,0
sa_5621708.jpg,trumpeter,0,1,0
sa_1097484.jpg,gymnast,0,0,0
sa_7454152.jpg,lawman,0,1,0
sa_5880398.jpg,ballplayer,0,1,0
sa_9977360.jpg,painter,1,0,0
sa_3829533.jpg,guard,0,0,0
sa_6453242.jpg,painter,0,1,0
sa_5776211.jpg,drummer,1,1,0
sa_7360153.jpg,backpacker,0,0,0
sa_118624.jpg,craftsman,0,1,0
sa_6479240.jpg,dancer,1,1,0
sa_679259.jpg,sculptor,0,0,0
sa_2545275.jpg,skateboarder,0,0,0
sa_4936550.jpg,hairdresser,0,0,0
sa_621358.jpg,reporter,0,0,0
sa_5174783.jpg,horseman,0,1,0
sa_5735880.jpg,lawman,0,0,0
sa_837609.jpg,ballplayer,0,0,0
sa_8088147.jpg,basketball_player,0,1,0
sa_7954399.jpg,seller,0,1,1
sa_10318044.jpg,doctor,0,0,0
sa_5432032.jpg,lawman,0,0,0
sa_5427674.jpg,basketball_player,0,0,0
sa_389742.jpg,lawman,0,0,0
sa_3293160.jpg,computer_user,0,0,0
sa_5477504.jpg,computer_user,1,0,0
sa_4821625.jpg,farmer,1,1,1
sa_5744292.jpg,teacher,1,1,0
sa_7169135.jpg,referee,0,1,0
sa_8029320.jpg,tennis_player,1,1,0
sa_8419983.jpg,farmer,0,0,0
sa_5646608.jpg,prayer,0,1,1
sa_2140546.jpg,fireman,0,1,0
sa_1036882.jpg,dancer,1,1,0
sa_10586084.jpg,soldier,0,0,0
sa_4769445.jpg,seller,1,0,0
sa_6244658.jpg,farmer,1,1,0
sa_11166965.jpg,computer_user,0,0,0
sa_3807259.jpg,patient,1,1,0
sa_5250474.jpg,guitarist,0,1,0
sa_3543183.jpg,speaker,0,1,0
sa_9105947.jpg,gymnast,1,0,0
sa_11060342.jpg,seller,0,1,0
sa_6553051.jpg,gymnast,1,0,0
sa_4869053.jpg,nurse,1,1,0
sa_3362035.jpg,singer,1,0,0
sa_1760.jpg,runner,0,0,0
sa_4042594.jpg,lawman,0,2,0
sa_367235.jpg,singer,0,1,0
sa_4147967.jpg,boatman,0,1,0
sa_5703519.jpg,speaker,0,1,0
sa_7232427.jpg,backpacker,0,0,0
sa_1829248.jpg,seller,1,1,0
sa_10583593.jpg,seller,0,1,1
sa_11016722.jpg,tennis_player,1,0,0
sa_1567284.jpg,ballplayer,0,2,0
sa_7044702.jpg,disk_jockey,0,1,0
sa_10174301.jpg,lawman,1,0,1
sa_6809.jpg,lawman,0,0,0
sa_6161683.jpg,tennis_player,1,1,0
sa_1005993.jpg,computer_user,0,0,0
sa_2956331.jpg,computer_user,1,1,0
sa_9247039.jpg,seller,1,0,0
sa_10366030.jpg,lawman,0,0,1
sa_2993129.jpg,boatman,1,0,0
sa_2162095.jpg,disk_jockey,0,1,0
sa_7659295.jpg,lawman,0,0,0
sa_1416736.jpg,sculptor,0,2,0
sa_7156940.jpg,guard,0,0,0
sa_8634914.jpg,craftsman,0,1,0
sa_6630941.jpg,craftsman,1,1,0
sa_7942643.jpg,runner,0,1,0
sa_9535054.jpg,boatman,1,1,0
sa_669056.jpg,craftsman,0,1,0
sa_10535613.jpg,singer,0,0,0
sa_1424711.jpg,singer,0,1,0
sa_7846393.jpg,speaker,0,1,0
sa_343965.jpg,skateboarder,0,1,0
sa_5352133.jpg,backpacker,0,1,0
sa_6801327.jpg,computer_user,0,0,0
sa_4023638.jpg,disk_jockey,0,0,0
sa_1123812.jpg,teacher,0,1,0
sa_9918937.jpg,lawman,1,0,0
sa_856413.jpg,farmer,0,2,0
sa_10641006.jpg,guitarist,0,1,0
sa_9214942.jpg,craftsman,0,0,0
sa_1464495.jpg,student,1,0,0
sa_235931.jpg,laborer,0,1,0
sa_7439348.jpg,soldier,0,1,0
sa_9654002.jpg,motorcyclist,1,0,0
sa_9455385.jpg,painter,0,1,1
sa_10806608.jpg,guitarist,0,0,1
sa_6470264.jpg,farmer,1,1,1
sa_8293927.jpg,drummer,0,1,0
sa_6193897.jpg,reporter,0,0,0
sa_76928.jpg,tennis_player,1,1,0
sa_9747568.jpg,referee,0,1,0
sa_4217290.jpg,laborer,1,1,0
sa_1139680.jpg,repairman,0,1,0
sa_7142322.jpg,seller,1,1,0
sa_9212340.jpg,tennis_player,1,0,0
sa_2368954.jpg,singer,0,0,0
sa_2675968.jpg,sculptor,0,2,1
sa_9723130.jpg,fireman,0,1,0
sa_5183921.jpg,basketball_player,1,0,0
sa_9941665.jpg,speaker,0,1,0
sa_6391092.jpg,laborer,0,1,0
sa_204217.jpg,patient,0,1,0
sa_5769489.jpg,hairdresser,0,0,0
sa_10731354.jpg,farmer,0,1,0
sa_8076259.jpg,speaker,0,0,0
sa_7879586.jpg,retailer,0,1,0
sa_2727979.jpg,tennis_player,1,0,0
sa_1268625.jpg,tennis_player,0,0,0
sa_8704176.jpg,prayer,1,1,0
sa_4705426.jpg,hairdresser,0,1,0
sa_2162590.jpg,sculptor,0,1,0
sa_6580945.jpg,tennis_player,0,0,0
sa_3655128.jpg,waiter,1,1,0
sa_4295676.jpg,laborer,0,1,0
sa_592572.jpg,singer,0,0,0
sa_2869228.jpg,hairdresser,0,1,0
sa_10135675.jpg,gymnast,0,0,0
sa_11026725.jpg,soccer_player,0,2,0
sa_4579746.jpg,tennis_player,0,0,0
sa_7328485.jpg,tennis_player,0,1,0
sa_2470038.jpg,tennis_player,0,1,0
sa_4322710.jpg,soldier,0,1,0
sa_2142207.jpg,speaker,0,1,0
sa_3531113.jpg,climber,0,0,0
sa_9132225.jpg,singer,1,0,0
sa_7597290.jpg,drummer,1,0,0
sa_9324799.jpg,lawman,0,0,0
sa_9747367.jpg,lawman,0,0,0
sa_8366399.jpg,basketball_player,0,2,0
sa_8042026.jpg,backpacker,0,0,0
sa_6666685.jpg,reporter,0,1,0
sa_8494594.jpg,guitarist,0,1,0
sa_5858966.jpg,gardener,1,0,0
sa_4105288.jpg,prayer,0,1,1
sa_2190089.jpg,speaker,0,0,0
sa_8655765.jpg,laborer,0,1,0
sa_4577456.jpg,painter,0,0,0
sa_1819391.jpg,motorcyclist,0,1,0
sa_8710258.jpg,gardener,0,0,0
sa_9917877.jpg,repairman,0,1,0
sa_354420.jpg,referee,0,0,0
sa_8320636.jpg,hairdresser,1,0,0
sa_2333205.jpg,singer,0,0,0
sa_2386054.jpg,farmer,0,2,0
sa_10997665.jpg,drummer,0,1,0
sa_4565919.jpg,dancer,0,0,0
sa_7035281.jpg,ballplayer,0,1,0
sa_3203259.jpg,tennis_player,0,0,0
sa_10383606.jpg,prayer,0,0,1
sa_9006663.jpg,reporter,1,1,0
sa_2305979.jpg,nurse,1,1,0
sa_9450386.jpg,tennis_player,1,1,0
sa_10807758.jpg,doctor,1,0,0
sa_7128438.jpg,repairman,0,1,0
sa_2591349.jpg,referee,0,0,0
sa_4749743.jpg,seller,1,1,0
sa_1636139.jpg,craftsman,0,1,0
sa_6025781.jpg,soldier,0,1,0
sa_4386545.jpg,horseman,0,0,0
sa_1539691.jpg,craftsman,0,1,1
sa_9461648.jpg,painter,1,0,0
sa_9808703.jpg,guitarist,0,1,0
sa_2469424.jpg,prayer,0,0,0
sa_6204252.jpg,fireman,0,0,0
sa_7836904.jpg,seller,0,1,0
sa_551307.jpg,speaker,0,0,0
sa_257712.jpg,seller,1,1,0
sa_48813.jpg,horseman,0,0,0
sa_350003.jpg,motorcyclist,0,1,0
sa_5201298.jpg,farmer,1,0,1
sa_3268067.jpg,speaker,0,1,0
sa_10100996.jpg,computer_user,0,0,0
sa_10740561.jpg,sculptor,0,1,0
sa_8260580.jpg,seller,0,1,0
sa_3396473.jpg,drummer,0,1,1
sa_1728502.jpg,patient,0,1,0
sa_8849260.jpg,speaker,0,0,0
sa_6342340.jpg,craftsman,0,1,1
sa_6807888.jpg,speaker,0,1,1
sa_1822392.jpg,retailer,0,0,0
sa_5593980.jpg,guard,0,1,0
sa_8907962.jpg,painter,0,1,1
sa_5181011.jpg,reporter,1,0,0
sa_1629995.jpg,craftsman,0,1,1
sa_665120.jpg,drummer,0,0,0
sa_10761147.jpg,seller,0,0,0
sa_3986311.jpg,lifeguard,0,0,0
sa_982340.jpg,guard,0,0,0
sa_10707677.jpg,referee,0,0,0
sa_6905699.jpg,speaker,1,1,0
sa_9347707.jpg,basketball_player,0,1,0
sa_8460336.jpg,speaker,0,0,1
sa_7217189.jpg,dancer,0,1,0
sa_6529342.jpg,computer_user,0,1,0
sa_6697876.jpg,guitarist,0,0,1
sa_4059736.jpg,horseman,0,0,0
sa_10226403.jpg,seller,1,1,0
sa_10233791.jpg,lawman,1,0,0
sa_6858479.jpg,tennis_player,0,1,0
sa_7459329.jpg,seller,1,1,1
sa_1918674.jpg,doctor,0,0,0
sa_6569586.jpg,lawman,0,1,0
sa_4367733.jpg,singer,1,0,0
sa_11182022.jpg,gardener,1,0,0
sa_10252144.jpg,tennis_player,0,1,0
sa_8645967.jpg,skateboarder,0,0,0
sa_6943684.jpg,retailer,0,1,0
sa_1936682.jpg,lawman,1,1,0
sa_1458854.jpg,climber,1,1,0
sa_8179375.jpg,speaker,0,1,0
sa_8762270.jpg,drummer,0,0,0
sa_1617546.jpg,tennis_player,1,0,0
sa_3906447.jpg,speaker,0,0,0
sa_7129693.jpg,soldier,0,0,0
sa_872518.jpg,speaker,0,0,0
sa_789821.jpg,seller,0,0,0
sa_539238.jpg,computer_user,0,0,0
sa_10118267.jpg,skateboarder,0,1,0
sa_6993498.jpg,craftsman,0,0,1
sa_968615.jpg,trumpeter,0,0,0
sa_3102359.jpg,patient,0,1,0
sa_3688917.jpg,motorcyclist,1,1,0
sa_3016343.jpg,gardener,1,1,1
sa_6317020.jpg,singer,0,0,0
sa_10181705.jpg,referee,0,1,0
sa_8181002.jpg,tennis_player,0,1,0
sa_858434.jpg,climber,0,0,0
sa_10692440.jpg,basketball_player,0,0,0
sa_3023613.jpg,tennis_player,0,1,0
sa_2071687.jpg,computer_user,0,2,0
sa_2550540.jpg,hairdresser,0,1,0
sa_4879022.jpg,boatman,0,1,0
sa_9068056.jpg,skateboarder,1,0,0
sa_9301300.jpg,bartender,1,0,0
sa_1970435.jpg,craftsman,1,1,0
sa_3595353.jpg,gymnast,1,0,0
sa_4581484.jpg,farmer,0,1,0
sa_2870416.jpg,student,1,0,0
sa_5162222.jpg,prayer,0,1,0
sa_7798947.jpg,prayer,0,1,0
sa_8517836.jpg,tennis_player,0,1,0
sa_1476937.jpg,motorcyclist,0,0,0
sa_2468963.jpg,nurse,1,1,0
sa_6029025.jpg,farmer,1,0,0
sa_185256.jpg,seller,1,1,0
sa_7522617.jpg,laborer,1,1,0
sa_3300717.jpg,seller,0,0,0
sa_2246636.jpg,horseman,1,1,1
sa_4197419.jpg,lawman,1,0,0
sa_6562971.jpg,tennis_player,0,1,0
sa_6018608.jpg,speaker,0,0,1
sa_5895921.jpg,singer,1,1,0
sa_3957675.jpg,laborer,0,1,0
sa_8783450.jpg,drummer,1,1,1
sa_1984708.jpg,guard,0,0,0
sa_6875848.jpg,speaker,0,1,0
sa_2558569.jpg,guitarist,0,0,0
sa_6631672.jpg,craftsman,0,1,0
sa_6864594.jpg,tennis_player,1,0,0
sa_9867377.jpg,laborer,1,1,0
sa_8690252.jpg,speaker,0,0,0
sa_9138598.jpg,backpacker,0,0,0
sa_6610175.jpg,tennis_player,0,0,0
sa_339730.jpg,repairman,0,1,0
sa_5711391.jpg,lawman,0,1,0
sa_2571078.jpg,farmer,0,1,0
sa_10906474.jpg,tennis_player,0,0,0
sa_434809.jpg,lawman,0,0,0
sa_9859293.jpg,backpacker,1,0,0
sa_9988330.jpg,laborer,0,0,0
sa_2296912.jpg,painter,1,1,0
sa_220152.jpg,prayer,0,2,0
sa_58601.jpg,disk_jockey,0,0,0
sa_802681.jpg,dancer,0,1,0
sa_2393138.jpg,waiter,1,2,0
sa_9113297.jpg,seller,1,1,0
sa_5875763.jpg,retailer,0,1,1
sa_5732874.jpg,farmer,1,0,0
sa_7232532.jpg,guard,0,0,0
sa_3710335.jpg,guard,0,2,0
sa_8739219.jpg,student,0,0,0
sa_9270831.jpg,tennis_player,1,1,0
sa_3339255.jpg,computer_user,1,1,0
sa_8945308.jpg,referee,0,1,0
sa_931490.jpg,gymnast,1,0,0
sa_268278.jpg,basketball_player,0,1,0
sa_4357350.jpg,guitarist,0,1,1
sa_1275898.jpg,machinist,0,0,0
sa_2639664.jpg,speaker,0,0,0
sa_10707244.jpg,tennis_player,1,0,0
sa_8664044.jpg,computer_user,0,0,0
sa_7002532.jpg,laborer,0,1,0
sa_305029.jpg,repairman,0,1,0
sa_8519396.jpg,craftsman,0,0,0
sa_9596939.jpg,referee,0,0,0
sa_8611046.jpg,speaker,0,0,0
sa_4555418.jpg,runner,0,0,0
sa_24809.jpg,ballplayer,0,1,0
sa_412740.jpg,runner,0,1,0
sa_9153018.jpg,computer_user,0,0,0
sa_8386862.jpg,horseman,1,1,0
sa_5380937.jpg,nurse,0,1,0
sa_771564.jpg,student,0,0,0
sa_10183228.jpg,boatman,0,0,0
sa_580887.jpg,singer,1,0,0
sa_1096253.jpg,referee,0,1,0
sa_2720344.jpg,seller,0,0,0
sa_3582925.jpg,lawman,0,1,0
sa_5143093.jpg,retailer,0,1,0
sa_6168229.jpg,horseman,1,0,0
sa_6306893.jpg,carpenter,0,1,0
sa_9924940.jpg,boatman,1,1,0
sa_9483869.jpg,dancer,1,0,0
sa_7533374.jpg,singer,1,0,0
sa_10799666.jpg,gardener,0,0,0
sa_9804711.jpg,gardener,0,1,1
sa_230698.jpg,farmer,0,1,0
sa_438801.jpg,singer,0,0,0
sa_10778841.jpg,repairman,0,1,0
sa_2158255.jpg,machinist,0,1,0
sa_7598890.jpg,seller,0,1,0
sa_9784174.jpg,gardener,0,0,0
sa_695568.jpg,guitarist,0,0,0
sa_6804085.jpg,farmer,0,1,0
sa_6086266.jpg,guard,0,0,0
sa_9538706.jpg,computer_user,1,0,0
sa_6767467.jpg,boatman,1,0,0
sa_4892742.jpg,singer,0,1,0
sa_1008095.jpg,speaker,0,0,1
sa_4362249.jpg,teacher,0,0,0
sa_5955754.jpg,speaker,0,1,0
sa_1526686.jpg,tennis_player,1,1,0
sa_7807377.jpg,hairdresser,1,1,0
sa_1911252.jpg,speaker,0,0,0
sa_360716.jpg,skateboarder,0,1,0
sa_8003763.jpg,speaker,0,0,0
sa_6035884.jpg,tennis_player,1,0,0
sa_3117852.jpg,repairman,0,0,0
sa_7522074.jpg,computer_user,0,0,0
sa_7010264.jpg,tennis_player,0,1,0
sa_1960888.jpg,tennis_player,0,0,0
sa_6994514.jpg,lifeguard,0,0,0
sa_3244388.jpg,soldier,0,0,1
sa_8517848.jpg,soccer_player,0,2,0
sa_1460374.jpg,machinist,0,1,0
sa_2093602.jpg,hairdresser,0,1,0
sa_2572508.jpg,gardener,0,1,0
sa_9703657.jpg,nurse,1,1,0
sa_5639457.jpg,hairdresser,0,1,0
sa_6180727.jpg,tennis_player,0,1,0
sa_1148338.jpg,gymnast,1,0,0
sa_3711816.jpg,speaker,0,1,0
sa_6751658.jpg,speaker,0,0,1
sa_7870593.jpg,repairman,0,1,0
sa_1190403.jpg,boatman,0,0,0
sa_7352082.jpg,gardener,0,1,1
sa_5545584.jpg,laborer,1,1,0
sa_6677329.jpg,soccer_player,0,0,0
sa_2316676.jpg,hairdresser,1,0,0
sa_965210.jpg,singer,1,0,0
sa_5111731.jpg,fireman,0,0,0
sa_8051226.jpg,guitarist,0,1,0
sa_4613363.jpg,motorcyclist,1,1,0
sa_5701325.jpg,farmer,1,1,0
sa_8157144.jpg,retailer,0,1,0
sa_2434634.jpg,lifeguard,0,0,0
sa_3476307.jpg,skateboarder,0,0,0
sa_1815871.jpg,referee,0,1,0
sa_793119.jpg,basketball_player,0,2,0
sa_6334011.jpg,guard,0,0,0
sa_3547449.jpg,runner,0,0,0
sa_5107115.jpg,climber,0,0,0
sa_8623358.jpg,lawman,0,2,0
sa_9390796.jpg,bartender,0,1,0
sa_9313250.jpg,sculptor,0,1,0
sa_4707718.jpg,guard,0,0,0
sa_3151372.jpg,nurse,0,1,0
sa_6762550.jpg,singer,0,1,1
sa_6318851.jpg,lawman,0,1,0
sa_4613567.jpg,disk_jockey,0,2,0
sa_6818135.jpg,ballplayer,0,0,0
sa_4797795.jpg,speaker,1,0,0
sa_482390.jpg,soccer_player,0,0,0
sa_5989376.jpg,gymnast,1,0,0
sa_4682186.jpg,motorcyclist,1,1,0
sa_8046315.jpg,lawman,0,2,0
sa_279984.jpg,boatman,0,0,1
sa_2023658.jpg,craftsman,0,1,1
sa_3148461.jpg,skateboarder,0,0,0
sa_9785569.jpg,speaker,1,2,0
sa_10924527.jpg,dancer,0,1,0
sa_1912659.jpg,singer,1,0,0
sa_6850905.jpg,reporter,1,1,0
sa_1014047.jpg,disk_jockey,0,0,0
sa_6047072.jpg,repairman,0,0,0
sa_3325192.jpg,prayer,1,0,0
sa_10431219.jpg,seller,0,1,0
sa_6448901.jpg,speaker,0,0,1
sa_10762080.jpg,boatman,1,0,0
sa_3988002.jpg,speaker,0,1,0
sa_3850055.jpg,singer,0,1,0
sa_4508294.jpg,guard,0,1,0
sa_9832318.jpg,painter,0,1,0
sa_2238147.jpg,retailer,0,0,0
sa_1525798.jpg,hairdresser,1,1,0
sa_10305686.jpg,ballplayer,0,2,0
sa_8826762.jpg,nurse,1,1,0
sa_2797910.jpg,gymnast,0,1,0
sa_382464.jpg,craftsman,0,1,0
sa_3093042.jpg,reporter,1,1,0
sa_7671203.jpg,retailer,0,0,0
sa_4909628.jpg,backpacker,1,1,0
sa_6695301.jpg,speaker,0,0,0
sa_9067235.jpg,hairdresser,0,1,0
sa_3044898.jpg,lawman,0,1,0
sa_7945837.jpg,boatman,0,1,0
sa_7216200.jpg,tennis_player,1,1,0
sa_10053092.jpg,tennis_player,1,2,0
sa_2843555.jpg,gardener,0,0,0
sa_3902986.jpg,gymnast,1,1,0
sa_6314177.jpg,lawman,0,0,0
sa_4973888.jpg,speaker,0,1,0
sa_1040080.jpg,singer,0,0,0
sa_8396530.jpg,craftsman,0,1,0
sa_6640507.jpg,skateboarder,0,2,0
sa_10022335.jpg,astronaut,0,1,0
sa_5033647.jpg,retailer,0,1,0
sa_8770613.jpg,tennis_player,0,2,0
sa_6072839.jpg,ballplayer,0,1,0
sa_7226784.jpg,hairdresser,0,1,0
sa_10375474.jpg,skateboarder,0,0,0
sa_7527377.jpg,lawman,0,2,0
sa_8143672.jpg,guard,0,1,0
sa_9696549.jpg,boatman,1,0,0
sa_7979242.jpg,tennis_player,1,1,0
sa_3819228.jpg,climber,0,2,0
sa_3503914.jpg,horseman,0,0,0
sa_8685771.jpg,backpacker,1,0,0
sa_10703906.jpg,hairdresser,0,1,0
sa_10454269.jpg,speaker,1,0,0
sa_5556161.jpg,tennis_player,1,1,0
sa_6926143.jpg,gymnast,0,0,0
sa_2501093.jpg,repairman,0,0,0
sa_6157347.jpg,farmer,1,1,1
sa_6195578.jpg,boatman,1,0,0
sa_3809050.jpg,skateboarder,0,0,0
sa_951035.jpg,soccer_player,0,0,0
sa_3354771.jpg,farmer,0,0,0
sa_2300251.jpg,laborer,0,1,0
sa_10644549.jpg,repairman,0,0,0
sa_1698966.jpg,waiter,0,1,0
sa_3615008.jpg,computer_user,0,1,0
sa_1642336.jpg,dancer,0,1,0
sa_3906487.jpg,guitarist,0,0,0
sa_10905447.jpg,repairman,0,1,0
sa_5720054.jpg,computer_user,1,1,0
sa_215779.jpg,dancer,1,1,0
sa_7228727.jpg,ballplayer,0,1,0
sa_10784040.jpg,backpacker,1,1,0
sa_8702315.jpg,laborer,0,1,0
sa_4139634.jpg,reporter,1,0,0
sa_7300577.jpg,tennis_player,0,0,0
sa_3776247.jpg,seller,1,1,1
sa_6209240.jpg,lawman,0,0,0
sa_4071447.jpg,speaker,0,0,0
sa_8834096.jpg,farmer,0,1,0
sa_2206334.jpg,skateboarder,0,0,0
sa_568931.jpg,nurse,1,1,0
sa_9091932.jpg,tennis_player,0,0,0
sa_2413441.jpg,fireman,0,1,0
sa_1403133.jpg,patient,1,0,1
sa_5651092.jpg,speaker,0,0,1
sa_4447993.jpg,dancer,0,1,0
sa_836717.jpg,doctor,0,1,0
sa_8354110.jpg,lawman,0,0,0
sa_7116721.jpg,trumpeter,0,0,1
sa_1305885.jpg,tennis_player,1,0,0
sa_2696509.jpg,fireman,0,1,0
sa_6233767.jpg,computer_user,0,1,0
sa_10965735.jpg,skateboarder,0,0,0
sa_9038546.jpg,waiter,0,1,0
sa_7381950.jpg,lawman,0,1,0
sa_4456134.jpg,hairdresser,0,1,0
sa_9551417.jpg,laborer,0,1,0
sa_1121373.jpg,speaker,0,0,0
sa_8266124.jpg,boatman,0,0,0
sa_9176183.jpg,tennis_player,0,0,1
sa_1798473.jpg,lawman,0,0,0
sa_9565118.jpg,craftsman,0,0,1
sa_4786497.jpg,painter,1,1,0
sa_7930258.jpg,lifeguard,1,0,0
sa_9504087.jpg,speaker,0,1,0
sa_6174248.jpg,soldier,0,1,0
sa_4528781.jpg,lawman,0,0,0
sa_9314634.jpg,motorcyclist,1,1,0
sa_9613741.jpg,patient,0,0,0
sa_9168495.jpg,trumpeter,1,0,0
sa_5795905.jpg,laborer,1,1,0
sa_1064211.jpg,soldier,0,1,0
sa_391443.jpg,gardener,1,0,1
sa_3107644.jpg,climber,0,0,0
sa_7104886.jpg,prayer,0,1,0
sa_1589060.jpg,repairman,0,1,0
sa_4677839.jpg,tennis_player,0,2,0
sa_4570103.jpg,retailer,0,1,0
sa_6716195.jpg,tennis_player,0,1,0
sa_1982619.jpg,skateboarder,0,1,0
sa_1215620.jpg,nurse,0,1,0
sa_7711635.jpg,speaker,0,0,0
sa_1445044.jpg,speaker,1,1,0
sa_7900209.jpg,waiter,0,1,0
sa_7136727.jpg,patient,1,0,0
sa_290354.jpg,backpacker,1,0,0
sa_10789875.jpg,boatman,1,1,0
sa_3763997.jpg,boatman,1,1,0
sa_4332662.jpg,farmer,1,0,1
sa_9359302.jpg,lawman,0,0,0
sa_8293782.jpg,machinist,0,0,0
sa_206014.jpg,patient,1,0,0
sa_833086.jpg,motorcyclist,1,1,0
sa_10620705.jpg,speaker,0,1,0
sa_4528641.jpg,lawman,0,0,0
sa_8935203.jpg,carpenter,0,2,1
sa_7271349.jpg,motorcyclist,1,1,0
sa_41204.jpg,dancer,1,1,0
sa_10257608.jpg,ballplayer,0,0,0
sa_5052306.jpg,repairman,0,1,0
sa_9554760.jpg,prayer,0,1,0
sa_5318109.jpg,singer,0,0,0
sa_2917287.jpg,backpacker,0,1,0
sa_6375637.jpg,singer,0,2,0
sa_1847651.jpg,prayer,1,1,1
sa_7407958.jpg,motorcyclist,0,0,0
sa_2231078.jpg,prayer,0,0,0
sa_5236617.jpg,guitarist,1,1,0
sa_5905339.jpg,speaker,0,1,0
sa_7496130.jpg,seller,0,1,0
sa_4854565.jpg,guard,0,0,0
sa_5822963.jpg,lifeguard,0,0,0
sa_3528543.jpg,boatman,0,1,1
sa_2980737.jpg,laborer,0,1,0
sa_2513835.jpg,painter,0,0,0
sa_3482029.jpg,craftsman,1,0,0
sa_2835994.jpg,prayer,0,1,0
sa_6695294.jpg,ballplayer,0,1,0
sa_7317173.jpg,speaker,0,1,0
sa_1299584.jpg,seller,0,1,0
sa_5274089.jpg,skateboarder,0,0,0
sa_11088481.jpg,guitarist,0,1,0
sa_6953193.jpg,electrician,0,0,0
sa_1504843.jpg,carpenter,0,0,1
sa_6370858.jpg,flutist,0,1,1
sa_10733336.jpg,gymnast,0,0,0
sa_2613318.jpg,sculptor,0,0,0
sa_2859420.jpg,craftsman,0,0,0
sa_8371400.jpg,singer,0,1,0
sa_3854381.jpg,horseman,0,1,1
sa_7268530.jpg,tennis_player,0,0,0
sa_5760471.jpg,soccer_player,0,0,0
sa_9164591.jpg,seller,0,2,0
sa_3413208.jpg,student,0,1,0
sa_5811286.jpg,farmer,1,0,0
sa_2657033.jpg,repairman,0,1,0
sa_7385507.jpg,lawman,0,1,0
sa_10756316.jpg,backpacker,0,1,0
sa_10825521.jpg,singer,0,0,0
sa_4087688.jpg,farmer,0,2,1
sa_636269.jpg,sculptor,0,1,1
sa_5656203.jpg,tennis_player,0,0,0
sa_1908252.jpg,skateboarder,0,1,0
sa_1592267.jpg,craftsman,1,1,0
sa_3595009.jpg,craftsman,0,1,0
sa_5113917.jpg,runner,0,1,0
sa_9251079.jpg,tennis_player,1,0,0
sa_7768214.jpg,speaker,0,0,0
sa_1020299.jpg,retailer,1,1,0
sa_9507779.jpg,speaker,0,0,1
sa_5601654.jpg,farmer,0,1,0
sa_7212120.jpg,ballplayer,0,1,0
sa_8844225.jpg,tennis_player,1,0,0
sa_4978920.jpg,gardener,0,1,0
sa_750176.jpg,skateboarder,0,0,0
sa_2069389.jpg,ballplayer,0,1,0
sa_1669832.jpg,guitarist,0,0,0
sa_9288449.jpg,guitarist,0,0,0
sa_5575349.jpg,speaker,0,1,0
sa_8944625.jpg,sculptor,0,1,1
sa_9037519.jpg,gymnast,1,0,0
sa_10417989.jpg,seller,0,1,0
sa_1895474.jpg,craftsman,0,1,0
sa_44198.jpg,speaker,0,1,1
sa_1475431.jpg,guitarist,0,0,0
sa_2813375.jpg,guitarist,0,0,0
sa_4681797.jpg,backpacker,0,1,1
sa_1504821.jpg,speaker,1,1,0
sa_7390584.jpg,repairman,0,1,0
sa_2199209.jpg,prayer,0,0,0
sa_7648746.jpg,teacher,1,0,0
sa_802657.jpg,drummer,0,0,0
sa_10283047.jpg,farmer,0,2,0
sa_7073171.jpg,horseman,0,0,0
sa_9128433.jpg,sculptor,0,1,1
sa_9052809.jpg,speaker,0,0,0
sa_2013653.jpg,speaker,0,0,0
sa_10116216.jpg,dancer,1,1,0
sa_1870402.jpg,guitarist,0,0,0
sa_886988.jpg,boatman,1,1,0
sa_9905339.jpg,skateboarder,0,1,0
sa_7787449.jpg,guitarist,0,2,0
sa_1257406.jpg,seller,0,1,0
sa_9716741.jpg,dancer,0,2,0
sa_5435560.jpg,motorcyclist,0,1,0
sa_1546326.jpg,ballplayer,1,0,0
sa_8507179.jpg,gardener,1,1,0
sa_8382558.jpg,laborer,0,2,0
sa_10084835.jpg,craftsman,1,0,0
sa_1312211.jpg,speaker,0,1,0
sa_1919972.jpg,motorcyclist,0,0,1
sa_4520829.jpg,laborer,0,1,0
sa_2442521.jpg,boatman,1,1,0
sa_1286468.jpg,guitarist,0,0,0
sa_8373215.jpg,boatman,1,0,0
sa_713366.jpg,painter,1,1,0
sa_4810027.jpg,dancer,1,0,0
sa_9566562.jpg,farmer,1,2,0
sa_6388238.jpg,lawman,0,1,0
sa_1883994.jpg,craftsman,0,1,1
sa_1062839.jpg,soccer_player,0,1,0
sa_3750980.jpg,farmer,0,1,1
sa_8818237.jpg,horseman,0,0,0
sa_8360551.jpg,soccer_player,0,1,0
sa_5707902.jpg,seller,0,1,1
sa_93082.jpg,speaker,0,1,0
sa_3539370.jpg,painter,0,1,1
sa_1585321.jpg,nurse,1,0,0
sa_4978955.jpg,computer_user,1,0,0
sa_4164549.jpg,skateboarder,1,0,0
sa_7927694.jpg,singer,1,0,0
sa_8319454.jpg,gymnast,1,0,0
sa_3504221.jpg,dancer,1,0,0
sa_3027023.jpg,computer_user,0,1,0
sa_4938332.jpg,drummer,0,1,0
sa_3426202.jpg,ballplayer,0,1,0
sa_2770977.jpg,gymnast,1,1,0
sa_2274121.jpg,retailer,0,1,0
sa_7311649.jpg,boatman,1,0,0
sa_7073111.jpg,dancer,1,0,0
sa_3957809.jpg,seller,1,1,0
sa_3705760.jpg,tennis_player,1,0,0
sa_361926.jpg,speaker,0,0,1
sa_10392402.jpg,lawman,0,0,0
sa_5502345.jpg,trumpeter,0,1,0
sa_4231805.jpg,motorcyclist,0,1,0
sa_9582529.jpg,horseman,1,1,0
sa_5017506.jpg,reporter,1,0,0
sa_500232.jpg,soldier,0,1,0
sa_1322145.jpg,soldier,0,1,0
sa_5963034.jpg,nurse,1,0,0
sa_10775998.jpg,guard,0,0,0
sa_2340824.jpg,seller,0,0,0
sa_9654175.jpg,retailer,0,1,0
sa_9478032.jpg,seller,0,0,0
sa_8196915.jpg,teacher,1,1,0
sa_6203257.jpg,waiter,0,0,0
sa_1233528.jpg,referee,1,0,0
sa_1026954.jpg,waiter,0,1,1
sa_9055103.jpg,horseman,0,1,1
sa_2569509.jpg,patient,1,1,0
sa_6713578.jpg,ballplayer,0,1,0
sa_6230421.jpg,dancer,0,0,0
sa_4935868.jpg,hairdresser,0,0,0
sa_6699668.jpg,singer,0,0,0
sa_6135369.jpg,painter,0,0,0
sa_2936032.jpg,boatman,0,1,0
sa_4070078.jpg,painter,0,0,1
sa_5564082.jpg,lawman,0,1,0
sa_6957272.jpg,basketball_player,0,1,0
sa_3770966.jpg,repairman,0,1,0
sa_2015034.jpg,lawman,0,0,0
sa_7142256.jpg,fireman,0,1,0
sa_6419137.jpg,backpacker,0,1,1
sa_234852.jpg,speaker,0,1,1
sa_10027913.jpg,guard,0,0,0
sa_10171005.jpg,hairdresser,1,0,0
sa_1758323.jpg,repairman,0,1,0
sa_5797012.jpg,speaker,1,0,0
sa_9428745.jpg,nurse,1,1,0
sa_9477808.jpg,horseman,0,1,0
sa_9976075.jpg,speaker,0,0,0
sa_5912398.jpg,guitarist,0,1,0
sa_5867317.jpg,tennis_player,0,0,0
sa_2795395.jpg,repairman,0,1,0
sa_6912021.jpg,referee,0,0,0
sa_4155185.jpg,craftsman,0,1,0
sa_8622881.jpg,horseman,1,1,0
sa_5117808.jpg,patient,0,0,0
sa_8211424.jpg,singer,0,1,1
sa_6428911.jpg,speaker,1,1,0
sa_8605616.jpg,repairman,0,0,0
sa_11079778.jpg,guitarist,0,1,0
sa_3576170.jpg,tennis_player,1,1,0
sa_10472939.jpg,doctor,0,1,0
sa_9161196.jpg,tennis_player,0,1,0
sa_10231650.jpg,lawman,0,0,0
sa_8582331.jpg,singer,1,1,0
sa_2376280.jpg,lawman,0,0,0
sa_9615131.jpg,seller,0,0,0
sa_3800437.jpg,laborer,0,2,0
sa_11080656.jpg,seller,0,0,0
sa_2025289.jpg,boatman,0,1,0
sa_2092392.jpg,lifeguard,0,1,0
sa_7339805.jpg,computer_user,0,1,0
sa_8635461.jpg,carpenter,0,0,0
sa_10082959.jpg,tennis_player,1,0,0
sa_11065924.jpg,computer_user,0,0,0
sa_2373057.jpg,patient,0,1,1
sa_4421728.jpg,retailer,1,0,0
sa_1041249.jpg,retailer,0,1,0
sa_3158987.jpg,farmer,0,0,0
sa_9445282.jpg,laborer,0,1,0
sa_4674583.jpg,lawman,1,0,0
sa_8902247.jpg,student,1,0,0
sa_7965961.jpg,nurse,0,0,0
sa_7021807.jpg,laborer,0,2,0
sa_3964598.jpg,ballplayer,0,1,0
sa_4489817.jpg,computer_user,1,0,0
sa_7113935.jpg,farmer,0,1,0
sa_8835197.jpg,ballplayer,0,1,0
sa_10644753.jpg,backpacker,0,1,0
sa_1279427.jpg,nurse,0,1,0
sa_5625107.jpg,speaker,1,0,0
sa_7040150.jpg,doctor,0,1,0
sa_1622761.jpg,repairman,0,1,0
sa_1882125.jpg,electrician,0,0,0
sa_4770537.jpg,repairman,0,1,0
sa_1326670.jpg,referee,0,0,0
sa_9436652.jpg,gardener,1,1,0
sa_5251605.jpg,skateboarder,0,0,0
sa_5874577.jpg,laborer,0,1,0
sa_4409716.jpg,speaker,0,0,0
sa_643289.jpg,basketball_player,0,1,0
sa_6821199.jpg,repairman,0,1,0
sa_9859655.jpg,skateboarder,0,1,0
sa_1006472.jpg,astronaut,0,0,0
sa_10882049.jpg,patient,0,2,1
sa_2059726.jpg,fireman,0,1,1
sa_2498335.jpg,singer,1,1,0
sa_5778553.jpg,guard,0,1,0
sa_8634490.jpg,tennis_player,1,0,0
sa_10522904.jpg,patient,0,0,0
sa_10537521.jpg,speaker,0,0,1
sa_3976203.jpg,drummer,0,2,0
sa_7034940.jpg,repairman,0,0,0
sa_2363276.jpg,seller,1,0,0
sa_3871622.jpg,tennis_player,1,0,0
sa_3941097.jpg,soldier,0,1,0
sa_5487112.jpg,gardener,0,1,0
sa_1129617.jpg,flutist,0,0,0
sa_10340957.jpg,prayer,0,1,1
sa_6888720.jpg,craftsman,0,1,0
sa_8796993.jpg,gymnast,1,1,0
sa_4338157.jpg,singer,0,0,0
sa_6421014.jpg,lawman,0,1,0
sa_2947582.jpg,painter,1,1,0
sa_10007979.jpg,craftsman,1,1,1
sa_2026482.jpg,dancer,0,0,0
sa_8585399.jpg,guitarist,0,1,0
sa_3399494.jpg,lawman,0,0,0
sa_4295127.jpg,retailer,1,1,1
sa_9540968.jpg,farmer,0,1,0
sa_8921675.jpg,dancer,1,0,0
sa_1482404.jpg,lawman,0,0,0
sa_5125928.jpg,singer,0,1,0
sa_11153685.jpg,doctor,1,0,0
sa_2578941.jpg,painter,0,1,0
sa_2033275.jpg,skateboarder,0,1,0
sa_4957888.jpg,speaker,0,0,0
sa_11060654.jpg,waiter,1,0,0
sa_519314.jpg,lawman,0,1,0
sa_5285394.jpg,speaker,0,0,0
sa_11010287.jpg,skateboarder,0,1,0
sa_282217.jpg,computer_user,0,0,0
sa_7977809.jpg,guard,0,0,0
sa_8028722.jpg,backpacker,1,0,0
sa_10009569.jpg,waiter,1,0,0
sa_3227629.jpg,retailer,0,1,0
sa_5126329.jpg,soldier,0,1,0
sa_8223148.jpg,electrician,0,0,0
sa_4005020.jpg,carpenter,0,0,1
sa_6833512.jpg,tennis_player,0,1,0
sa_9823876.jpg,student,0,0,0
sa_5170975.jpg,dancer,1,0,0
sa_8109749.jpg,guitarist,0,1,0
sa_9563054.jpg,climber,1,1,0
sa_488012.jpg,tennis_player,1,1,0
sa_7207803.jpg,patient,1,1,1
sa_5066533.jpg,lawman,0,1,0
sa_10449301.jpg,dancer,1,1,0
sa_8939426.jpg,guitarist,0,1,0
sa_4836610.jpg,computer_user,1,0,0
sa_5521678.jpg,retailer,0,0,0
sa_7259506.jpg,horseman,1,0,0
sa_8069367.jpg,computer_user,0,0,0
sa_2916540.jpg,lawman,0,0,0
sa_9573700.jpg,singer,0,1,0
sa_2803574.jpg,craftsman,0,0,0
sa_6117819.jpg,painter,0,2,0
sa_10231328.jpg,laborer,0,1,0
sa_7926787.jpg,tennis_player,0,1,0
sa_8325701.jpg,referee,0,0,0
sa_215080.jpg,gardener,1,0,0
sa_3338197.jpg,repairman,0,1,0
sa_127658.jpg,ballplayer,0,0,0
sa_309799.jpg,basketball_player,1,0,0
sa_9189182.jpg,tennis_player,0,1,0
sa_9843878.jpg,tennis_player,1,1,0
sa_4284332.jpg,speaker,1,1,0
sa_9711760.jpg,speaker,0,1,1
sa_3767394.jpg,boatman,1,1,0
sa_8605216.jpg,guard,1,0,0
sa_5310076.jpg,soccer_player,0,1,0
sa_7772297.jpg,singer,1,1,0
sa_3284175.jpg,painter,0,1,1
sa_8664899.jpg,computer_user,0,0,0
sa_11135597.jpg,speaker,0,1,1
sa_295645.jpg,runner,0,1,0
sa_1735173.jpg,gymnast,1,0,0
sa_2300182.jpg,reporter,0,1,0
sa_3150287.jpg,boatman,0,1,0
sa_3942777.jpg,seller,0,1,0
sa_3576766.jpg,sculptor,1,0,0
sa_1747233.jpg,runner,0,0,0
sa_9475998.jpg,lawman,0,1,0
sa_1996926.jpg,guard,0,1,1
sa_1379751.jpg,waiter,0,0,0
sa_5429541.jpg,craftsman,1,0,1
sa_728907.jpg,computer_user,0,1,0
sa_5346629.jpg,basketball_player,0,1,0
sa_3812761.jpg,nurse,1,1,0
sa_8262003.jpg,motorcyclist,1,1,0
sa_3826401.jpg,singer,0,0,0
sa_9476949.jpg,lawman,0,2,0
sa_7148372.jpg,laborer,0,1,0
sa_10583681.jpg,singer,0,1,0
sa_3802540.jpg,repairman,0,1,0
sa_7704770.jpg,speaker,0,0,1
sa_3626094.jpg,speaker,1,0,0
sa_9627142.jpg,ballplayer,0,2,0
sa_9310905.jpg,laborer,0,1,0
sa_9559070.jpg,tennis_player,0,1,0
sa_1952015.jpg,hairdresser,1,1,1
sa_10089249.jpg,guitarist,0,1,0
sa_10851167.jpg,nurse,0,1,0
sa_3264784.jpg,singer,0,1,0
sa_4924096.jpg,runner,0,1,0
sa_9979130.jpg,guard,0,1,0
sa_699197.jpg,soccer_player,0,1,0
sa_5186389.jpg,painter,0,0,0
sa_270183.jpg,electrician,0,1,0
sa_5649885.jpg,gardener,0,1,0
sa_143148.jpg,reporter,0,0,0
sa_1235033.jpg,backpacker,0,1,1
sa_5956932.jpg,horseman,0,1,0
sa_5134030.jpg,guitarist,0,1,0
sa_8560460.jpg,referee,0,1,0
sa_7844300.jpg,retailer,1,1,0
sa_184579.jpg,gymnast,1,0,0
sa_1095684.jpg,singer,0,1,0
sa_6729686.jpg,farmer,0,1,0
sa_8091799.jpg,boatman,1,0,0
sa_5807126.jpg,laborer,0,1,0
sa_8587845.jpg,speaker,0,0,0
sa_4458322.jpg,teacher,0,0,0
sa_278793.jpg,craftsman,0,1,1
sa_8898403.jpg,skateboarder,0,0,0
sa_11058240.jpg,speaker,0,0,0
sa_1168433.jpg,laborer,0,0,0
sa_2208318.jpg,fireman,0,1,0
sa_10162808.jpg,guitarist,0,0,0
sa_761497.jpg,cheerleader,1,0,0
sa_6630743.jpg,lawman,0,1,1
sa_2987437.jpg,speaker,1,1,0
sa_1740262.jpg,drummer,1,1,0
sa_5289608.jpg,lifeguard,1,1,0
sa_6468837.jpg,prayer,1,1,0
sa_7062272.jpg,tennis_player,0,1,0
sa_5134787.jpg,trumpeter,0,1,0
sa_5235024.jpg,referee,0,0,0
sa_1294950.jpg,ballplayer,0,1,0
sa_3395306.jpg,cheerleader,1,1,0
sa_10498589.jpg,computer_user,0,2,0
sa_243057.jpg,singer,1,1,0
sa_4300835.jpg,motorcyclist,0,1,0
sa_8368197.jpg,speaker,0,0,0
sa_6515832.jpg,craftsman,0,1,0
sa_9813586.jpg,speaker,0,0,0
sa_10481434.jpg,tennis_player,1,1,0
sa_5885714.jpg,patient,0,0,0
sa_7095587.jpg,singer,1,0,0
sa_9824762.jpg,computer_user,1,0,0
sa_393546.jpg,painter,1,0,0
sa_9908332.jpg,lawman,0,1,0
sa_8260290.jpg,laborer,0,1,0
sa_8815709.jpg,ballplayer,0,0,0
sa_5881369.jpg,ballplayer,1,1,0
sa_9273906.jpg,repairman,0,0,1
sa_7711374.jpg,tennis_player,0,1,0
sa_8705286.jpg,gardener,0,1,0
sa_6010543.jpg,speaker,0,0,0
sa_6477036.jpg,boatman,0,1,0
sa_1202930.jpg,guitarist,0,0,0
sa_6652689.jpg,judge,1,1,0
sa_7604601.jpg,tennis_player,0,1,0
sa_3091305.jpg,retailer,1,2,0
sa_9301424.jpg,computer_user,1,0,0
sa_1154598.jpg,machinist,0,1,0
sa_2885714.jpg,seller,0,1,0
sa_8722813.jpg,lawman,0,0,0
sa_5024327.jpg,carpenter,0,1,0
sa_442594.jpg,guard,0,0,0
sa_5747027.jpg,boatman,1,1,0
sa_185255.jpg,laborer,0,1,0
sa_6475930.jpg,farmer,0,1,1
sa_7221845.jpg,singer,0,1,0
sa_2599032.jpg,hairdresser,1,1,0
sa_10516370.jpg,carpenter,0,1,0
sa_1103192.jpg,painter,0,1,0
sa_9334043.jpg,fireman,0,1,0
sa_5222679.jpg,speaker,0,0,0
sa_2892396.jpg,boatman,1,0,0
sa_5107547.jpg,climber,1,0,0
sa_4545402.jpg,boatman,1,1,0
sa_2222887.jpg,computer_user,0,0,0
sa_9039289.jpg,speaker,0,1,0
sa_2456009.jpg,lawman,0,0,0
sa_10315696.jpg,lifeguard,0,0,0
sa_3361160.jpg,computer_user,1,0,0
sa_3915502.jpg,motorcyclist,1,0,0
sa_1141437.jpg,lawman,0,1,0
sa_2863240.jpg,repairman,0,0,0
sa_65743.jpg,dancer,1,2,0
sa_2951692.jpg,basketball_player,0,0,0
sa_7038932.jpg,backpacker,0,0,0
sa_4915141.jpg,reporter,0,0,0
sa_2111165.jpg,farmer,1,1,0
sa_7783975.jpg,soldier,0,1,0
sa_3926427.jpg,laborer,0,2,0
sa_637201.jpg,lawman,0,0,0
sa_2580064.jpg,guitarist,0,0,0
sa_10681704.jpg,lifeguard,1,0,0
sa_7737168.jpg,speaker,0,0,0
sa_6763195.jpg,speaker,0,0,0
sa_10197065.jpg,gymnast,0,1,0
sa_5022514.jpg,tennis_player,0,1,0
sa_8183514.jpg,dancer,1,1,0
sa_6650095.jpg,painter,0,1,0
sa_6732433.jpg,laborer,0,1,0
sa_8644429.jpg,seller,1,1,0
sa_9298901.jpg,laborer,0,0,0
sa_5892113.jpg,tennis_player,0,0,0
sa_11108234.jpg,boatman,0,1,0
sa_7519181.jpg,craftsman,0,1,0
sa_1706581.jpg,basketball_player,0,2,0
sa_4725.jpg,lawman,0,1,1
sa_5595082.jpg,retailer,0,0,0
sa_346898.jpg,tennis_player,0,0,0
sa_6365246.jpg,repairman,0,1,0
sa_4442989.jpg,laborer,0,1,0
sa_5125415.jpg,astronaut,0,0,0
sa_4870349.jpg,dancer,0,0,0
sa_4804290.jpg,craftsman,0,1,0
sa_3598168.jpg,laborer,1,2,1
sa_8458399.jpg,guitarist,0,0,0
sa_8408571.jpg,gardener,0,1,1
sa_1912610.jpg,laborer,0,0,0
sa_7375791.jpg,guitarist,0,1,0
sa_5543116.jpg,retailer,0,0,1
sa_4301511.jpg,basketball_player,0,0,0
sa_6638684.jpg,repairman,0,1,0
sa_6492644.jpg,seller,0,1,1
sa_2997969.jpg,seller,0,0,0
sa_5377426.jpg,backpacker,0,1,0
sa_7374365.jpg,horseman,0,0,0
sa_10352048.jpg,fireman,0,0,0
sa_9485650.jpg,motorcyclist,0,0,1
sa_3967191.jpg,lawman,0,1,0
sa_9042900.jpg,lawman,0,1,0
sa_6943853.jpg,tennis_player,1,1,0
sa_4613159.jpg,basketball_player,0,0,0
sa_5904025.jpg,lawman,0,0,1
sa_9676703.jpg,gymnast,0,0,0
sa_10246841.jpg,carpenter,0,0,0
sa_6073287.jpg,speaker,0,1,0
sa_2660158.jpg,lawman,0,1,0
sa_285977.jpg,soccer_player,0,0,0
sa_8353434.jpg,lawman,1,1,0
sa_2042242.jpg,tennis_player,1,1,0
sa_2089512.jpg,tennis_player,0,0,0
sa_3603389.jpg,seller,0,1,0
sa_1690055.jpg,boatman,0,1,0
sa_6040712.jpg,soldier,0,1,0
sa_3306596.jpg,speaker,0,0,0
sa_301271.jpg,lifeguard,0,1,0
sa_2484670.jpg,horseman,1,0,0
sa_1760408.jpg,gymnast,1,0,0
sa_181240.jpg,skateboarder,0,1,0
sa_10932254.jpg,speaker,0,0,1
sa_8236197.jpg,gymnast,0,0,0
sa_6206180.jpg,farmer,1,1,0
sa_5795442.jpg,painter,1,1,0
sa_9603108.jpg,ballplayer,1,1,0
sa_5024766.jpg,waiter,1,1,0
sa_8115400.jpg,singer,0,0,0
sa_105731.jpg,guitarist,0,1,0
sa_9780233.jpg,gardener,1,0,0
sa_3386811.jpg,horseman,1,1,0
sa_7736075.jpg,speaker,1,1,0
sa_1812629.jpg,ballplayer,0,0,0
sa_10983759.jpg,backpacker,0,0,0
sa_9384881.jpg,laborer,0,1,0
sa_1822052.jpg,guard,0,0,0
sa_3055672.jpg,seller,0,0,1
sa_8704335.jpg,singer,0,0,0
sa_478021.jpg,nurse,1,0,0
sa_2270164.jpg,guard,0,0,0
sa_2407728.jpg,retailer,0,1,0
sa_7909333.jpg,guard,0,1,0
sa_9798002.jpg,laborer,0,1,0
sa_10313454.jpg,backpacker,0,1,0
sa_4344455.jpg,boatman,1,1,1
sa_10871938.jpg,tennis_player,0,1,0
sa_2511562.jpg,speaker,0,2,0
sa_9494085.jpg,repairman,0,1,0
sa_2118730.jpg,lawman,0,0,0
sa_4790913.jpg,singer,1,1,0
sa_4357347.jpg,lifeguard,0,1,0
sa_1768088.jpg,soldier,0,1,0
sa_9107589.jpg,craftsman,1,0,0
sa_9853630.jpg,computer_user,0,1,0
sa_3262247.jpg,soldier,0,1,0
sa_7282473.jpg,prayer,0,1,1
sa_7898068.jpg,computer_user,1,0,0
sa_2738469.jpg,drummer,0,0,0
sa_7213270.jpg,guitarist,0,0,0
sa_6218726.jpg,speaker,0,0,0
sa_2790167.jpg,boatman,0,0,0
sa_10784287.jpg,basketball_player,0,0,0
sa_2941193.jpg,repairman,0,1,1
sa_9087577.jpg,lawman,0,1,0
sa_8195091.jpg,nurse,1,1,0
sa_10685592.jpg,hairdresser,0,1,0
sa_9238950.jpg,backpacker,0,1,0
sa_137918.jpg,sculptor,0,1,0
sa_11061175.jpg,craftsman,0,1,0
sa_2195830.jpg,speaker,0,0,0
sa_6503210.jpg,repairman,0,1,0
sa_5663227.jpg,guard,0,0,0
sa_7537684.jpg,skateboarder,0,0,0
sa_3778784.jpg,gardener,1,0,0
sa_5110954.jpg,lawman,0,0,0
sa_4490073.jpg,guitarist,0,0,0
sa_4184648.jpg,seller,0,1,0
sa_2103115.jpg,boatman,1,1,0
sa_5437131.jpg,farmer,0,1,1
sa_1735461.jpg,laborer,0,1,0
sa_5413159.jpg,seller,1,1,0
sa_9078060.jpg,prayer,0,1,0
sa_4064774.jpg,farmer,0,1,1
sa_6738939.jpg,waiter,0,1,0
sa_9712159.jpg,lawman,0,0,0
sa_7846708.jpg,lawman,0,0,0
sa_2364123.jpg,skateboarder,0,0,0
sa_10840156.jpg,guitarist,0,1,1
sa_54678.jpg,farmer,1,1,0
sa_9718014.jpg,tennis_player,0,0,0
sa_5860144.jpg,boatman,0,1,0
sa_3608345.jpg,horseman,0,0,0
sa_2298848.jpg,farmer,1,0,1
sa_2484286.jpg,speaker,0,0,1
sa_7882737.jpg,hairdresser,1,0,0
sa_4890347.jpg,horseman,1,0,0
sa_9390901.jpg,skateboarder,1,1,0
sa_3491849.jpg,laborer,0,1,0
sa_8942635.jpg,painter,0,1,0
sa_703046.jpg,retailer,0,1,0
sa_9683472.jpg,dancer,1,1,0
sa_5693027.jpg,soldier,0,1,0
sa_476231.jpg,speaker,0,0,0
sa_10061124.jpg,tennis_player,1,0,0
sa_2589702.jpg,basketball_player,0,0,0
sa_5762940.jpg,horseman,0,1,0
sa_4405407.jpg,nurse,1,1,0
sa_10762520.jpg,computer_user,0,1,0
sa_4678192.jpg,seller,1,1,1
sa_10844236.jpg,runner,0,1,0
sa_456443.jpg,prayer,0,1,0
sa_4379022.jpg,hairdresser,0,1,0
sa_7158214.jpg,tennis_player,1,1,0
sa_10098064.jpg,gymnast,1,0,0
sa_922285.jpg,retailer,0,1,0
sa_550358.jpg,backpacker,1,0,0
sa_1797746.jpg,dancer,0,0,0
sa_1152425.jpg,drummer,0,1,0
sa_3712764.jpg,lawman,0,0,0
sa_755916.jpg,lawman,0,1,0
sa_10129600.jpg,gymnast,1,0,0
sa_8974116.jpg,ballplayer,0,0,0
sa_3096740.jpg,craftsman,0,0,0
sa_6476143.jpg,retailer,0,0,0
sa_9224649.jpg,craftsman,0,1,0
sa_5236881.jpg,lawman,0,1,0
sa_7096884.jpg,soldier,0,0,0
sa_2420390.jpg,painter,0,0,0
sa_2560175.jpg,guard,0,1,0
sa_2144490.jpg,gardener,0,1,1
sa_613691.jpg,guitarist,0,0,0
sa_4353992.jpg,speaker,0,0,0
sa_7470218.jpg,drummer,0,2,0
sa_8359017.jpg,guard,0,1,0
sa_8010119.jpg,boatman,1,1,0
sa_7639262.jpg,singer,0,1,0
sa_2634454.jpg,sculptor,1,1,0
sa_5531276.jpg,horseman,1,0,0
sa_10815779.jpg,speaker,0,0,0
sa_4413868.jpg,tennis_player,0,0,0
sa_487949.jpg,drummer,0,0,0
sa_3043497.jpg,referee,0,0,0
sa_8698676.jpg,lawman,0,1,0
sa_2443741.jpg,soldier,0,1,0
sa_412845.jpg,lifeguard,0,1,0
sa_1825423.jpg,repairman,0,1,0
sa_8075463.jpg,lawman,0,1,1
sa_10062339.jpg,carpenter,0,0,0
sa_9340510.jpg,lawman,0,1,0
sa_9835117.jpg,singer,1,1,0
sa_3743417.jpg,nurse,0,1,0
sa_5485229.jpg,tennis_player,0,1,0
sa_6234119.jpg,farmer,0,1,0
sa_9508069.jpg,backpacker,0,0,0
sa_7344708.jpg,reporter,1,0,0
sa_7066509.jpg,hairdresser,0,1,0
sa_11181719.jpg,skateboarder,0,0,0
sa_4941960.jpg,computer_user,1,1,0
sa_4788005.jpg,gymnast,1,0,0
sa_114735.jpg,lawman,0,1,0
sa_10394555.jpg,disk_jockey,0,0,0
sa_3380484.jpg,backpacker,0,1,0
sa_269703.jpg,teacher,1,1,0
sa_7969905.jpg,backpacker,0,0,0
sa_1946380.jpg,horseman,1,0,0
sa_5694354.jpg,tennis_player,1,0,0
sa_9713683.jpg,lawman,0,2,0
sa_2387753.jpg,electrician,0,0,0
sa_7147347.jpg,guitarist,0,2,0
sa_484113.jpg,speaker,0,1,1
sa_7675918.jpg,horseman,0,1,0
sa_615566.jpg,laborer,0,0,0
sa_1852718.jpg,tennis_player,0,0,0
sa_6520643.jpg,repairman,0,1,0
sa_4592552.jpg,speaker,1,0,0
sa_7528748.jpg,carpenter,0,0,0
sa_7795504.jpg,speaker,0,1,0
sa_6498819.jpg,boatman,1,1,1
sa_9774561.jpg,soccer_player,0,0,0
sa_3120717.jpg,singer,1,0,0
sa_5003273.jpg,machinist,0,0,0
sa_528283.jpg,gymnast,1,1,0
sa_3487271.jpg,skateboarder,0,1,0
sa_4333010.jpg,farmer,0,1,0
sa_1057882.jpg,motorcyclist,1,1,1
sa_5116259.jpg,speaker,0,1,0
sa_2165146.jpg,reporter,0,1,0
sa_1055505.jpg,hairdresser,0,1,0
sa_7624010.jpg,flutist,0,1,0
sa_4839035.jpg,speaker,0,1,0
sa_573605.jpg,student,0,1,0
sa_3062275.jpg,farmer,0,1,0
sa_2464411.jpg,lawman,0,1,0
sa_2618853.jpg,tennis_player,0,1,0
sa_4153147.jpg,farmer,0,1,0
sa_2574228.jpg,farmer,1,1,0
sa_2768467.jpg,backpacker,0,1,0
sa_1676098.jpg,tennis_player,0,1,0
sa_7358254.jpg,craftsman,0,1,0
sa_1717331.jpg,backpacker,0,1,0
sa_10933743.jpg,tennis_player,0,0,0
sa_6453221.jpg,painter,1,1,0
sa_8412410.jpg,electrician,0,1,0
sa_3280631.jpg,painter,0,1,0
sa_10362870.jpg,waiter,1,0,0
sa_4797784.jpg,teacher,0,1,0
sa_10342898.jpg,gardener,0,1,1
sa_1336950.jpg,lawman,0,1,0
sa_1022978.jpg,skateboarder,0,0,0
sa_3264525.jpg,drummer,0,0,0
sa_5632649.jpg,laborer,0,1,0
sa_9156613.jpg,student,0,2,0
sa_4209136.jpg,horseman,0,0,1
sa_7585283.jpg,computer_user,0,1,0
sa_979125.jpg,lawman,0,0,0
sa_2881451.jpg,craftsman,1,1,0
sa_9535544.jpg,climber,0,0,0
sa_9711855.jpg,tennis_player,0,1,0
sa_8976673.jpg,skateboarder,0,1,0
sa_5952091.jpg,nurse,1,0,0
sa_3242338.jpg,lawman,0,0,0
sa_9226568.jpg,lawman,1,1,0
sa_7617303.jpg,lawman,0,1,0
sa_7222394.jpg,skateboarder,0,0,0
sa_6993182.jpg,guard,0,0,0
sa_3502007.jpg,lawman,0,0,0
sa_2279901.jpg,trumpeter,0,0,0
sa_9792449.jpg,backpacker,1,1,0
sa_5934891.jpg,teacher,0,1,0
sa_11091855.jpg,gardener,0,0,1
sa_1460952.jpg,boatman,1,1,0
sa_7801051.jpg,lawman,0,1,0
sa_3636131.jpg,guitarist,0,0,0
sa_8736480.jpg,craftsman,0,0,0
sa_8236689.jpg,laborer,0,1,0
sa_218674.jpg,backpacker,0,0,0
sa_5393994.jpg,repairman,0,1,0
sa_1787881.jpg,tennis_player,0,1,0
sa_3660018.jpg,hairdresser,0,1,0
sa_10163309.jpg,painter,0,1,0
sa_1429056.jpg,speaker,1,0,0
sa_8189414.jpg,tennis_player,0,0,0
sa_1578721.jpg,gymnast,1,0,0
sa_1782190.jpg,horseman,0,0,0
sa_7844565.jpg,drummer,1,1,0
sa_6273532.jpg,patient,1,1,0
sa_748333.jpg,speaker,1,0,0
sa_9748851.jpg,singer,0,1,0
sa_6909608.jpg,disk_jockey,0,1,0
sa_7613589.jpg,sculptor,1,2,0
sa_909938.jpg,lifeguard,0,1,0
sa_2885204.jpg,hairdresser,0,0,0
sa_2283698.jpg,farmer,0,1,1
sa_3452010.jpg,backpacker,0,0,1
sa_9037177.jpg,craftsman,0,0,1
sa_2471987.jpg,guard,0,1,0
sa_10564607.jpg,guitarist,0,1,0
sa_10560543.jpg,speaker,0,0,0
sa_10183748.jpg,tennis_player,1,0,0
sa_8324816.jpg,reporter,0,1,0
sa_7940722.jpg,disk_jockey,0,2,0
sa_4770732.jpg,lawman,1,0,0
sa_10301399.jpg,lawman,0,0,0
sa_9849995.jpg,reporter,0,1,0
sa_1310383.jpg,gardener,0,0,1
sa_3606930.jpg,hairdresser,0,0,0
sa_5604167.jpg,repairman,1,1,0
sa_1526263.jpg,electrician,0,1,0
sa_5345321.jpg,lifeguard,0,0,0
sa_8474251.jpg,climber,0,1,0
sa_9656383.jpg,hairdresser,1,0,0
sa_10064063.jpg,tennis_player,0,0,0
sa_1102981.jpg,hairdresser,0,1,0
sa_6080355.jpg,flutist,0,0,0
sa_9667225.jpg,tennis_player,0,0,0
sa_3264118.jpg,guitarist,1,0,0
sa_9188471.jpg,retailer,0,0,0
sa_9122623.jpg,speaker,0,0,0
sa_5201512.jpg,referee,0,1,0
sa_8037686.jpg,hairdresser,1,0,0
sa_1204253.jpg,singer,1,0,0
sa_4205667.jpg,speaker,0,0,1
sa_4184495.jpg,boatman,1,0,0
sa_6297102.jpg,hairdresser,0,1,1
sa_6339640.jpg,computer_user,0,0,0
sa_692766.jpg,motorcyclist,1,0,0
sa_2613066.jpg,retailer,0,0,0
sa_6664500.jpg,doctor,1,0,0
sa_7614423.jpg,lawman,0,0,0
sa_72134.jpg,patient,0,1,0
sa_8495505.jpg,lawman,1,0,0
sa_3582105.jpg,craftsman,0,0,0
sa_2707044.jpg,lawman,0,1,0
sa_9547256.jpg,speaker,0,1,0
sa_670173.jpg,horseman,0,0,0
sa_8891072.jpg,hairdresser,0,0,0
sa_1544967.jpg,machinist,0,1,0
sa_1319391.jpg,speaker,0,1,0
sa_5036672.jpg,gardener,0,0,0
sa_7248688.jpg,ballplayer,0,0,0
sa_8930122.jpg,speaker,0,1,0
sa_1184586.jpg,seller,1,1,1
sa_683274.jpg,nurse,0,1,0
sa_7007376.jpg,electrician,0,1,0
sa_9593755.jpg,ballplayer,0,1,0
sa_4361470.jpg,gardener,0,1,0
sa_3423023.jpg,laborer,0,1,1
sa_7540863.jpg,seller,0,0,0
sa_6030910.jpg,painter,0,0,0
sa_5714017.jpg,backpacker,0,1,0
sa_11007562.jpg,tennis_player,1,1,0
sa_1284605.jpg,climber,0,0,0
sa_4387054.jpg,carpenter,0,0,0
sa_8822390.jpg,farmer,0,0,0
sa_3989154.jpg,motorcyclist,0,1,0
sa_10086062.jpg,seller,0,0,0
sa_588931.jpg,soldier,0,0,0
sa_5812781.jpg,speaker,0,0,1
sa_5258448.jpg,farmer,0,1,1
sa_5649781.jpg,dancer,0,1,0
sa_5462348.jpg,farmer,1,1,0
sa_6070812.jpg,tennis_player,0,1,0
sa_7367441.jpg,farmer,1,1,0
sa_2486661.jpg,soccer_player,1,1,0
sa_4767782.jpg,repairman,0,0,0
sa_2110691.jpg,sculptor,0,1,0
sa_9402994.jpg,laborer,0,0,0
sa_2667512.jpg,teacher,0,1,0
sa_3915236.jpg,seller,1,0,0
sa_2977396.jpg,tennis_player,0,0,0
sa_5662559.jpg,tennis_player,0,1,0
sa_10598745.jpg,backpacker,0,1,0
sa_1390223.jpg,speaker,0,1,0
sa_2717534.jpg,laborer,0,0,0
sa_9626193.jpg,speaker,0,0,0
sa_543349.jpg,guitarist,0,0,0
sa_3267943.jpg,farmer,1,0,0
sa_3019609.jpg,hairdresser,0,1,0
sa_1375074.jpg,farmer,0,1,0
sa_7571249.jpg,sculptor,0,1,0
sa_10890218.jpg,singer,0,0,0
sa_659857.jpg,trumpeter,0,0,0
sa_689954.jpg,soldier,0,1,0
sa_5161989.jpg,electrician,0,1,0
sa_141482.jpg,electrician,0,0,0
sa_10015837.jpg,guitarist,0,1,0
sa_1669877.jpg,tennis_player,0,1,0
sa_11009771.jpg,soccer_player,1,0,0
sa_6585880.jpg,singer,0,0,0
sa_6261996.jpg,craftsman,0,0,0
sa_2077818.jpg,doctor,1,1,0
sa_5720009.jpg,lawman,0,1,0
sa_8790043.jpg,repairman,0,1,1
sa_4297309.jpg,motorcyclist,0,0,0
sa_8786928.jpg,climber,0,1,0
sa_8130596.jpg,seller,1,1,0
sa_5514355.jpg,tennis_player,1,0,0
sa_2914848.jpg,retailer,1,1,0
sa_3290849.jpg,referee,0,0,0
sa_3696187.jpg,lifeguard,0,1,0
sa_9047007.jpg,reporter,0,0,0
sa_5078245.jpg,craftsman,0,0,0
sa_8168598.jpg,flutist,0,0,0
sa_3844609.jpg,guard,1,0,0
sa_4580787.jpg,machinist,0,0,0
sa_5980017.jpg,tennis_player,0,2,0
sa_3191539.jpg,guard,0,0,0
sa_9934112.jpg,lawman,0,1,0
sa_9398882.jpg,singer,0,2,0
sa_8092134.jpg,skateboarder,0,0,0
sa_10015689.jpg,laborer,0,1,0
sa_9469852.jpg,drummer,1,2,0
sa_4496135.jpg,painter,0,1,0
sa_2769495.jpg,motorcyclist,1,1,0
sa_2848775.jpg,lawman,0,1,0
sa_5308459.jpg,guard,0,1,0
sa_8017136.jpg,laborer,1,1,0
sa_9098907.jpg,horseman,1,1,0
sa_6578314.jpg,laborer,0,1,1
sa_2197149.jpg,machinist,0,1,0
sa_5430005.jpg,boatman,1,0,0
sa_4695853.jpg,craftsman,0,1,1
sa_8795887.jpg,repairman,0,0,0
sa_103989.jpg,guard,0,1,0
sa_4700745.jpg,tennis_player,1,0,0
sa_8097826.jpg,climber,0,0,0
sa_2505918.jpg,reporter,1,0,0
sa_6517886.jpg,lawman,0,1,0
sa_10202495.jpg,student,1,0,0
sa_11010093.jpg,computer_user,0,0,0
sa_1880436.jpg,tennis_player,0,1,0
sa_6101099.jpg,motorcyclist,0,1,0
sa_5696903.jpg,laborer,0,1,0
sa_11177005.jpg,seller,0,1,1
sa_6988918.jpg,speaker,0,0,0
sa_6539305.jpg,nurse,0,1,0
sa_78043.jpg,basketball_player,0,1,0
sa_1723739.jpg,reporter,1,0,0
sa_4116198.jpg,backpacker,1,0,0
sa_3202216.jpg,basketball_player,0,0,0
sa_3240828.jpg,referee,1,1,0
sa_877957.jpg,skateboarder,0,1,0
sa_6829910.jpg,horseman,1,0,0
sa_9933405.jpg,boatman,0,1,0
sa_9276425.jpg,seller,1,1,0
sa_2634026.jpg,nurse,1,1,0
sa_3252411.jpg,farmer,0,1,1
sa_10034481.jpg,seller,0,0,1
sa_9486856.jpg,basketball_player,0,2,0
sa_5102033.jpg,skateboarder,0,1,0
sa_6410056.jpg,speaker,0,1,0
sa_432670.jpg,electrician,0,0,0
sa_9461045.jpg,tennis_player,1,0,0
sa_9686118.jpg,repairman,0,0,1
sa_10625599.jpg,seller,0,1,0
sa_809320.jpg,disk_jockey,0,1,0
sa_746725.jpg,disk_jockey,0,0,0
sa_2696239.jpg,tennis_player,0,0,0
sa_9633284.jpg,waiter,0,0,0
sa_3234346.jpg,tennis_player,0,0,0
sa_8373365.jpg,basketball_player,1,0,0
sa_3105413.jpg,basketball_player,0,0,0
sa_8595789.jpg,craftsman,0,1,0
sa_10595994.jpg,flutist,0,0,0
sa_8604746.jpg,laborer,0,0,0
sa_6678222.jpg,boatman,1,0,0
sa_7768598.jpg,disk_jockey,0,1,0
sa_3212456.jpg,computer_user,0,0,0
sa_10980300.jpg,tennis_player,1,0,0
sa_10577720.jpg,gardener,0,1,1
sa_4992938.jpg,painter,0,0,0
sa_441794.jpg,singer,1,0,0
sa_5788543.jpg,craftsman,0,1,0
sa_5365573.jpg,repairman,0,1,0
sa_3706473.jpg,seller,0,1,0
sa_4172485.jpg,craftsman,0,0,0
sa_7102163.jpg,guitarist,0,0,0
sa_844605.jpg,tennis_player,0,0,0
sa_2471377.jpg,speaker,0,0,0
sa_2029356.jpg,referee,0,0,0
sa_4784501.jpg,computer_user,0,0,0
sa_9775897.jpg,lawman,0,0,0
sa_6412121.jpg,laborer,0,1,0
sa_1910938.jpg,singer,1,0,0
sa_1342441.jpg,laborer,0,1,0
sa_9205506.jpg,farmer,0,1,0
sa_10131157.jpg,tennis_player,1,1,0
sa_10318439.jpg,gardener,0,1,0
sa_1233292.jpg,laborer,0,1,0
sa_2860785.jpg,backpacker,0,1,0
sa_4659655.jpg,tennis_player,1,1,0
sa_7266436.jpg,lawman,0,0,0
sa_5705790.jpg,retailer,1,1,0
sa_7383482.jpg,soldier,1,1,0
sa_10091102.jpg,student,0,1,0
sa_4520649.jpg,motorcyclist,1,1,0
sa_5735457.jpg,reporter,1,0,0
sa_3593728.jpg,guitarist,0,0,0
sa_8611294.jpg,doctor,0,0,0
sa_945475.jpg,tennis_player,1,0,0
sa_5920124.jpg,lawman,0,0,0
sa_2795303.jpg,guard,0,1,0
sa_9118709.jpg,electrician,0,1,0
sa_3343799.jpg,painter,0,1,0
sa_8816366.jpg,craftsman,0,0,0
sa_622876.jpg,backpacker,0,0,0
sa_4505565.jpg,painter,1,0,1
sa_4057462.jpg,computer_user,0,0,0
sa_10789442.jpg,craftsman,0,1,0
sa_9398430.jpg,laborer,1,1,0
sa_2434855.jpg,soccer_player,1,0,0
sa_10038307.jpg,soldier,0,0,0
sa_3411077.jpg,trumpeter,1,1,0
sa_6745173.jpg,lawman,0,0,0
sa_359132.jpg,lawman,0,1,0
sa_9695200.jpg,nurse,1,0,0
sa_224638.jpg,trumpeter,0,0,0
sa_4339260.jpg,tennis_player,1,1,0
sa_8787711.jpg,lawman,0,1,0
sa_718137.jpg,farmer,1,1,0
sa_2545324.jpg,waiter,0,1,0
sa_5359203.jpg,speaker,1,0,1
sa_3549084.jpg,skateboarder,0,0,0
sa_436018.jpg,tennis_player,1,1,0
sa_7572071.jpg,guard,0,0,0
sa_233244.jpg,speaker,0,0,0
sa_2851336.jpg,singer,1,0,0
sa_6906696.jpg,singer,0,1,1
sa_2114017.jpg,tennis_player,0,0,0
sa_7638303.jpg,hairdresser,0,1,0
sa_9146688.jpg,tennis_player,0,0,0
sa_2066148.jpg,hairdresser,0,1,1
sa_295473.jpg,craftsman,1,0,0
sa_3901146.jpg,trumpeter,0,1,1
sa_6059867.jpg,boatman,0,0,0
sa_6470547.jpg,tennis_player,0,0,0
sa_1100364.jpg,nurse,1,0,0
sa_1951538.jpg,tennis_player,0,1,0
sa_4529329.jpg,tennis_player,0,1,0
sa_2159295.jpg,singer,0,0,0
sa_1270708.jpg,speaker,0,1,1
sa_4917.jpg,laborer,1,2,0
sa_4112853.jpg,painter,0,1,0
sa_5542809.jpg,skateboarder,0,0,0
sa_11030786.jpg,lifeguard,0,1,0
sa_678412.jpg,trumpeter,0,0,0
sa_1126554.jpg,lawman,0,1,0
sa_7836873.jpg,retailer,1,1,1
sa_8994227.jpg,singer,1,0,0
sa_4951724.jpg,lawman,0,1,0
sa_9184223.jpg,farmer,1,0,1
sa_2584206.jpg,seller,0,0,1
sa_6046344.jpg,boatman,1,1,0
sa_3895319.jpg,dancer,1,1,0
sa_2221792.jpg,laborer,0,1,0
sa_107926.jpg,skateboarder,0,0,0
sa_11071306.jpg,computer_user,0,0,0
sa_1277076.jpg,computer_user,0,1,0
sa_3774410.jpg,speaker,0,1,0
sa_3272896.jpg,singer,0,0,0
sa_5036997.jpg,boatman,0,0,0
sa_3184323.jpg,singer,0,1,0
sa_4971657.jpg,disk_jockey,0,0,0
sa_1099227.jpg,laborer,0,2,0
sa_2668778.jpg,speaker,0,1,0
sa_9129549.jpg,lawman,1,1,0
sa_6030138.jpg,motorcyclist,1,0,0
sa_5827713.jpg,laborer,0,2,0
sa_2129531.jpg,horseman,1,1,0
sa_4534608.jpg,speaker,0,1,0
sa_5819093.jpg,painter,0,0,0
sa_4252975.jpg,singer,0,1,0
sa_10683802.jpg,computer_user,0,2,0
sa_7999768.jpg,horseman,0,0,0
sa_8693557.jpg,computer_user,1,1,1
sa_7864190.jpg,skateboarder,0,1,0
sa_3253111.jpg,fireman,0,1,0
sa_3888540.jpg,motorcyclist,0,1,0
sa_510915.jpg,skateboarder,0,1,0
sa_4656152.jpg,computer_user,1,0,0
sa_2046863.jpg,painter,1,0,0
sa_9857891.jpg,student,0,1,0
sa_1467232.jpg,backpacker,0,0,0
sa_3443777.jpg,speaker,0,0,0
sa_3665823.jpg,laborer,0,0,0
sa_7179304.jpg,singer,0,1,0
sa_2881693.jpg,tennis_player,1,0,0
sa_3908307.jpg,ballplayer,1,0,0
sa_4631779.jpg,ballplayer,0,0,0
sa_7108201.jpg,computer_user,0,1,0
sa_3037728.jpg,repairman,0,1,0
sa_10448300.jpg,farmer,0,1,0
sa_4033988.jpg,drummer,0,2,0
sa_6615485.jpg,repairman,0,1,0
sa_416878.jpg,soccer_player,0,1,0
sa_9388045.jpg,singer,0,1,0
sa_9043875.jpg,teacher,1,0,0
sa_10957578.jpg,laborer,0,0,0
sa_6144061.jpg,laborer,0,1,0
sa_9697643.jpg,computer_user,0,1,0
sa_10637831.jpg,speaker,0,0,0
sa_3171139.jpg,farmer,0,1,0
sa_9432408.jpg,singer,0,1,0
sa_4327213.jpg,motorcyclist,1,1,0
sa_10664435.jpg,speaker,0,0,0
sa_10179641.jpg,lifeguard,0,1,0
sa_4085431.jpg,ballplayer,0,1,0
sa_8637978.jpg,drummer,0,0,0
sa_3679877.jpg,speaker,0,0,0
sa_1195704.jpg,waiter,0,1,0
sa_4283185.jpg,horseman,0,0,0
sa_4744096.jpg,craftsman,0,1,1
sa_9452516.jpg,speaker,0,0,0
sa_8246813.jpg,gardener,1,0,0
sa_9508278.jpg,speaker,1,0,0
sa_6545298.jpg,computer_user,1,0,0
sa_6373192.jpg,boatman,1,0,1
sa_4882166.jpg,backpacker,1,0,0
sa_9300247.jpg,guard,0,1,0
sa_105253.jpg,singer,0,1,0
sa_10399812.jpg,gymnast,0,0,0
sa_10482805.jpg,backpacker,0,1,0
sa_10111527.jpg,craftsman,0,0,0
sa_1549286.jpg,motorcyclist,1,1,0
sa_6771587.jpg,tennis_player,0,0,0
sa_7473530.jpg,tennis_player,0,1,0
sa_8001743.jpg,speaker,0,0,0
sa_8833438.jpg,boatman,1,0,0
sa_3110938.jpg,ballplayer,0,1,0
sa_10403462.jpg,soldier,0,1,0
sa_6242231.jpg,motorcyclist,0,0,0
sa_10175081.jpg,motorcyclist,0,0,0
sa_9470464.jpg,speaker,0,1,0
sa_3993091.jpg,hairdresser,0,1,0
sa_5987018.jpg,lawman,0,1,0
sa_1283390.jpg,laborer,0,0,0
sa_9939221.jpg,machinist,1,0,0
sa_4240659.jpg,teacher,0,0,0
sa_6992314.jpg,guitarist,1,0,0
sa_2016470.jpg,seller,1,0,0
sa_7442713.jpg,gymnast,0,0,0
sa_6020912.jpg,machinist,0,0,1
sa_8805214.jpg,lawman,0,0,0
sa_6763223.jpg,tennis_player,1,0,0
sa_1040898.jpg,tennis_player,1,1,0
sa_7207094.jpg,lawman,0,1,0
sa_2950521.jpg,lawman,0,0,0
sa_10650923.jpg,painter,1,1,0
sa_1797129.jpg,craftsman,0,1,0
sa_10235574.jpg,painter,0,0,1
sa_10559942.jpg,boatman,0,0,0
sa_2817980.jpg,laborer,1,1,0
sa_7185894.jpg,drummer,0,1,0
sa_1644546.jpg,tennis_player,0,0,0
sa_5887582.jpg,speaker,0,1,0
sa_4415407.jpg,soccer_player,0,0,0
sa_1492564.jpg,singer,1,0,0
sa_10621569.jpg,gymnast,1,1,0
sa_5563544.jpg,repairman,0,1,0
sa_11038898.jpg,bartender,0,0,0
sa_6086234.jpg,lawman,0,0,0
sa_432365.jpg,runner,1,0,0
sa_1646542.jpg,lawman,0,1,0
sa_10673040.jpg,backpacker,1,1,0
sa_4984727.jpg,speaker,0,1,0
sa_2956026.jpg,nurse,1,0,0
sa_332807.jpg,repairman,0,1,0
sa_8723784.jpg,repairman,0,1,0
sa_462230.jpg,lawman,0,0,0
sa_3121200.jpg,farmer,0,1,1
sa_4590361.jpg,singer,1,0,0
sa_6899404.jpg,carpenter,0,1,0
sa_10600325.jpg,skateboarder,0,1,0
sa_6540015.jpg,craftsman,1,0,0
sa_664802.jpg,drummer,0,1,0
sa_8791488.jpg,seller,0,1,0
sa_5713966.jpg,carpenter,0,2,0
sa_7246658.jpg,farmer,1,1,0
sa_7845405.jpg,lifeguard,0,0,0
sa_4244804.jpg,guitarist,0,1,0
sa_7309665.jpg,motorcyclist,0,1,0
sa_9716327.jpg,computer_user,0,0,0
sa_4894225.jpg,skateboarder,0,1,0
sa_524788.jpg,repairman,0,1,0
sa_1008372.jpg,boatman,1,0,0
sa_5640701.jpg,motorcyclist,0,1,0
sa_7008085.jpg,laborer,0,1,1
sa_3177913.jpg,tennis_player,0,1,0
sa_2939275.jpg,tennis_player,0,0,0
sa_3535720.jpg,speaker,1,1,0
sa_7881576.jpg,gardener,1,0,0
sa_175933.jpg,guard,0,1,0
sa_7993739.jpg,tennis_player,1,1,0
sa_1830593.jpg,speaker,0,0,1
sa_5112229.jpg,retailer,0,0,0
sa_2598118.jpg,basketball_player,0,1,0
sa_5378849.jpg,horseman,1,0,0
sa_5667174.jpg,farmer,1,1,1
sa_2554144.jpg,horseman,1,0,0
sa_2498259.jpg,soldier,0,1,0
sa_654515.jpg,machinist,0,1,0
sa_7911740.jpg,horseman,0,0,0
sa_1073707.jpg,laborer,1,0,0
sa_5059558.jpg,repairman,0,1,0
sa_2949129.jpg,singer,0,1,0
sa_9506648.jpg,gardener,0,0,1
sa_1722555.jpg,seller,0,1,0
sa_7307507.jpg,skateboarder,0,0,0
sa_6456593.jpg,seller,0,2,0
sa_6034847.jpg,skateboarder,0,0,0
sa_5572435.jpg,craftsman,1,0,0
sa_9155015.jpg,backpacker,0,0,0
sa_10629568.jpg,climber,0,0,0
sa_9214471.jpg,tennis_player,1,0,0
sa_4270095.jpg,speaker,0,0,0
sa_6494829.jpg,lawman,0,0,0
sa_5699942.jpg,tennis_player,1,1,0
sa_1376696.jpg,motorcyclist,0,1,0
sa_6322424.jpg,nurse,0,1,0
sa_7983158.jpg,referee,0,0,0
sa_3472829.jpg,retailer,0,1,0
sa_4726387.jpg,farmer,0,1,1
sa_10221582.jpg,hairdresser,1,0,0
sa_8455370.jpg,gardener,1,1,0
sa_187456.jpg,ballplayer,0,1,0
sa_6869789.jpg,craftsman,1,0,0
sa_6366413.jpg,tennis_player,0,1,0
sa_6109477.jpg,repairman,0,1,0
sa_6334481.jpg,doctor,1,1,0
sa_7618611.jpg,trumpeter,0,0,0
sa_6210745.jpg,hairdresser,1,1,0
sa_3171642.jpg,seller,0,1,0
sa_8310423.jpg,gardener,1,1,0
sa_8249434.jpg,judge,1,0,0
sa_10902444.jpg,guard,0,2,0
sa_1476633.jpg,horseman,0,1,0
sa_5378241.jpg,repairman,0,1,0
sa_5288897.jpg,tennis_player,0,1,0
sa_6321851.jpg,computer_user,0,0,0
sa_10034378.jpg,tennis_player,0,0,0
sa_7413297.jpg,guitarist,0,1,0
sa_5923909.jpg,boatman,0,1,0
sa_4596448.jpg,painter,0,1,1
sa_3893477.jpg,guitarist,0,0,0
sa_6872132.jpg,painter,0,1,0
sa_735276.jpg,patient,1,0,0
sa_7851538.jpg,prayer,1,1,0
sa_1977679.jpg,singer,0,0,0
sa_4760302.jpg,lawman,0,0,0
sa_6294771.jpg,farmer,1,2,0
sa_3862890.jpg,horseman,0,0,0
sa_10065534.jpg,tennis_player,0,1,0
sa_5704276.jpg,repairman,0,1,0
sa_9641022.jpg,skateboarder,0,0,0
sa_4594483.jpg,speaker,0,1,0
sa_6975595.jpg,motorcyclist,0,1,0
sa_7982068.jpg,soldier,0,0,0
sa_4809082.jpg,tennis_player,0,1,0
sa_6822219.jpg,speaker,1,0,0
sa_1049190.jpg,basketball_player,1,0,0
sa_7973718.jpg,craftsman,0,1,1
sa_859843.jpg,craftsman,1,0,0
sa_2087610.jpg,doctor,1,0,0
sa_11174704.jpg,singer,0,0,1
sa_10527472.jpg,lifeguard,0,0,0
sa_2109964.jpg,guard,0,1,0
sa_8962567.jpg,waiter,0,0,0
sa_10111484.jpg,tennis_player,0,1,0
sa_7091165.jpg,reporter,0,1,0
sa_8143380.jpg,singer,0,2,0
sa_1612730.jpg,seller,0,2,0
sa_2751836.jpg,basketball_player,0,0,0
sa_5638070.jpg,speaker,0,0,0
sa_7591719.jpg,motorcyclist,1,1,0
sa_7605886.jpg,seller,0,1,0
sa_8466565.jpg,guitarist,0,0,0
sa_6154081.jpg,hairdresser,0,1,0
sa_2015213.jpg,skateboarder,0,0,0
sa_2728468.jpg,basketball_player,0,2,0
sa_5325836.jpg,horseman,0,0,0
sa_7101606.jpg,laborer,0,1,0
sa_10191420.jpg,gardener,0,1,0
sa_5309636.jpg,gymnast,1,0,0
sa_6704460.jpg,lawman,0,0,0
sa_6696049.jpg,singer,0,1,0
sa_3554053.jpg,boatman,0,0,1
sa_5012881.jpg,speaker,0,0,0
sa_1559710.jpg,repairman,0,1,0
sa_6857715.jpg,guitarist,0,1,0
sa_4424460.jpg,tennis_player,0,0,0
sa_5975790.jpg,painter,0,0,0
sa_8140354.jpg,speaker,0,1,0
sa_8062393.jpg,farmer,0,1,0
sa_7765443.jpg,speaker,0,0,0
sa_1078795.jpg,painter,0,1,0
sa_9562314.jpg,prayer,0,0,0
sa_2351902.jpg,tennis_player,0,1,0
sa_7640619.jpg,craftsman,0,1,1
sa_8766275.jpg,farmer,0,1,0
sa_4160094.jpg,speaker,0,1,0
sa_4313183.jpg,speaker,0,0,0
sa_2324234.jpg,singer,1,1,0
sa_1281028.jpg,hairdresser,0,1,0
sa_1847502.jpg,computer_user,0,1,0
sa_5116412.jpg,craftsman,0,1,0
sa_4842255.jpg,hairdresser,1,1,0
sa_5170910.jpg,tennis_player,0,1,0
sa_5476567.jpg,speaker,0,0,1
sa_5863540.jpg,reporter,0,1,0
sa_9045731.jpg,motorcyclist,0,1,0
sa_6750747.jpg,speaker,0,1,0
sa_4188404.jpg,guitarist,0,1,1
sa_2393906.jpg,singer,0,0,0
sa_3126074.jpg,nurse,1,2,0
sa_5673582.jpg,machinist,0,1,0
sa_7969225.jpg,lawman,0,0,0
sa_6719136.jpg,ballplayer,0,0,0
sa_3045042.jpg,lawman,0,1,0
sa_6388829.jpg,hairdresser,0,1,0
sa_265541.jpg,craftsman,0,1,0
sa_4617339.jpg,basketball_player,0,1,0
sa_5804119.jpg,computer_user,0,0,0
sa_2487163.jpg,tennis_player,1,2,0
sa_6664120.jpg,nurse,1,0,0
sa_10158189.jpg,lawman,0,0,0
sa_4182381.jpg,skateboarder,0,1,0
sa_8837063.jpg,gymnast,1,1,0
sa_6575955.jpg,dancer,1,1,0
sa_4714166.jpg,lawman,0,1,0
sa_9153042.jpg,backpacker,0,0,1
sa_1968100.jpg,painter,1,0,0
sa_3980417.jpg,guard,0,0,0
sa_9171057.jpg,soldier,0,0,0
sa_9613250.jpg,painter,1,1,0
sa_9234466.jpg,astronaut,0,1,0
sa_558277.jpg,speaker,0,1,0
sa_4322517.jpg,guard,1,1,0
sa_1979167.jpg,painter,0,0,0
sa_6105133.jpg,skateboarder,0,1,0
sa_9987804.jpg,soldier,0,0,1
sa_6285768.jpg,speaker,0,1,0
sa_1392719.jpg,speaker,0,0,0
sa_7917138.jpg,motorcyclist,1,0,0
sa_5045589.jpg,painter,0,1,0
sa_653482.jpg,drummer,0,0,0
sa_5806654.jpg,repairman,0,0,0
sa_7631403.jpg,reporter,1,0,0
sa_8463057.jpg,retailer,0,1,0
sa_2371414.jpg,patient,1,1,0
sa_7732479.jpg,motorcyclist,0,1,1
sa_6602660.jpg,dancer,1,1,0
sa_1950934.jpg,referee,0,1,0
sa_5970876.jpg,gardener,1,0,1
sa_9696657.jpg,lawman,1,1,0
sa_3477582.jpg,backpacker,0,0,0
sa_8816868.jpg,soldier,0,1,0
sa_9233402.jpg,electrician,0,1,0
sa_2400405.jpg,prayer,0,0,0
sa_3881358.jpg,flutist,1,1,0
sa_4981967.jpg,computer_user,0,1,0
sa_4478839.jpg,dancer,0,0,0
sa_9611974.jpg,laborer,0,1,1
sa_9254614.jpg,flutist,0,1,0
sa_8437405.jpg,singer,0,1,0
sa_3853432.jpg,craftsman,0,1,1
sa_7494135.jpg,drummer,0,1,0
sa_6800512.jpg,guard,0,1,0
sa_6902580.jpg,backpacker,0,1,0
sa_8374084.jpg,retailer,0,0,0
sa_5886564.jpg,skateboarder,0,1,0
sa_5892103.jpg,motorcyclist,1,1,0
sa_1465707.jpg,bartender,0,1,0
sa_5366228.jpg,craftsman,0,1,0
sa_9218280.jpg,drummer,0,0,1
sa_3101002.jpg,lawman,0,0,0
sa_6070579.jpg,motorcyclist,0,0,1
sa_1833904.jpg,backpacker,0,0,0
sa_7689007.jpg,basketball_player,0,0,0
sa_2389247.jpg,computer_user,1,0,0
sa_8261934.jpg,speaker,0,0,0
sa_2323320.jpg,skateboarder,0,0,0
sa_608980.jpg,carpenter,0,1,0
sa_7675253.jpg,guitarist,0,0,0
sa_1330367.jpg,computer_user,1,0,0
sa_2676966.jpg,laborer,0,1,0
sa_7719381.jpg,tennis_player,0,0,0
sa_9671881.jpg,gardener,0,0,1
sa_4733413.jpg,tennis_player,0,0,0
sa_7081275.jpg,craftsman,0,1,0
sa_3365883.jpg,laborer,0,1,0
sa_7341137.jpg,lawman,0,0,0
sa_7753262.jpg,tennis_player,1,0,0
sa_6586440.jpg,speaker,0,0,0
sa_379546.jpg,referee,0,1,0
sa_9420862.jpg,machinist,0,0,0
sa_4088032.jpg,electrician,0,0,0
sa_260019.jpg,tennis_player,1,1,0
sa_1822538.jpg,craftsman,0,1,1
sa_9705144.jpg,lawman,0,1,0
sa_4013881.jpg,guitarist,0,0,0
sa_3083931.jpg,nurse,1,1,0
sa_2310684.jpg,laborer,0,0,0
sa_704393.jpg,hairdresser,0,1,0
sa_2590827.jpg,prayer,0,1,0
sa_914904.jpg,laborer,0,1,0
sa_2337785.jpg,lawman,0,1,0
sa_216951.jpg,laborer,0,1,1
sa_8673583.jpg,craftsman,0,1,1
sa_9546707.jpg,disk_jockey,1,1,0
sa_1647942.jpg,singer,1,0,0
sa_10338818.jpg,farmer,1,1,0
sa_9343855.jpg,flutist,0,1,0
sa_7729477.jpg,disk_jockey,0,0,0
sa_3230772.jpg,singer,1,1,0
sa_7848891.jpg,motorcyclist,1,1,0
sa_6695624.jpg,speaker,1,1,0
sa_3984706.jpg,singer,0,1,0
sa_2790012.jpg,repairman,0,1,0
sa_2677231.jpg,drummer,0,0,0
sa_4816914.jpg,doctor,1,0,0
sa_2897153.jpg,tennis_player,0,0,0
sa_1773998.jpg,hairdresser,0,1,0
sa_5280429.jpg,repairman,0,1,0
sa_1135628.jpg,laborer,0,1,0
sa_2169995.jpg,retailer,0,1,0
sa_969364.jpg,lawman,0,0,0
sa_2198713.jpg,repairman,0,1,0
sa_4544085.jpg,drummer,0,1,0
sa_8407091.jpg,hairdresser,0,0,0
sa_745054.jpg,gymnast,0,0,0
sa_10604616.jpg,seller,0,1,0
sa_7025816.jpg,craftsman,0,0,0
sa_1100458.jpg,craftsman,0,1,0
sa_5730106.jpg,machinist,0,0,0
sa_7666413.jpg,drummer,0,2,0
sa_7955286.jpg,boatman,0,0,0
sa_1596826.jpg,boatman,0,1,0
sa_10758617.jpg,tennis_player,0,2,0
sa_1202392.jpg,craftsman,0,1,1
sa_6322003.jpg,repairman,0,1,0
sa_4138289.jpg,speaker,0,0,0
sa_280760.jpg,climber,0,0,1
sa_750128.jpg,skateboarder,0,0,0
sa_1304705.jpg,backpacker,1,0,0
sa_7419398.jpg,guitarist,0,0,0
sa_2089429.jpg,flutist,0,1,0
sa_8601661.jpg,craftsman,0,0,0
sa_7535022.jpg,prayer,1,1,1
sa_3634795.jpg,basketball_player,0,2,0
sa_11087795.jpg,tennis_player,0,1,0
sa_397438.jpg,guitarist,0,0,0
sa_1648600.jpg,tennis_player,0,0,0
sa_25140.jpg,skateboarder,0,1,0
sa_3378306.jpg,painter,0,2,0
sa_8551883.jpg,drummer,0,0,0
sa_2315454.jpg,boatman,1,0,0
sa_8904381.jpg,craftsman,1,1,1
sa_8006860.jpg,lawman,0,1,0
sa_7882255.jpg,painter,1,0,0
sa_8455986.jpg,teacher,0,0,0
sa_5954468.jpg,singer,0,1,0
sa_3329654.jpg,guard,1,1,0
sa_2355812.jpg,soccer_player,0,1,0
sa_9502723.jpg,soldier,0,1,0
sa_5335794.jpg,referee,1,0,0
sa_10907235.jpg,singer,1,1,0
sa_5487125.jpg,motorcyclist,1,1,0
sa_3173210.jpg,seller,0,1,0
sa_5696278.jpg,horseman,1,0,0
sa_3268349.jpg,speaker,0,1,0
sa_3272603.jpg,singer,0,0,0
sa_7740470.jpg,student,1,0,0
sa_8904039.jpg,retailer,1,0,0
sa_3938933.jpg,lawman,0,0,0
sa_10344288.jpg,speaker,1,0,0
sa_4815038.jpg,guitarist,0,1,0
sa_2090355.jpg,lawman,0,1,0
sa_1713437.jpg,seller,0,1,0
sa_8851959.jpg,machinist,0,0,0
sa_9913294.jpg,tennis_player,0,0,0
sa_4209630.jpg,laborer,0,2,0
sa_9016228.jpg,tennis_player,1,0,0
sa_7565244.jpg,seller,1,1,0
sa_4036725.jpg,guard,0,2,0
sa_4684116.jpg,runner,0,1,0
sa_1595039.jpg,repairman,0,1,0
sa_8192255.jpg,tennis_player,1,1,0
sa_1414795.jpg,boatman,0,2,1
sa_5571775.jpg,singer,1,1,0
sa_78493.jpg,skateboarder,0,0,0
sa_5446388.jpg,horseman,0,0,0
sa_9644368.jpg,referee,0,1,1
sa_1629550.jpg,guitarist,0,1,0
sa_63293.jpg,electrician,0,0,0
sa_3927751.jpg,lawman,0,1,0
sa_8452661.jpg,drummer,0,0,1
sa_586487.jpg,guard,0,1,0
sa_3020039.jpg,craftsman,0,0,0
sa_2968574.jpg,computer_user,0,0,0
sa_6322584.jpg,guard,0,1,0
sa_6157430.jpg,hairdresser,0,1,0
sa_859200.jpg,lawman,0,1,0
sa_9740472.jpg,retailer,0,1,0
sa_4690493.jpg,reporter,1,0,0
sa_5621545.jpg,singer,0,1,0
sa_9865985.jpg,skateboarder,0,1,0
sa_10284372.jpg,nurse,0,1,0
sa_3087389.jpg,painter,1,0,1
sa_2463506.jpg,seller,0,1,0
sa_1807344.jpg,repairman,0,1,0
sa_5072986.jpg,seller,0,0,0
sa_7168542.jpg,singer,0,0,0
sa_1774944.jpg,guard,0,1,0
sa_7316001.jpg,horseman,1,0,0
sa_2408860.jpg,electrician,0,0,0
sa_26760.jpg,prayer,0,1,0
sa_11163732.jpg,flutist,0,1,0
sa_4781667.jpg,computer_user,0,1,1
sa_10884287.jpg,trumpeter,0,0,1
sa_5688024.jpg,tennis_player,1,0,0
sa_9939280.jpg,soccer_player,0,0,0
sa_4463050.jpg,painter,0,1,0
sa_8753075.jpg,soldier,0,0,0
sa_1489308.jpg,student,1,0,0
sa_3878819.jpg,tennis_player,1,0,0
sa_7604227.jpg,tennis_player,1,0,0
sa_8478627.jpg,lawman,0,1,0
sa_6920592.jpg,runner,1,0,0
sa_2646773.jpg,disk_jockey,0,0,0
sa_7410480.jpg,speaker,0,0,0
sa_4187665.jpg,lawman,0,0,0
sa_697233.jpg,lawman,0,0,0
sa_2577444.jpg,ballplayer,0,0,0
sa_9835224.jpg,computer_user,0,1,0
sa_2862507.jpg,lawman,0,1,0
sa_9417514.jpg,farmer,0,1,0
sa_5802090.jpg,motorcyclist,0,1,0
sa_7594298.jpg,disk_jockey,0,0,0
sa_2737605.jpg,backpacker,0,0,0
sa_619086.jpg,prayer,0,0,1
sa_6163471.jpg,ballplayer,0,1,0
sa_7692683.jpg,repairman,0,0,0
sa_7958016.jpg,tennis_player,0,0,0
sa_6993891.jpg,speaker,0,0,0
sa_6025135.jpg,guard,0,1,1
sa_6320323.jpg,tennis_player,0,1,0
sa_9143915.jpg,speaker,0,0,0
sa_9575030.jpg,laborer,0,0,0
sa_6100579.jpg,drummer,0,1,0
sa_3432349.jpg,basketball_player,0,0,0
sa_1628862.jpg,soldier,0,0,0
sa_5311349.jpg,gardener,1,1,1
sa_608221.jpg,speaker,0,1,0
sa_2054322.jpg,motorcyclist,0,1,0
sa_6035129.jpg,fireman,0,1,0
sa_1405435.jpg,waiter,1,1,0
sa_9255553.jpg,laborer,0,2,0
sa_8067900.jpg,ballplayer,0,1,0
sa_1999611.jpg,lawman,0,0,0
sa_8745252.jpg,boatman,0,0,0
sa_5644237.jpg,machinist,0,0,0
sa_759478.jpg,tennis_player,0,0,0
sa_6833770.jpg,repairman,1,0,0
sa_7379304.jpg,soldier,0,0,0
sa_4138032.jpg,repairman,0,1,0
sa_10802874.jpg,farmer,1,1,0
sa_9080116.jpg,lawman,0,0,0
sa_5773031.jpg,referee,0,1,0
sa_8960640.jpg,guitarist,0,0,0
sa_9012495.jpg,motorcyclist,1,1,0
sa_7122408.jpg,speaker,0,0,0
sa_231477.jpg,machinist,0,1,1
sa_5600369.jpg,cheerleader,0,1,0
sa_6937943.jpg,craftsman,0,1,0
sa_3516909.jpg,farmer,0,0,0
sa_8657872.jpg,backpacker,0,0,0
sa_10724087.jpg,basketball_player,0,1,0
sa_682053.jpg,climber,0,0,0
sa_2853222.jpg,lifeguard,0,2,0
sa_2491285.jpg,judge,0,0,0
sa_811519.jpg,skateboarder,0,1,0
sa_6995819.jpg,motorcyclist,0,2,0
sa_2215061.jpg,computer_user,0,1,0
sa_5710592.jpg,lifeguard,1,0,0
sa_1443775.jpg,guard,0,1,0
sa_7132601.jpg,farmer,0,1,0
sa_5260864.jpg,patient,0,1,0
sa_9384747.jpg,tennis_player,0,0,0
sa_6869557.jpg,fireman,1,1,0
sa_5170228.jpg,craftsman,0,0,0
sa_1053102.jpg,repairman,1,1,0
sa_4294017.jpg,drummer,1,0,0
sa_4925227.jpg,singer,0,1,0
sa_1393026.jpg,laborer,1,0,1
sa_10047225.jpg,lawman,0,0,0
sa_7942513.jpg,farmer,0,1,0
sa_9055912.jpg,patient,1,0,1
sa_4734940.jpg,gardener,0,1,0
sa_164655.jpg,patient,0,0,1
sa_2164685.jpg,tennis_player,0,0,0
sa_9356250.jpg,tennis_player,1,0,0
sa_6837217.jpg,doctor,0,0,0
sa_3506550.jpg,tennis_player,1,0,0
sa_2953072.jpg,laborer,0,1,0
sa_5282613.jpg,basketball_player,0,2,0
sa_11058884.jpg,tennis_player,0,0,0
sa_2194665.jpg,skateboarder,0,0,0
sa_5331158.jpg,ballplayer,0,0,0
sa_9595800.jpg,ballplayer,0,0,0
sa_6500144.jpg,tennis_player,0,1,0
sa_9949265.jpg,teacher,1,1,0
sa_6364667.jpg,backpacker,0,0,0
sa_5522093.jpg,soldier,0,0,0
sa_6880171.jpg,horseman,1,0,0
sa_6796754.jpg,tennis_player,1,0,0
sa_5655151.jpg,laborer,0,1,0
sa_6350051.jpg,cheerleader,1,0,0
sa_8197673.jpg,singer,0,0,0
sa_6130686.jpg,nurse,0,1,0
sa_104369.jpg,hairdresser,0,0,0
sa_4329127.jpg,lawman,0,0,0
sa_4015844.jpg,disk_jockey,0,0,0
sa_8141212.jpg,backpacker,1,0,0
sa_9018511.jpg,tennis_player,0,0,0
sa_2652379.jpg,singer,0,0,0
sa_4248530.jpg,tennis_player,0,0,0
sa_2522042.jpg,horseman,0,1,0
sa_465468.jpg,speaker,0,0,1
sa_5195466.jpg,repairman,0,1,0
sa_6760664.jpg,lawman,0,1,0
sa_7050595.jpg,drummer,0,1,0
sa_6801416.jpg,boatman,0,1,0
sa_10639296.jpg,nurse,1,1,0
sa_1753571.jpg,laborer,0,1,0
sa_9961676.jpg,singer,0,1,1
sa_7759357.jpg,seller,0,0,0
sa_1247974.jpg,disk_jockey,0,0,0
sa_1078198.jpg,singer,0,1,1
sa_5986044.jpg,tennis_player,0,0,0
sa_7508736.jpg,runner,0,0,0
sa_10279931.jpg,speaker,1,0,0
sa_9998916.jpg,speaker,0,0,0
sa_3789837.jpg,basketball_player,1,1,0
sa_482872.jpg,repairman,0,1,0
sa_6668801.jpg,laborer,0,1,0
sa_5257880.jpg,lawman,0,0,0
sa_4858740.jpg,skateboarder,1,1,0
sa_3096947.jpg,farmer,1,1,0
sa_5869912.jpg,craftsman,1,1,0
sa_8768627.jpg,skateboarder,1,0,0
sa_5111900.jpg,skateboarder,0,1,0
sa_936996.jpg,tennis_player,1,0,0
sa_9544841.jpg,referee,0,1,0
sa_7779102.jpg,seller,0,0,0
sa_5904611.jpg,trumpeter,0,0,0
sa_9940945.jpg,runner,0,1,0
sa_5841368.jpg,skateboarder,0,0,0
sa_3332963.jpg,guitarist,0,1,0
sa_7835290.jpg,boatman,1,1,0
sa_4711116.jpg,lawman,0,1,0
sa_4509925.jpg,hairdresser,0,1,0
sa_5048331.jpg,laborer,0,0,0
sa_3498011.jpg,trumpeter,0,0,0
sa_6555346.jpg,runner,0,1,0
sa_3063578.jpg,referee,0,0,0
sa_5401701.jpg,runner,0,0,0
sa_8521676.jpg,lawman,0,0,0
sa_8313228.jpg,prayer,0,1,1
sa_4674769.jpg,singer,1,1,0
sa_4325079.jpg,ballplayer,0,1,0
sa_6113449.jpg,computer_user,0,1,0
sa_72826.jpg,retailer,0,0,0
sa_9235197.jpg,singer,1,0,0
sa_8616963.jpg,horseman,0,1,0
sa_8030804.jpg,horseman,0,1,0
sa_1117418.jpg,laborer,0,0,0
sa_7123674.jpg,tennis_player,0,1,0
sa_1085632.jpg,speaker,0,0,0
sa_9286776.jpg,seller,0,0,0
sa_1649830.jpg,prayer,0,1,1
sa_10068235.jpg,laborer,0,2,0
sa_10659118.jpg,climber,0,0,0
sa_532390.jpg,repairman,0,1,0
sa_8163078.jpg,tennis_player,1,1,0
sa_1487154.jpg,gymnast,1,0,0
sa_6765127.jpg,laborer,0,0,1
sa_154780.jpg,backpacker,1,0,0
sa_6644485.jpg,seller,1,1,0
sa_9540045.jpg,painter,1,1,0
sa_9548472.jpg,speaker,0,1,0
sa_10894793.jpg,speaker,1,0,0
sa_1594322.jpg,computer_user,0,0,0
sa_10059504.jpg,craftsman,0,1,0
sa_11061684.jpg,horseman,1,0,0
sa_6903025.jpg,gymnast,1,0,0
sa_1609203.jpg,backpacker,0,1,0
sa_3115253.jpg,referee,0,0,0
sa_3050703.jpg,gymnast,1,1,0
sa_7528113.jpg,tennis_player,1,1,0
sa_11089472.jpg,reporter,0,1,0
sa_785443.jpg,painter,1,0,0
sa_5495711.jpg,repairman,0,0,0
sa_7182379.jpg,boatman,0,1,0
sa_2875782.jpg,skateboarder,0,1,0
sa_3674531.jpg,soccer_player,0,1,0
sa_6181577.jpg,patient,1,1,0
sa_65783.jpg,electrician,0,0,0
sa_5929043.jpg,waiter,0,0,1
sa_2872999.jpg,drummer,1,1,0
sa_4225885.jpg,drummer,0,1,0
sa_7425815.jpg,motorcyclist,0,1,0
sa_7910640.jpg,teacher,1,2,0
sa_7724086.jpg,tennis_player,0,0,0
sa_10286573.jpg,speaker,0,1,0
sa_584260.jpg,sculptor,0,1,0
sa_145000.jpg,lawman,0,0,0
sa_987030.jpg,seller,0,0,0
sa_8023427.jpg,boatman,0,1,0
sa_7591773.jpg,speaker,0,0,0
sa_2503336.jpg,speaker,0,0,0
sa_379029.jpg,computer_user,1,0,0
sa_285591.jpg,speaker,0,0,0
sa_6461938.jpg,disk_jockey,0,0,0
sa_299337.jpg,craftsman,0,0,0
sa_834867.jpg,laborer,1,1,0
sa_9784001.jpg,guard,0,0,0
sa_10870101.jpg,tennis_player,1,0,0
sa_7857319.jpg,drummer,0,0,0
sa_7080856.jpg,waiter,0,0,0
sa_1964539.jpg,ballplayer,0,0,0
sa_2587557.jpg,horseman,0,0,0
sa_10455711.jpg,ballplayer,0,0,0
sa_11178921.jpg,repairman,0,0,0
sa_1135115.jpg,speaker,0,0,0
sa_580297.jpg,teacher,1,0,0
sa_2487762.jpg,laborer,0,1,0
sa_1145413.jpg,farmer,1,0,0
sa_6490791.jpg,laborer,0,0,0
sa_7460380.jpg,boatman,0,0,0
sa_2737112.jpg,skateboarder,0,0,0
sa_6917031.jpg,tennis_player,0,0,0
sa_2560804.jpg,painter,1,0,0
sa_3171768.jpg,gymnast,0,0,0
sa_7701322.jpg,seller,1,1,0
sa_2486742.jpg,patient,1,1,0
sa_673884.jpg,tennis_player,0,1,0
sa_25213.jpg,tennis_player,0,0,0
sa_1139230.jpg,motorcyclist,1,1,0
sa_6859539.jpg,boatman,0,1,0
sa_9956677.jpg,fireman,0,0,0
sa_2928570.jpg,lawman,0,0,0
sa_8673190.jpg,dancer,1,1,0
sa_7420526.jpg,bartender,1,1,0
sa_10174018.jpg,craftsman,1,1,0
sa_2981827.jpg,lifeguard,0,1,0
sa_1175967.jpg,boatman,0,0,0
sa_7506245.jpg,boatman,0,1,0
sa_2369711.jpg,seller,1,1,0
sa_10007614.jpg,laborer,0,1,0
sa_10612344.jpg,dancer,0,1,0
sa_10512410.jpg,guard,0,1,1
sa_8617130.jpg,boatman,0,1,0
sa_7425073.jpg,speaker,0,0,1
sa_8349338.jpg,speaker,0,1,0
sa_3643231.jpg,craftsman,0,1,0
sa_2854264.jpg,basketball_player,0,0,0
sa_10477053.jpg,ballplayer,0,1,0
sa_4426919.jpg,ballplayer,0,1,0
sa_1409661.jpg,laborer,0,1,1
sa_7861774.jpg,prayer,0,0,0
sa_7660295.jpg,skateboarder,0,1,0
sa_6496164.jpg,astronaut,0,0,0
sa_5243214.jpg,referee,1,1,1
sa_9795080.jpg,backpacker,1,1,0
sa_1019131.jpg,hairdresser,0,1,0
sa_1944061.jpg,painter,0,1,0
sa_6259426.jpg,backpacker,0,0,0
sa_9312222.jpg,tennis_player,1,1,0
sa_9463288.jpg,craftsman,0,1,1
sa_2208563.jpg,craftsman,0,0,0
sa_5100979.jpg,speaker,0,0,0
sa_357002.jpg,skateboarder,0,1,0
sa_6077139.jpg,painter,0,1,0
sa_4986552.jpg,repairman,0,1,0
sa_9406340.jpg,skateboarder,1,1,0
sa_4466367.jpg,singer,1,1,0
sa_8579148.jpg,guitarist,0,0,0
sa_7618444.jpg,lawman,1,0,0
sa_10558135.jpg,computer_user,0,1,0
sa_3615706.jpg,tennis_player,0,0,0
sa_1371956.jpg,guard,0,0,0
sa_1354520.jpg,farmer,0,1,0
sa_2942444.jpg,dancer,0,1,0
sa_8493050.jpg,tennis_player,1,0,0
sa_5153707.jpg,backpacker,0,1,0
sa_1915535.jpg,repairman,0,1,0
sa_2504565.jpg,laborer,0,1,0
sa_10002330.jpg,horseman,0,0,0
sa_5787853.jpg,laborer,0,1,0
sa_2178246.jpg,skateboarder,0,0,0
sa_8063627.jpg,guitarist,0,1,0
sa_1486815.jpg,skateboarder,0,1,0
sa_11147480.jpg,tennis_player,0,0,0
sa_6386801.jpg,retailer,0,1,0
sa_1340005.jpg,boatman,0,1,0
sa_3041233.jpg,waiter,0,0,0
sa_4449668.jpg,sculptor,0,1,0
sa_809825.jpg,fireman,0,1,0
sa_6056358.jpg,repairman,0,0,0
sa_456596.jpg,lifeguard,1,0,0
sa_3462857.jpg,singer,0,0,0
sa_4060046.jpg,lawman,0,0,0
sa_5203075.jpg,lawman,0,1,0
sa_5261889.jpg,nurse,0,0,0
sa_10174351.jpg,speaker,0,0,1
sa_9701084.jpg,gardener,0,0,0
sa_395957.jpg,hairdresser,0,1,0
sa_8721728.jpg,retailer,1,1,1
sa_8993432.jpg,tennis_player,0,0,0
sa_10412909.jpg,horseman,1,0,0
sa_6038134.jpg,tennis_player,1,0,0
sa_9607291.jpg,sculptor,1,1,0
sa_4465927.jpg,lifeguard,0,1,0
sa_10094603.jpg,teacher,0,0,0
sa_7323467.jpg,seller,0,1,0
sa_693371.jpg,farmer,1,1,0
sa_4883278.jpg,drummer,1,1,1
sa_10867943.jpg,painter,0,2,0
sa_8304717.jpg,singer,1,0,0
sa_7053287.jpg,seller,0,1,0
sa_294852.jpg,lawman,0,0,0
sa_8907699.jpg,guitarist,0,0,0
sa_2212395.jpg,farmer,0,1,0
sa_7773538.jpg,ballplayer,0,0,0
sa_7886170.jpg,waiter,1,0,0
sa_4689939.jpg,soldier,1,1,0
sa_5355937.jpg,motorcyclist,1,1,0
sa_10541702.jpg,guard,0,0,0
sa_906691.jpg,machinist,0,1,0
sa_9623538.jpg,hairdresser,1,1,0
sa_5638805.jpg,craftsman,0,1,0
sa_5479852.jpg,carpenter,0,1,0
sa_3741567.jpg,computer_user,0,1,0
sa_7977403.jpg,boatman,0,0,0
sa_7351121.jpg,backpacker,0,1,0
sa_3065298.jpg,soldier,0,0,0
sa_9759099.jpg,machinist,0,0,0
sa_2643675.jpg,tennis_player,0,1,0
sa_7178243.jpg,craftsman,0,0,0
sa_8390645.jpg,farmer,1,0,0
sa_5009113.jpg,seller,1,1,0
sa_7609332.jpg,motorcyclist,1,0,0
sa_6864676.jpg,speaker,1,1,0
sa_9629863.jpg,dancer,1,0,0
sa_9896481.jpg,patient,1,0,0
sa_8303931.jpg,seller,0,1,0
sa_960971.jpg,singer,1,0,0
sa_5590492.jpg,ballplayer,0,0,0
sa_2148927.jpg,guard,0,0,0
sa_2315128.jpg,lifeguard,0,0,0
sa_7516622.jpg,ballplayer,0,0,0
sa_9648370.jpg,lawman,1,0,0
sa_9600155.jpg,runner,0,0,0
sa_3528102.jpg,carpenter,0,1,0
sa_3427390.jpg,speaker,0,1,0
sa_3898600.jpg,trumpeter,0,0,0
sa_2494285.jpg,tennis_player,0,1,0
sa_9685113.jpg,backpacker,1,0,0
sa_9951413.jpg,trumpeter,0,0,0
sa_8554444.jpg,dancer,0,0,0
sa_10602821.jpg,seller,1,1,1
sa_4140323.jpg,guitarist,1,1,0
sa_5936707.jpg,speaker,0,1,0
sa_5720992.jpg,lawman,0,1,0
sa_8325296.jpg,singer,1,0,0
sa_489202.jpg,soldier,0,0,0
sa_3615056.jpg,gymnast,0,1,0
sa_147578.jpg,student,0,1,0
sa_5616953.jpg,craftsman,0,1,0
sa_8290698.jpg,flutist,0,1,0
sa_5436498.jpg,soccer_player,0,1,0
sa_5898213.jpg,hairdresser,0,0,0
sa_1212903.jpg,gymnast,0,0,0
sa_2441429.jpg,singer,0,0,0
sa_4370127.jpg,skateboarder,1,1,0
sa_10489334.jpg,waiter,0,0,0
sa_8552209.jpg,hairdresser,1,1,0
sa_4147900.jpg,backpacker,0,0,0
sa_1083087.jpg,speaker,1,1,0
sa_6894508.jpg,ballplayer,0,1,0
sa_5348469.jpg,tennis_player,0,1,0
sa_8409380.jpg,repairman,0,0,0
sa_69610.jpg,reporter,0,0,0
sa_2453202.jpg,lawman,0,1,0
sa_8805289.jpg,electrician,0,1,0
sa_9679959.jpg,painter,1,1,0
sa_794431.jpg,speaker,0,0,0
sa_9948873.jpg,singer,1,0,0
sa_8032669.jpg,motorcyclist,0,2,0
sa_9750866.jpg,student,1,1,0
sa_7680869.jpg,soccer_player,0,1,0
sa_4054484.jpg,nurse,0,0,0
sa_9405101.jpg,computer_user,0,1,0
sa_2305652.jpg,repairman,0,0,1
sa_5493425.jpg,trumpeter,0,1,1
sa_7347477.jpg,retailer,0,1,0
sa_10403728.jpg,tennis_player,0,1,0
sa_2655441.jpg,repairman,0,0,0
sa_1595961.jpg,computer_user,0,1,0
sa_6314203.jpg,trumpeter,0,0,0
sa_4935987.jpg,gymnast,1,0,0
sa_9347939.jpg,speaker,0,0,0
sa_4941798.jpg,climber,0,1,0
sa_8061207.jpg,singer,0,1,0
sa_9045643.jpg,guitarist,0,0,0
sa_8434515.jpg,carpenter,0,1,0
sa_8142394.jpg,speaker,0,0,0
sa_5262282.jpg,skateboarder,0,0,0
sa_10925372.jpg,electrician,0,0,0
sa_9650343.jpg,lawman,1,0,0
sa_4165530.jpg,doctor,0,0,0
sa_5224550.jpg,electrician,0,0,0
sa_2707000.jpg,climber,0,1,0
sa_6284907.jpg,machinist,0,1,0
sa_9549220.jpg,soldier,0,0,0
sa_697287.jpg,laborer,0,1,1
sa_9712027.jpg,computer_user,0,0,0
sa_10908550.jpg,repairman,0,0,0
sa_8735870.jpg,fireman,0,1,0
sa_9449826.jpg,climber,0,1,0
sa_9860204.jpg,skateboarder,0,1,0
sa_8816203.jpg,computer_user,1,1,0
sa_11001218.jpg,lawman,0,0,0
sa_5735246.jpg,speaker,0,1,0
sa_6095678.jpg,repairman,0,1,0
sa_386580.jpg,dancer,0,0,0
sa_9430335.jpg,tennis_player,0,1,0
sa_2458315.jpg,tennis_player,0,0,0
sa_6169758.jpg,skateboarder,0,1,0
sa_10449542.jpg,guard,0,0,0
sa_4158425.jpg,farmer,1,1,0
sa_2781120.jpg,farmer,0,1,1
sa_7738086.jpg,electrician,0,2,0
sa_9166627.jpg,repairman,0,1,0
sa_11038125.jpg,tennis_player,0,0,0
sa_11020858.jpg,guard,1,0,0
sa_4343786.jpg,tennis_player,0,1,0
sa_8280546.jpg,machinist,0,1,0
sa_2685619.jpg,boatman,0,1,0
sa_1002740.jpg,nurse,1,1,0
sa_2935974.jpg,backpacker,1,1,0
sa_10384841.jpg,soccer_player,0,0,0
sa_1815759.jpg,motorcyclist,0,1,0
sa_9430636.jpg,backpacker,1,0,0
sa_5675559.jpg,craftsman,0,1,0
sa_342595.jpg,singer,0,0,0
sa_4718433.jpg,carpenter,0,1,0
sa_10993895.jpg,guard,0,0,0
sa_10683132.jpg,tennis_player,0,1,0
sa_2400498.jpg,guard,0,1,0
sa_9493943.jpg,patient,0,1,0
sa_5075984.jpg,repairman,0,2,0
sa_1763438.jpg,lawman,0,1,0
sa_8539213.jpg,skateboarder,0,0,0
sa_7538316.jpg,lawman,0,0,0
sa_6747840.jpg,lifeguard,0,1,0
sa_6375327.jpg,repairman,1,0,0
sa_9108021.jpg,boatman,0,0,0
sa_4242411.jpg,patient,0,0,0
sa_8787746.jpg,backpacker,0,0,0
sa_4051660.jpg,singer,0,0,0
sa_854621.jpg,tennis_player,0,1,0
sa_10449766.jpg,seller,0,0,0
sa_8284772.jpg,tennis_player,1,1,0
sa_8471433.jpg,lawman,0,1,0
sa_10578535.jpg,referee,0,0,0
sa_7980467.jpg,laborer,1,1,0
sa_9557400.jpg,boatman,0,0,0
sa_2063705.jpg,reporter,0,2,0
sa_10811834.jpg,singer,0,0,0
sa_5216633.jpg,soldier,0,0,0
sa_8178778.jpg,lawman,0,0,0
sa_3932342.jpg,soldier,0,1,0
sa_4855279.jpg,hairdresser,0,1,0
sa_7909102.jpg,waiter,1,1,0
sa_9892696.jpg,farmer,0,1,0
sa_1851051.jpg,speaker,0,0,0
sa_3945168.jpg,seller,1,1,0
sa_3979787.jpg,runner,0,1,0
sa_9440930.jpg,laborer,1,1,0
sa_8186883.jpg,tennis_player,0,0,0
sa_3618976.jpg,climber,1,0,0
sa_1724001.jpg,skateboarder,0,0,0
sa_3801487.jpg,motorcyclist,0,1,0
sa_8479999.jpg,disk_jockey,0,1,0
sa_3868349.jpg,laborer,1,1,1
sa_5747095.jpg,guitarist,0,1,0
sa_2036054.jpg,skateboarder,0,0,0
sa_5176932.jpg,seller,1,0,0
sa_427964.jpg,fireman,0,1,0
sa_8344021.jpg,singer,0,0,0
sa_516691.jpg,sculptor,0,1,0
sa_2252048.jpg,guard,0,0,0
sa_6434915.jpg,speaker,1,0,0
sa_3510190.jpg,nurse,1,0,0
sa_9464447.jpg,speaker,0,1,0
sa_2263159.jpg,motorcyclist,0,1,0
sa_8184905.jpg,guard,0,1,0
sa_3397046.jpg,soldier,0,0,0
sa_4272538.jpg,electrician,0,1,0
sa_6933820.jpg,repairman,0,0,0
sa_9110194.jpg,speaker,1,1,0
sa_4012126.jpg,tennis_player,0,0,0
sa_2005264.jpg,lifeguard,0,0,0
sa_5935390.jpg,waiter,0,0,0
sa_1871313.jpg,machinist,1,0,0
sa_144272.jpg,runner,1,1,0
sa_890993.jpg,backpacker,0,0,0
sa_3812159.jpg,repairman,1,1,0
sa_8836682.jpg,hairdresser,0,2,0
sa_9307195.jpg,tennis_player,1,1,0
sa_5966367.jpg,drummer,0,0,1
sa_3564430.jpg,disk_jockey,0,0,0
sa_10568130.jpg,repairman,0,1,0
sa_5121594.jpg,speaker,0,1,0
sa_1784790.jpg,craftsman,1,1,0
sa_925373.jpg,skateboarder,0,0,0
sa_1704577.jpg,backpacker,0,0,0
sa_10228721.jpg,tennis_player,1,0,0
sa_3752272.jpg,repairman,0,0,0
sa_4614775.jpg,trumpeter,0,0,0
sa_1470341.jpg,computer_user,1,2,0
sa_7474623.jpg,laborer,0,1,0
sa_8575299.jpg,fireman,0,0,0
sa_10884487.jpg,sculptor,0,1,0
sa_7546201.jpg,speaker,0,1,0
sa_3517497.jpg,guard,1,0,0
sa_2754687.jpg,seller,0,2,0
sa_2264191.jpg,reporter,0,0,0
sa_5606237.jpg,drummer,1,0,0
sa_10417254.jpg,lawman,0,1,0
sa_4555309.jpg,computer_user,0,0,0
sa_10063300.jpg,singer,0,0,0
sa_7945243.jpg,hairdresser,0,1,0
sa_4981598.jpg,tennis_player,1,0,0
sa_5905309.jpg,singer,0,0,1
sa_2563586.jpg,farmer,0,0,0
sa_8067170.jpg,computer_user,0,0,0
sa_5390993.jpg,lawman,0,1,0
sa_5274139.jpg,lawman,0,1,0
sa_4388711.jpg,fireman,0,1,0
sa_6474840.jpg,guard,0,0,0
sa_8408637.jpg,referee,0,0,0
sa_4730778.jpg,tennis_player,1,0,0
sa_4273564.jpg,backpacker,0,1,0
sa_516079.jpg,motorcyclist,0,0,0
sa_5477353.jpg,guard,0,0,0
sa_3679572.jpg,hairdresser,0,1,0
sa_1684554.jpg,tennis_player,1,2,0
sa_3332158.jpg,skateboarder,0,0,0
sa_43021.jpg,nurse,1,0,0
sa_4218991.jpg,electrician,0,1,0
sa_2580433.jpg,tennis_player,0,0,0
sa_3948924.jpg,tennis_player,1,0,0
sa_1058923.jpg,repairman,0,1,0
sa_502242.jpg,computer_user,0,0,0
sa_105696.jpg,horseman,1,0,0
sa_5186113.jpg,soldier,0,0,0
sa_6093300.jpg,climber,0,0,0
sa_756675.jpg,soccer_player,0,1,0
sa_1559836.jpg,disk_jockey,0,0,0
sa_3642796.jpg,lawman,0,0,0
sa_5911846.jpg,machinist,0,2,0
sa_5761454.jpg,skateboarder,1,0,0
sa_10422689.jpg,reporter,1,0,0
sa_10798227.jpg,laborer,0,2,0
sa_1368082.jpg,referee,0,0,0
sa_19056.jpg,prayer,0,1,0
sa_1921220.jpg,singer,1,0,0
sa_4379407.jpg,lawman,0,0,0
sa_870817.jpg,teacher,0,1,0
sa_5194063.jpg,waiter,0,1,0
sa_10825561.jpg,speaker,0,0,1
sa_5806192.jpg,lifeguard,1,1,0
sa_3988526.jpg,horseman,0,1,0
sa_2062083.jpg,seller,1,0,0
sa_3811277.jpg,tennis_player,0,2,0
sa_6395976.jpg,computer_user,0,0,0
sa_8514320.jpg,singer,0,1,0
sa_9793393.jpg,guitarist,0,1,0
sa_10242869.jpg,speaker,1,0,1
sa_4191657.jpg,retailer,0,1,0
sa_4929147.jpg,tennis_player,0,0,0
sa_665223.jpg,boatman,1,1,0
sa_3857923.jpg,backpacker,1,0,0
sa_4758814.jpg,boatman,1,1,0
sa_9890236.jpg,horseman,0,0,0
sa_10055329.jpg,boatman,1,1,0
sa_684150.jpg,singer,0,0,0
sa_420851.jpg,tennis_player,0,1,0
sa_10079402.jpg,motorcyclist,1,0,0
sa_4224159.jpg,trumpeter,0,2,0
sa_3270790.jpg,backpacker,0,1,0
sa_5553957.jpg,retailer,0,0,0
sa_8759833.jpg,repairman,0,0,1
sa_6836792.jpg,speaker,0,0,0
sa_107635.jpg,lawman,0,0,0
sa_544247.jpg,horseman,0,1,0
sa_6922541.jpg,speaker,1,0,0
sa_10837767.jpg,dancer,1,1,0
sa_9582474.jpg,sculptor,1,0,0
sa_2952491.jpg,craftsman,0,1,0
sa_10528025.jpg,farmer,1,1,0
sa_4171439.jpg,craftsman,0,1,0
sa_3743004.jpg,seller,1,1,0
sa_10125980.jpg,computer_user,0,0,0
sa_6736594.jpg,lawman,0,0,0
sa_1124183.jpg,skateboarder,0,0,0
sa_2547912.jpg,carpenter,0,1,0
sa_9377932.jpg,horseman,1,0,0
sa_2619644.jpg,waiter,0,0,0
sa_1733326.jpg,motorcyclist,0,0,0
sa_582.jpg,tennis_player,0,1,0
sa_8740609.jpg,hairdresser,1,1,0
sa_1218511.jpg,laborer,0,0,0
sa_10480752.jpg,speaker,1,0,0
sa_2028332.jpg,computer_user,0,0,0
sa_6929426.jpg,lifeguard,1,1,0
sa_3669218.jpg,skateboarder,0,1,0
sa_3711798.jpg,farmer,0,1,0
sa_8609703.jpg,speaker,0,0,0
sa_3506189.jpg,guitarist,0,1,0
sa_9443878.jpg,guard,0,0,0
sa_10813301.jpg,speaker,0,0,1
sa_5615180.jpg,waiter,0,0,0
sa_7975682.jpg,guitarist,0,0,0
sa_1547328.jpg,farmer,0,1,1
sa_6101481.jpg,speaker,0,1,0
sa_3497698.jpg,runner,0,0,0
sa_10963923.jpg,computer_user,1,1,0
sa_7630306.jpg,guitarist,0,0,0
sa_7578515.jpg,soldier,1,0,0
sa_7405457.jpg,speaker,0,0,0
sa_1821188.jpg,tennis_player,0,1,0
sa_5712598.jpg,basketball_player,0,1,0
sa_478829.jpg,singer,0,0,0
sa_5686959.jpg,craftsman,0,1,1
sa_8921626.jpg,gardener,0,0,1
sa_683079.jpg,craftsman,0,1,0
sa_10750184.jpg,craftsman,0,1,0
sa_931235.jpg,doctor,1,0,0
sa_8342524.jpg,ballplayer,0,0,0
sa_2807549.jpg,painter,0,1,0
sa_9112946.jpg,drummer,0,0,0
sa_9956784.jpg,skateboarder,0,1,0
sa_8107003.jpg,tennis_player,0,1,0
sa_6899776.jpg,guard,0,1,0
sa_6414542.jpg,speaker,0,0,1
sa_10621873.jpg,seller,1,1,0
sa_5833059.jpg,prayer,0,0,0
sa_2733234.jpg,repairman,1,1,0
sa_370619.jpg,repairman,0,0,0
sa_6991319.jpg,machinist,0,1,0
sa_1627748.jpg,skateboarder,0,0,0
sa_4246975.jpg,horseman,0,0,0
sa_10596360.jpg,dancer,0,1,0
sa_128579.jpg,backpacker,1,1,0
sa_7938293.jpg,teacher,1,0,0
sa_7243589.jpg,repairman,0,1,0
sa_5295808.jpg,singer,0,0,0
sa_2485477.jpg,doctor,0,1,0
sa_6892392.jpg,lawman,0,1,0
sa_3921602.jpg,speaker,0,0,1
sa_12821.jpg,lawman,0,1,0
sa_3518700.jpg,teacher,1,0,0
sa_3211944.jpg,repairman,0,1,0
sa_8831298.jpg,singer,0,0,0
sa_5311548.jpg,hairdresser,0,1,0
sa_4468831.jpg,tennis_player,0,0,0
sa_4758612.jpg,tennis_player,0,1,0
sa_10290330.jpg,lawman,0,1,0
sa_4352310.jpg,carpenter,0,0,0
sa_9717620.jpg,singer,0,0,0
sa_1192881.jpg,boatman,0,0,0
sa_9728517.jpg,student,0,1,0
sa_2226121.jpg,backpacker,0,0,0
sa_3769503.jpg,tennis_player,0,0,0
sa_4114818.jpg,computer_user,0,1,0
sa_2149439.jpg,disk_jockey,0,0,0
sa_6458048.jpg,computer_user,1,0,0
sa_7059156.jpg,guard,0,0,0
sa_1720527.jpg,backpacker,1,1,0
sa_7631450.jpg,computer_user,0,1,0
sa_1854202.jpg,seller,0,0,1
sa_7541354.jpg,horseman,0,0,0
sa_9089443.jpg,laborer,0,0,0
sa_1035923.jpg,horseman,0,1,0
sa_6352293.jpg,craftsman,0,1,0
sa_4271681.jpg,dancer,0,1,0
sa_10562021.jpg,tennis_player,0,1,0
sa_9746326.jpg,guitarist,0,1,0
sa_3881159.jpg,hairdresser,0,1,0
sa_453012.jpg,speaker,0,0,0
sa_9950321.jpg,speaker,0,1,0
sa_8517308.jpg,climber,0,1,0
sa_6827957.jpg,singer,0,0,0
sa_4762840.jpg,laborer,0,2,0
sa_9321273.jpg,speaker,0,1,0
sa_8430938.jpg,nurse,1,0,0
sa_3106942.jpg,seller,1,1,0
sa_6843325.jpg,boatman,0,0,1
sa_3174551.jpg,dancer,0,1,0
sa_10981377.jpg,guitarist,0,1,0
sa_3848713.jpg,gardener,1,0,0
sa_5678040.jpg,speaker,1,1,0
sa_5145762.jpg,student,1,1,0
sa_116568.jpg,skateboarder,0,0,0
sa_5210802.jpg,speaker,0,1,0
sa_4647986.jpg,singer,1,0,0
sa_6680899.jpg,seller,1,1,0
sa_8705229.jpg,motorcyclist,0,1,0
sa_10305215.jpg,lawman,0,1,0
sa_387269.jpg,computer_user,0,1,0
sa_2940700.jpg,carpenter,0,0,0
sa_429968.jpg,backpacker,0,1,0
sa_9602018.jpg,laborer,0,1,0
sa_1483417.jpg,speaker,0,1,0
sa_1834037.jpg,painter,0,1,0
sa_4504174.jpg,gymnast,1,1,0
sa_4958066.jpg,seller,0,0,0
sa_801862.jpg,singer,0,1,0
sa_241403.jpg,teacher,0,0,0
sa_3176102.jpg,reporter,1,0,0
sa_6621745.jpg,soccer_player,0,0,0
sa_11070051.jpg,lawman,0,1,0
sa_5607147.jpg,farmer,1,0,0
sa_2957401.jpg,lawman,0,0,0
sa_207700.jpg,guard,0,0,0
sa_852930.jpg,speaker,0,1,0
sa_1859538.jpg,singer,1,1,0
sa_9556954.jpg,skateboarder,0,1,0
sa_2684129.jpg,motorcyclist,0,1,0
sa_5954974.jpg,student,1,1,0
sa_1143847.jpg,backpacker,0,1,0
sa_823570.jpg,boatman,1,1,0
sa_7998819.jpg,seller,0,1,0
sa_5246560.jpg,dancer,1,0,0
sa_5183810.jpg,dancer,1,0,0
sa_631503.jpg,farmer,1,1,0
sa_3625603.jpg,speaker,0,0,0
sa_3458455.jpg,tennis_player,0,0,0
sa_223233.jpg,speaker,0,0,0
sa_832972.jpg,singer,0,0,0
sa_9196453.jpg,speaker,1,0,1
sa_10714222.jpg,horseman,0,0,0
sa_4465162.jpg,gymnast,1,1,0
sa_2413146.jpg,guard,0,1,0
sa_4947267.jpg,laborer,0,0,0
sa_9661674.jpg,lawman,0,0,0
sa_11156222.jpg,gymnast,1,0,0
sa_10461629.jpg,carpenter,0,1,0
sa_6638715.jpg,craftsman,0,1,1
sa_2348021.jpg,craftsman,0,1,0
sa_8748882.jpg,singer,0,1,0
sa_2778606.jpg,farmer,0,0,0
sa_6225486.jpg,tennis_player,1,0,0
sa_5717218.jpg,guitarist,0,1,0
sa_7405479.jpg,skateboarder,0,1,0
sa_3615102.jpg,ballplayer,0,2,0
sa_5728806.jpg,seller,0,0,0
sa_3365614.jpg,painter,0,1,1
sa_2088178.jpg,laborer,0,0,0
sa_8721554.jpg,repairman,0,0,0
sa_5561467.jpg,singer,0,1,0
sa_2009218.jpg,guard,0,0,0
sa_1541786.jpg,nurse,1,1,0
sa_7576876.jpg,cheerleader,0,0,1
sa_9625223.jpg,boatman,1,1,0
sa_10405373.jpg,doctor,0,1,0
sa_8307843.jpg,backpacker,0,1,0
sa_10899468.jpg,singer,1,0,0
sa_8549001.jpg,skateboarder,0,0,0
sa_1376658.jpg,singer,0,1,0
sa_6969491.jpg,sculptor,1,1,0
sa_5503115.jpg,ballplayer,0,1,0
sa_7489742.jpg,nurse,0,1,0
sa_5775534.jpg,disk_jockey,0,1,0
sa_6127132.jpg,farmer,0,0,0
sa_11112275.jpg,backpacker,1,0,0
sa_5482798.jpg,lawman,0,0,0
sa_9785742.jpg,lawman,0,1,0
sa_8313980.jpg,speaker,0,1,0
sa_6578720.jpg,runner,0,0,0
sa_7853872.jpg,tennis_player,1,0,0
sa_7737949.jpg,tennis_player,0,0,0
sa_8124047.jpg,farmer,1,1,1
sa_2360146.jpg,painter,0,1,0
sa_10183401.jpg,laborer,0,0,1
sa_7828662.jpg,singer,0,1,0
sa_133516.jpg,tennis_player,0,1,0
sa_6229254.jpg,backpacker,0,1,0
sa_1231893.jpg,painter,0,1,0
sa_10775484.jpg,skateboarder,1,1,0
sa_5041725.jpg,tennis_player,1,1,0
sa_10215607.jpg,backpacker,1,0,0
sa_9695751.jpg,teacher,0,0,0
sa_9124230.jpg,painter,0,1,0
sa_3419603.jpg,soccer_player,0,1,0
sa_6315547.jpg,soldier,0,1,1
sa_3499901.jpg,farmer,1,1,0
sa_1332907.jpg,boatman,1,0,0
sa_8118189.jpg,craftsman,0,1,0
sa_9490300.jpg,soldier,0,0,0
sa_5178434.jpg,reporter,0,0,0
sa_9572487.jpg,singer,0,1,0
sa_6946297.jpg,tennis_player,1,1,0
sa_10537164.jpg,dancer,0,1,0
sa_7254398.jpg,speaker,0,0,0
sa_1047420.jpg,tennis_player,0,1,0
sa_8337060.jpg,retailer,0,0,0
sa_3966812.jpg,gardener,0,1,0
sa_6255349.jpg,computer_user,1,0,0
sa_458276.jpg,retailer,1,0,0
sa_10054279.jpg,painter,0,0,0
sa_496006.jpg,nurse,1,0,0
sa_5390326.jpg,referee,0,0,0
sa_6472539.jpg,lawman,0,1,0
sa_1375540.jpg,climber,1,1,0
sa_10003972.jpg,backpacker,1,0,1
sa_10452907.jpg,machinist,0,1,0
sa_8048163.jpg,dancer,0,0,0
sa_11168505.jpg,skateboarder,0,0,0
sa_814982.jpg,backpacker,1,0,0
sa_7451555.jpg,lawman,0,0,0
sa_9616782.jpg,soccer_player,0,2,0
sa_3153345.jpg,doctor,0,1,0
sa_7286054.jpg,lawman,0,1,0
sa_1388587.jpg,laborer,1,1,0
sa_10142454.jpg,skateboarder,0,1,0
sa_1232367.jpg,painter,0,1,0
sa_3642986.jpg,dancer,0,1,0
sa_937365.jpg,gymnast,0,0,0
sa_4946708.jpg,lawman,0,1,0
sa_4937539.jpg,speaker,0,1,0
sa_1829610.jpg,farmer,0,1,0
sa_3811966.jpg,laborer,0,1,0
sa_7675516.jpg,soldier,0,0,0
sa_10329456.jpg,doctor,0,0,0
sa_391874.jpg,machinist,0,1,0
sa_831481.jpg,basketball_player,0,0,0
sa_9896427.jpg,gardener,0,1,0
sa_5577418.jpg,craftsman,0,1,0
sa_1379251.jpg,boatman,0,0,1
sa_5734946.jpg,farmer,0,0,0
sa_4459740.jpg,singer,1,0,0
sa_1080594.jpg,lifeguard,0,0,0
sa_2767.jpg,computer_user,0,0,0
sa_1862815.jpg,guitarist,0,0,0
sa_5051600.jpg,prayer,0,1,0
sa_2377855.jpg,flutist,0,2,0
sa_9609469.jpg,tennis_player,1,0,0
sa_8690131.jpg,speaker,0,1,0
sa_7420801.jpg,skateboarder,0,1,0
sa_6073171.jpg,lawman,1,0,0
sa_9218305.jpg,referee,0,1,0
sa_5103381.jpg,speaker,1,0,0
sa_8222769.jpg,boatman,1,1,0
sa_4178591.jpg,gardener,1,1,0
sa_6276158.jpg,tennis_player,1,1,0
sa_2684937.jpg,lifeguard,0,0,0
sa_5386386.jpg,lawman,1,0,0
sa_2396132.jpg,laborer,0,0,0
sa_4370618.jpg,skateboarder,0,1,0
sa_5107766.jpg,lifeguard,0,0,0
sa_591732.jpg,speaker,0,0,0
sa_5623866.jpg,lawman,0,0,0
sa_3191000.jpg,painter,1,0,0
sa_9354391.jpg,soccer_player,0,1,0
sa_9763781.jpg,painter,1,0,0
sa_8294098.jpg,repairman,0,0,0
sa_437888.jpg,skateboarder,0,0,0
sa_7684867.jpg,backpacker,1,1,0
sa_3207322.jpg,boatman,0,2,0
sa_9521654.jpg,painter,1,1,0
sa_5817962.jpg,repairman,0,0,0
sa_8076734.jpg,hairdresser,0,0,0
sa_5116051.jpg,trumpeter,1,0,0
sa_4779192.jpg,speaker,0,1,1
sa_4436959.jpg,guitarist,0,1,0
sa_11020857.jpg,gymnast,0,0,0
sa_1434854.jpg,lawman,0,1,0
sa_679682.jpg,boatman,0,1,1
sa_10376354.jpg,backpacker,1,0,0
sa_8837500.jpg,farmer,1,1,0
sa_6234839.jpg,tennis_player,0,2,0
sa_6671090.jpg,tennis_player,0,1,0
sa_9564189.jpg,guard,1,0,0
sa_3389775.jpg,hairdresser,0,2,0
sa_1342480.jpg,farmer,1,1,1
sa_7673179.jpg,singer,0,1,0
sa_10725782.jpg,backpacker,0,0,0
sa_9641736.jpg,tennis_player,0,1,0
sa_8977130.jpg,lawman,0,0,0
sa_8250972.jpg,speaker,0,1,0
sa_6215068.jpg,basketball_player,0,2,0
sa_6172355.jpg,guitarist,1,0,0
sa_4322737.jpg,reporter,1,0,0
sa_5698660.jpg,dancer,0,0,0
sa_7927359.jpg,guitarist,0,1,0
sa_9816934.jpg,disk_jockey,1,1,0
sa_10254062.jpg,lawman,0,1,0
sa_6314630.jpg,gymnast,1,1,0
sa_5371205.jpg,singer,0,0,0
sa_585794.jpg,speaker,0,0,1
sa_11017489.jpg,guard,0,0,0
sa_5370387.jpg,painter,0,1,0
sa_7712035.jpg,astronaut,1,0,0
sa_5027938.jpg,speaker,0,0,0
sa_7920621.jpg,computer_user,0,1,0
sa_3403355.jpg,farmer,0,1,1
sa_647336.jpg,disk_jockey,0,0,0
sa_5645763.jpg,backpacker,1,0,0
sa_214521.jpg,farmer,1,2,1
sa_10065823.jpg,tennis_player,1,1,0
sa_3135328.jpg,singer,0,0,0
sa_627712.jpg,skateboarder,0,0,0
sa_5360875.jpg,carpenter,0,1,0
sa_11053059.jpg,soldier,0,0,0
sa_8694058.jpg,repairman,0,1,0
sa_7288758.jpg,doctor,1,1,0
sa_5515314.jpg,nurse,1,0,0
sa_6599640.jpg,tennis_player,0,0,0
sa_6267749.jpg,soccer_player,0,0,0
sa_2082003.jpg,craftsman,0,1,0
sa_10390845.jpg,waiter,0,1,0
sa_6941477.jpg,seller,1,1,1
sa_5608779.jpg,motorcyclist,0,0,0
sa_6136210.jpg,trumpeter,0,1,1
sa_1452654.jpg,seller,1,0,0
sa_5525182.jpg,lawman,0,0,0
sa_2889760.jpg,singer,0,1,0
sa_7732542.jpg,painter,0,1,1
sa_2531597.jpg,referee,0,0,0
sa_7928704.jpg,boatman,1,1,1
sa_3977676.jpg,repairman,0,1,0
sa_9484566.jpg,reporter,1,0,0
sa_8416355.jpg,computer_user,0,0,0
sa_10648335.jpg,tennis_player,0,1,0
sa_9605668.jpg,speaker,0,0,1
sa_296434.jpg,speaker,1,1,0
sa_6623592.jpg,basketball_player,0,0,0
sa_2007262.jpg,singer,0,0,0
sa_882311.jpg,lifeguard,0,2,0
sa_6744731.jpg,lawman,0,1,0
sa_7243785.jpg,boatman,1,0,0
sa_10675197.jpg,guard,0,0,0
sa_8619736.jpg,laborer,0,2,0
sa_1515422.jpg,ballplayer,1,1,0
sa_10002712.jpg,motorcyclist,1,0,0
sa_4691434.jpg,skateboarder,0,1,0
sa_7227281.jpg,seller,1,1,1
sa_2185704.jpg,patient,1,0,0
sa_5999444.jpg,farmer,0,1,1
sa_8202138.jpg,gardener,1,1,0
sa_6099904.jpg,sculptor,0,1,0
sa_10434553.jpg,boatman,0,1,0
sa_744596.jpg,repairman,0,0,0
sa_7150559.jpg,boatman,0,1,0
sa_10455117.jpg,referee,0,0,0
sa_9359830.jpg,gymnast,0,0,0
sa_9678730.jpg,referee,0,1,0
sa_2560715.jpg,lawman,1,1,0
sa_1185693.jpg,lawman,0,0,0
sa_6875795.jpg,speaker,1,2,0
sa_4902863.jpg,doctor,0,0,0
sa_909270.jpg,reporter,0,0,0
sa_9296980.jpg,boatman,1,0,0
sa_1922675.jpg,hairdresser,0,0,0
sa_948591.jpg,patient,0,1,0
sa_856652.jpg,seller,1,0,0
sa_6739036.jpg,ballplayer,0,1,0
sa_5618521.jpg,boatman,0,0,0
sa_3998711.jpg,laborer,0,1,0
sa_3627160.jpg,farmer,0,0,0
sa_3412497.jpg,reporter,0,1,0
sa_125308.jpg,guitarist,0,0,0
sa_10208799.jpg,ballplayer,0,0,0
sa_8465403.jpg,gymnast,0,0,0
sa_738043.jpg,guitarist,0,1,0
sa_8698527.jpg,skateboarder,0,0,0
sa_5638893.jpg,laborer,1,1,0
sa_6812175.jpg,painter,1,0,0
sa_6275317.jpg,tennis_player,0,1,0
sa_8747901.jpg,lawman,0,1,0
sa_9563959.jpg,seller,0,0,0
sa_5501385.jpg,tennis_player,0,0,0
sa_4318093.jpg,backpacker,1,0,0
sa_8429342.jpg,farmer,1,1,0
sa_5526315.jpg,seller,0,0,1
sa_6052831.jpg,backpacker,1,0,0
sa_3258845.jpg,soccer_player,0,1,0
sa_10665112.jpg,repairman,0,0,0
sa_5056963.jpg,flutist,0,1,0
sa_7401034.jpg,soccer_player,0,1,0
sa_3916190.jpg,skateboarder,0,1,0
sa_3936065.jpg,backpacker,1,1,0
sa_4453397.jpg,speaker,1,1,0
sa_2756530.jpg,tennis_player,0,0,0
sa_1477887.jpg,lawman,0,0,0
sa_4706377.jpg,tennis_player,0,0,0
sa_3950376.jpg,computer_user,0,0,0
sa_9379270.jpg,lawman,1,1,0
sa_4133060.jpg,repairman,1,1,0
sa_3415596.jpg,boatman,1,1,0
sa_801379.jpg,speaker,0,1,0
sa_7854551.jpg,retailer,0,1,0
sa_1707019.jpg,skateboarder,0,0,0
sa_2869737.jpg,gymnast,1,0,0
sa_4423975.jpg,soldier,0,1,0
sa_3100781.jpg,skateboarder,0,0,0
sa_2790676.jpg,lawman,0,0,0
sa_6546235.jpg,seller,0,0,1
sa_1430418.jpg,guitarist,0,0,0
sa_2411349.jpg,soccer_player,0,1,0
sa_6964006.jpg,tennis_player,0,0,0
sa_2167152.jpg,speaker,1,1,0
sa_8032833.jpg,motorcyclist,1,0,0
sa_10821561.jpg,hairdresser,0,1,0
sa_1326570.jpg,basketball_player,0,0,0
sa_4157275.jpg,speaker,0,1,0
sa_3564725.jpg,cheerleader,1,2,0
sa_10375661.jpg,lawman,0,0,0
sa_5719401.jpg,sculptor,0,1,1
sa_10201731.jpg,reporter,1,0,0
sa_484081.jpg,horseman,1,0,0
sa_8814352.jpg,lifeguard,1,1,0
sa_7722463.jpg,seller,1,1,0
sa_5360845.jpg,referee,0,0,0
sa_9313109.jpg,soccer_player,0,1,0
sa_8461272.jpg,craftsman,0,1,0
sa_1524843.jpg,climber,0,2,0
sa_1041700.jpg,guitarist,0,0,0
sa_10964667.jpg,singer,0,0,0
sa_2013543.jpg,motorcyclist,0,0,0
sa_9174928.jpg,hairdresser,1,0,0
sa_3275694.jpg,craftsman,1,1,0
sa_3703189.jpg,tennis_player,0,0,0
sa_9598903.jpg,seller,1,0,0
sa_9496330.jpg,retailer,0,0,0
sa_10169296.jpg,speaker,0,0,0
sa_4407036.jpg,computer_user,1,0,0
sa_9019191.jpg,electrician,0,1,0
sa_10725524.jpg,soccer_player,0,1,0
sa_8011527.jpg,speaker,0,0,1
sa_273420.jpg,seller,0,0,0
sa_3775522.jpg,motorcyclist,0,0,0
sa_5498126.jpg,tennis_player,0,0,0
sa_1768298.jpg,astronaut,1,0,0
sa_9554125.jpg,astronaut,0,1,0
sa_6282530.jpg,drummer,0,0,1
sa_6363153.jpg,tennis_player,0,0,0
sa_10667518.jpg,speaker,0,0,0
sa_8665697.jpg,seller,1,1,1
sa_1765272.jpg,motorcyclist,0,1,0
sa_10648422.jpg,guitarist,1,0,0
sa_10811099.jpg,drummer,0,0,0
sa_2301350.jpg,speaker,0,0,0
sa_5084921.jpg,farmer,1,1,0
sa_6341835.jpg,basketball_player,0,0,0
sa_10231102.jpg,prayer,1,1,0
sa_10231718.jpg,backpacker,0,0,0
sa_1002439.jpg,motorcyclist,0,0,0
sa_8448924.jpg,ballplayer,0,1,0
sa_1749532.jpg,lawman,1,1,0
sa_625604.jpg,speaker,0,0,0
sa_394071.jpg,laborer,0,1,0
sa_3518715.jpg,cheerleader,1,1,0
sa_5686133.jpg,runner,0,1,0
sa_6705717.jpg,backpacker,1,1,0
sa_4856557.jpg,tennis_player,0,1,0
sa_2668870.jpg,painter,1,0,0
sa_2961470.jpg,backpacker,0,1,1
sa_6736966.jpg,runner,0,0,0
sa_2278640.jpg,singer,0,0,0
sa_5680823.jpg,laborer,1,1,0
sa_2692026.jpg,seller,1,1,1
sa_9901038.jpg,speaker,0,0,0
sa_9107159.jpg,computer_user,0,1,0
sa_10460603.jpg,soccer_player,0,0,0
sa_180924.jpg,horseman,1,0,0
sa_3973611.jpg,craftsman,0,1,0
sa_4586335.jpg,speaker,0,0,1
sa_3400102.jpg,dancer,1,1,0
sa_8700808.jpg,farmer,0,1,0
sa_10829616.jpg,referee,0,1,1
sa_7933902.jpg,lawman,0,1,0
sa_3707630.jpg,painter,0,1,1
sa_3209987.jpg,reporter,0,0,0
sa_4423634.jpg,singer,0,0,0
sa_9677490.jpg,disk_jockey,0,2,0
sa_2279950.jpg,tennis_player,1,1,0
sa_701338.jpg,repairman,0,1,0
sa_9251154.jpg,singer,1,0,0
sa_9721017.jpg,singer,1,1,0
sa_7217942.jpg,singer,0,0,0
sa_1970287.jpg,dancer,0,1,0
sa_2965847.jpg,speaker,0,1,0
sa_496403.jpg,basketball_player,0,0,0
sa_5332625.jpg,painter,0,0,0
sa_6295868.jpg,drummer,0,1,0
sa_3948285.jpg,patient,0,1,0
sa_7641145.jpg,machinist,0,1,0
sa_2456956.jpg,nurse,1,0,1
sa_1874625.jpg,speaker,1,1,0
sa_10625402.jpg,computer_user,0,0,0
sa_862875.jpg,motorcyclist,0,0,0
sa_3574756.jpg,gymnast,0,0,0
sa_6566348.jpg,laborer,0,1,1
sa_10782000.jpg,dancer,0,2,0
sa_3681103.jpg,singer,1,0,0
sa_6941881.jpg,boatman,0,1,0
sa_382000.jpg,dancer,1,1,0
sa_332779.jpg,machinist,1,0,0
sa_9920447.jpg,boatman,1,0,1
sa_7491961.jpg,hairdresser,0,0,0
sa_8884388.jpg,singer,0,1,1
sa_7320752.jpg,seller,0,1,1
sa_5161781.jpg,carpenter,0,0,1
sa_5568381.jpg,lifeguard,0,1,0
sa_9518414.jpg,lawman,0,0,0
sa_4036387.jpg,patient,0,2,1
sa_4058129.jpg,reporter,0,0,0
sa_5158655.jpg,reporter,1,1,0
sa_5360801.jpg,repairman,0,1,0
sa_1249342.jpg,flutist,0,0,1
sa_8897226.jpg,computer_user,1,0,0
sa_310549.jpg,doctor,1,0,0
sa_3258864.jpg,ballplayer,0,1,0
sa_5370176.jpg,laborer,1,0,0
sa_4677553.jpg,backpacker,1,1,0
sa_9641491.jpg,horseman,1,0,0
sa_8593304.jpg,backpacker,0,0,0
sa_4903160.jpg,horseman,0,2,0
sa_2785970.jpg,computer_user,0,0,0
sa_1505328.jpg,reporter,1,0,0
sa_1560820.jpg,farmer,0,1,0
sa_3125169.jpg,farmer,0,0,0
sa_9145023.jpg,guitarist,0,1,0
sa_7441459.jpg,farmer,0,1,1
sa_1170848.jpg,disk_jockey,1,1,0
sa_9986836.jpg,trumpeter,0,0,0
sa_5186106.jpg,lawman,0,1,0
sa_6954968.jpg,farmer,0,0,0
sa_10995218.jpg,backpacker,0,0,0
sa_1633686.jpg,ballplayer,0,2,0
sa_833558.jpg,singer,0,1,0
sa_7228365.jpg,student,0,1,0
sa_6773069.jpg,soccer_player,0,0,0
sa_9729540.jpg,singer,1,1,0
sa_9825667.jpg,runner,0,0,0
sa_2124707.jpg,sculptor,0,1,0
sa_5422488.jpg,basketball_player,0,2,0
sa_9703896.jpg,motorcyclist,1,0,0
sa_7725403.jpg,dancer,0,0,0
sa_9740104.jpg,craftsman,1,1,0
sa_1287669.jpg,drummer,0,1,0
sa_6353199.jpg,speaker,1,0,0
sa_9249401.jpg,painter,0,1,0
sa_2369804.jpg,lawman,0,1,0
sa_8609732.jpg,lawman,0,1,0
sa_6699978.jpg,patient,1,0,0
sa_1889573.jpg,ballplayer,0,1,0
sa_121738.jpg,seller,1,0,0
sa_4649300.jpg,lifeguard,0,1,0
sa_87774.jpg,electrician,0,1,0
sa_5115399.jpg,singer,0,2,0
sa_8715942.jpg,lawman,0,1,0
sa_8900331.jpg,horseman,1,0,0
sa_639715.jpg,ballplayer,0,0,0
sa_9628911.jpg,backpacker,1,1,0
sa_6860648.jpg,speaker,0,0,0
sa_4528508.jpg,singer,0,1,0
sa_9100111.jpg,farmer,0,1,0
sa_268637.jpg,sculptor,0,1,0
sa_2692584.jpg,painter,1,0,0
sa_602634.jpg,motorcyclist,0,1,0
sa_5174814.jpg,tennis_player,1,0,0
sa_6909003.jpg,gymnast,1,1,0
sa_9864958.jpg,dancer,1,1,0
sa_3103532.jpg,singer,0,0,0
sa_5157934.jpg,farmer,1,0,0
sa_5584083.jpg,drummer,0,0,0
sa_5868163.jpg,prayer,0,0,0
sa_7383397.jpg,seller,1,1,0
sa_2040352.jpg,retailer,1,0,0
sa_5816984.jpg,guitarist,0,0,1
sa_10729080.jpg,runner,0,0,0
sa_9090671.jpg,farmer,0,2,0
sa_2123689.jpg,backpacker,1,0,0
sa_5516602.jpg,gardener,0,0,0
sa_4228915.jpg,patient,0,1,0
sa_6097921.jpg,seller,1,1,0
sa_10305239.jpg,speaker,0,0,0
sa_10085142.jpg,gardener,0,1,1
sa_10483306.jpg,laborer,0,1,0
sa_10981461.jpg,basketball_player,0,1,0
sa_9904767.jpg,reporter,0,1,0
sa_7771062.jpg,lawman,0,0,0
sa_674660.jpg,sculptor,0,1,0
sa_7155748.jpg,machinist,0,1,0
sa_9191958.jpg,lawman,0,0,0
sa_8962848.jpg,guitarist,0,0,0
sa_9170165.jpg,speaker,1,1,0
sa_8529656.jpg,speaker,1,0,1
sa_8512532.jpg,gymnast,1,2,0
sa_4530794.jpg,skateboarder,0,1,0
sa_2179725.jpg,ballplayer,0,1,1
sa_1318320.jpg,speaker,0,0,0
sa_6052620.jpg,boatman,1,0,0
sa_2892219.jpg,computer_user,0,1,0
sa_3699708.jpg,tennis_player,0,0,0
sa_1916919.jpg,machinist,0,0,0
sa_6957732.jpg,tennis_player,0,1,0
sa_5064799.jpg,singer,0,0,0
sa_1000396.jpg,trumpeter,0,0,0
sa_9289269.jpg,backpacker,0,1,0
sa_258882.jpg,speaker,0,0,0
sa_3955601.jpg,craftsman,0,1,1
sa_7713316.jpg,farmer,0,2,0
sa_6669032.jpg,painter,0,0,0
sa_6883975.jpg,referee,0,0,0
sa_297766.jpg,skateboarder,0,0,0
sa_9981673.jpg,boatman,0,0,1
sa_6595872.jpg,singer,1,0,0
sa_10336211.jpg,lifeguard,0,1,0
sa_8428470.jpg,singer,1,0,0
sa_10469134.jpg,tennis_player,0,1,0
sa_2081420.jpg,cheerleader,1,0,0
sa_3761897.jpg,dancer,0,1,0
sa_10583092.jpg,runner,1,1,0
sa_3988148.jpg,disk_jockey,0,0,0
sa_1071289.jpg,lawman,0,0,0
sa_6627911.jpg,machinist,0,1,0
sa_6682848.jpg,skateboarder,0,0,0
sa_10674289.jpg,gardener,0,1,0
sa_3649869.jpg,farmer,1,1,0
sa_201416.jpg,speaker,0,1,0
sa_8152218.jpg,runner,0,0,0
sa_1886950.jpg,drummer,0,2,0
sa_2919061.jpg,speaker,0,0,1
sa_5579365.jpg,speaker,0,2,0
sa_3065809.jpg,prayer,0,1,0
sa_10341649.jpg,gymnast,1,0,0
sa_7264359.jpg,waiter,1,1,0
sa_7083142.jpg,lawman,0,1,0
sa_9453210.jpg,singer,0,2,0
sa_2904131.jpg,tennis_player,1,1,0
sa_218605.jpg,tennis_player,0,1,0
sa_3788920.jpg,sculptor,0,1,0
sa_7857167.jpg,horseman,0,1,0
sa_3773861.jpg,lawman,0,0,0
sa_6533539.jpg,speaker,0,1,0
sa_5684793.jpg,guitarist,0,0,0
sa_9142157.jpg,repairman,0,1,0
sa_4968137.jpg,doctor,1,0,0
sa_8963540.jpg,retailer,0,1,0
sa_939251.jpg,hairdresser,0,0,0
sa_10426383.jpg,guitarist,0,1,0
sa_7647679.jpg,guard,0,1,0
sa_8867275.jpg,soccer_player,0,0,0
sa_9250036.jpg,gymnast,1,1,0
sa_5808156.jpg,tennis_player,1,0,0
sa_8416062.jpg,laborer,1,0,0
sa_9758098.jpg,backpacker,1,0,0
sa_1634313.jpg,skateboarder,0,1,0
sa_6750349.jpg,retailer,1,0,0
sa_3195905.jpg,ballplayer,0,0,0
sa_4674571.jpg,gardener,0,1,1
sa_6090258.jpg,tennis_player,0,0,0
sa_10568466.jpg,computer_user,1,2,0
sa_6485059.jpg,skateboarder,0,1,0
sa_730061.jpg,tennis_player,0,1,0
sa_10569894.jpg,prayer,0,1,1
sa_462660.jpg,craftsman,1,1,0
sa_9665972.jpg,singer,1,0,0
sa_152358.jpg,prayer,0,0,1
sa_4325480.jpg,prayer,1,1,0
sa_8253015.jpg,skateboarder,0,0,0
sa_2261312.jpg,backpacker,0,0,0
sa_9303663.jpg,teacher,1,2,0
sa_8198219.jpg,repairman,0,1,0
sa_1732617.jpg,farmer,0,2,0
sa_2776508.jpg,tennis_player,0,1,0
sa_2320381.jpg,speaker,0,1,1
sa_4192986.jpg,reporter,0,1,0
sa_10613507.jpg,skateboarder,0,0,0
sa_9198337.jpg,dancer,1,1,0
sa_8003362.jpg,farmer,0,1,1
sa_11066309.jpg,singer,0,0,0
sa_8862375.jpg,farmer,0,1,0
sa_4143994.jpg,fireman,0,1,0
sa_6588914.jpg,tennis_player,1,0,0
sa_9363802.jpg,farmer,1,1,0
sa_8074965.jpg,teacher,1,0,0
sa_7860129.jpg,gardener,0,1,0
sa_4066492.jpg,ballplayer,0,1,0
sa_4288.jpg,skateboarder,0,0,0
sa_700072.jpg,dancer,0,2,0
sa_9233260.jpg,guard,0,1,0
sa_5480061.jpg,lawman,0,1,0
sa_222999.jpg,laborer,0,1,0
sa_10458317.jpg,doctor,1,0,0
sa_4982606.jpg,lifeguard,0,0,0
sa_7730381.jpg,lawman,0,0,0
sa_3670104.jpg,lawman,0,1,0
sa_9428577.jpg,lifeguard,0,0,0
sa_2726077.jpg,motorcyclist,1,1,0
sa_9152044.jpg,retailer,0,0,0
sa_5437182.jpg,tennis_player,1,2,0
sa_2952011.jpg,laborer,0,1,0
sa_9533464.jpg,singer,0,2,0
sa_4198752.jpg,patient,0,0,0
sa_280266.jpg,skateboarder,0,1,0
sa_8447642.jpg,soldier,0,1,0
sa_5433216.jpg,basketball_player,0,1,0
sa_4581927.jpg,guard,0,0,1
sa_5372902.jpg,singer,1,1,0
sa_1199324.jpg,reporter,0,0,1
sa_8164336.jpg,farmer,1,1,0
sa_3884401.jpg,gardener,0,1,0
sa_1754659.jpg,retailer,0,1,0
sa_343227.jpg,farmer,0,1,1
sa_8002402.jpg,reporter,0,0,0
sa_10602428.jpg,seller,0,1,0
sa_1057357.jpg,lawman,0,1,0
sa_6928753.jpg,backpacker,0,0,0
sa_6106860.jpg,disk_jockey,0,0,0
sa_6032553.jpg,dancer,1,1,0
sa_6723616.jpg,trumpeter,1,0,0
sa_10999728.jpg,farmer,0,0,0
sa_1512769.jpg,guard,0,0,0
sa_4835154.jpg,speaker,1,0,0
sa_3237281.jpg,soccer_player,1,0,0
sa_6981815.jpg,flutist,0,0,0
sa_7542746.jpg,tennis_player,1,0,0
sa_4285230.jpg,guard,0,0,0
sa_9654549.jpg,hairdresser,0,1,0
sa_9278968.jpg,tennis_player,0,0,0
sa_4462371.jpg,repairman,0,1,0
sa_6412847.jpg,backpacker,0,1,0
sa_8751292.jpg,craftsman,0,1,1
sa_10173805.jpg,patient,0,1,0
sa_8865847.jpg,machinist,0,1,0
sa_10629534.jpg,singer,0,0,0
sa_4444840.jpg,fireman,0,0,0
sa_3012529.jpg,farmer,1,1,0
sa_6098223.jpg,motorcyclist,0,1,0
sa_9464221.jpg,speaker,0,0,0
sa_3192835.jpg,farmer,0,1,1
sa_8884787.jpg,doctor,1,0,0
sa_544794.jpg,lawman,0,0,0
sa_7903329.jpg,singer,0,0,0
sa_1829210.jpg,soldier,0,1,0
sa_6543437.jpg,waiter,0,0,0
sa_4101104.jpg,speaker,0,0,0
sa_7328521.jpg,hairdresser,0,1,0
sa_6908544.jpg,boatman,0,0,0
sa_211976.jpg,repairman,0,0,0
sa_1621690.jpg,farmer,0,1,0
sa_10584283.jpg,craftsman,0,1,0
sa_1617074.jpg,horseman,0,1,0
sa_165009.jpg,motorcyclist,1,1,0
sa_9409964.jpg,seller,0,0,0
sa_5638416.jpg,machinist,1,0,1
sa_3900050.jpg,dancer,1,1,0
sa_6944419.jpg,seller,1,0,0
sa_7338733.jpg,singer,0,0,0
sa_7159520.jpg,motorcyclist,0,1,0
sa_9517844.jpg,fireman,0,1,0
sa_9260328.jpg,guitarist,0,0,1
sa_2782825.jpg,craftsman,1,1,0
sa_8147629.jpg,laborer,0,1,0
sa_8213345.jpg,guard,0,0,0
sa_4462916.jpg,speaker,0,1,0
sa_9804405.jpg,dancer,0,1,0
sa_4490676.jpg,singer,1,1,0
sa_311631.jpg,singer,1,0,0
sa_3309622.jpg,painter,0,0,0
sa_8119132.jpg,farmer,0,2,0
sa_7781958.jpg,soldier,0,0,0
sa_9991882.jpg,lifeguard,0,1,0
sa_2135624.jpg,laborer,0,2,1
sa_3553087.jpg,skateboarder,0,1,0
sa_10705952.jpg,motorcyclist,1,0,0
sa_5473065.jpg,laborer,1,1,0
sa_9199838.jpg,farmer,1,1,0
sa_5414262.jpg,farmer,0,1,0
sa_4933420.jpg,lawman,1,0,0
sa_3253632.jpg,waiter,1,0,0
sa_10531868.jpg,lawman,0,0,0
sa_10264953.jpg,farmer,1,1,0
sa_2895051.jpg,farmer,0,1,1
sa_8830467.jpg,gymnast,1,1,0
sa_5889695.jpg,tennis_player,1,1,0
sa_855350.jpg,singer,0,1,0
sa_1654296.jpg,ballplayer,0,0,0
sa_9323781.jpg,farmer,1,1,0
sa_590904.jpg,gardener,0,1,0
sa_9399174.jpg,skateboarder,0,0,0
sa_10395489.jpg,speaker,0,1,1
sa_1659347.jpg,farmer,1,2,0
sa_354074.jpg,soldier,0,1,0
sa_7929372.jpg,soccer_player,0,2,0
sa_3937570.jpg,craftsman,0,1,0
sa_2972992.jpg,seller,0,1,1
sa_3010239.jpg,drummer,0,1,1
sa_4129237.jpg,farmer,0,1,0
sa_8975163.jpg,craftsman,0,0,1
sa_4202061.jpg,farmer,0,1,0
sa_4408549.jpg,seller,1,0,1
sa_9577006.jpg,soccer_player,0,2,0
sa_68105.jpg,ballplayer,1,0,0
sa_2082837.jpg,boatman,1,0,0
sa_8118094.jpg,climber,1,0,0
sa_5448755.jpg,cheerleader,1,0,0
sa_5398161.jpg,waiter,0,1,0
sa_8583446.jpg,guitarist,1,1,0
sa_3233191.jpg,guitarist,0,0,0
sa_9028512.jpg,tennis_player,1,1,0
sa_4993157.jpg,runner,0,0,0
sa_4138210.jpg,singer,0,0,0
sa_9614181.jpg,backpacker,1,0,0
sa_10917119.jpg,painter,0,1,0
sa_1071087.jpg,farmer,1,0,0
sa_795557.jpg,seller,0,1,0
sa_6646891.jpg,guitarist,0,0,0
sa_2203504.jpg,dancer,0,0,0
sa_6847057.jpg,patient,0,0,0
sa_7758574.jpg,gymnast,1,2,0
sa_3812091.jpg,drummer,0,1,0
sa_5412459.jpg,prayer,0,0,1
sa_5473641.jpg,singer,0,1,0
sa_10183177.jpg,tennis_player,1,1,0
sa_2959303.jpg,backpacker,0,1,0
sa_1428763.jpg,farmer,0,0,1
sa_7377444.jpg,reporter,0,0,1
sa_3110162.jpg,backpacker,1,1,0
sa_3845333.jpg,disk_jockey,0,0,0
sa_1765999.jpg,speaker,0,0,1
sa_10890310.jpg,tennis_player,0,0,0
sa_5177204.jpg,soccer_player,0,2,0
sa_89070.jpg,seller,0,1,1
sa_10664773.jpg,repairman,0,0,0
sa_251835.jpg,farmer,1,2,0
sa_6430303.jpg,painter,0,0,1
sa_3291681.jpg,seller,0,1,0
sa_8588188.jpg,tennis_player,1,1,0
sa_10126763.jpg,doctor,1,0,0
sa_8865679.jpg,soccer_player,0,1,0
sa_4501234.jpg,hairdresser,0,1,0
sa_2102244.jpg,tennis_player,0,1,0
sa_3848390.jpg,prayer,0,1,0
sa_10474940.jpg,skateboarder,0,0,0
sa_6312368.jpg,motorcyclist,0,1,0
sa_1155626.jpg,singer,0,0,0
sa_27682.jpg,repairman,0,0,0
sa_8240142.jpg,gardener,0,0,0
sa_2549939.jpg,lawman,0,0,0
sa_2888841.jpg,reporter,1,1,0
sa_644252.jpg,computer_user,1,0,0
sa_5939208.jpg,lawman,0,1,1
sa_1430612.jpg,tennis_player,1,2,0
sa_6653172.jpg,singer,1,1,0
sa_2667653.jpg,speaker,0,0,0
sa_3683611.jpg,farmer,0,1,0
sa_665782.jpg,basketball_player,0,0,0
sa_3191887.jpg,tennis_player,0,0,1
sa_5924547.jpg,tennis_player,1,0,0
sa_7848061.jpg,farmer,0,1,0
sa_4773649.jpg,guitarist,0,1,0
sa_1448237.jpg,guitarist,1,1,0
sa_10298043.jpg,motorcyclist,0,1,0
sa_9984981.jpg,craftsman,0,1,0
sa_6702906.jpg,gymnast,1,0,0
sa_10161279.jpg,runner,0,0,0
sa_5315265.jpg,singer,0,1,0
sa_1387207.jpg,repairman,0,1,0
sa_8553302.jpg,farmer,1,2,1
sa_5841782.jpg,skateboarder,0,0,0
sa_2536350.jpg,tennis_player,0,0,0
sa_1769628.jpg,tennis_player,1,1,0
sa_8766619.jpg,dancer,0,0,0
sa_4469017.jpg,laborer,0,1,0
sa_7688315.jpg,backpacker,0,0,0
sa_2084517.jpg,gardener,0,0,0
sa_3432476.jpg,boatman,1,2,0
sa_6962.jpg,skateboarder,1,0,0
sa_3813119.jpg,nurse,1,0,0
sa_4101202.jpg,reporter,1,0,0
sa_3074578.jpg,patient,0,1,0
sa_1616922.jpg,hairdresser,1,1,0
sa_10605704.jpg,reporter,1,0,0
sa_8582695.jpg,gymnast,1,0,0
sa_11007478.jpg,drummer,0,1,1
sa_18024.jpg,computer_user,1,0,0
sa_5652430.jpg,guard,0,0,0
sa_8738769.jpg,retailer,1,0,0
sa_8612008.jpg,motorcyclist,0,1,0
sa_2137585.jpg,laborer,1,1,0
sa_3241963.jpg,skateboarder,0,0,0
sa_5873903.jpg,singer,0,0,0
sa_5187236.jpg,speaker,1,0,0
sa_10786063.jpg,patient,0,1,0
sa_9028699.jpg,boatman,0,0,0
sa_465534.jpg,singer,1,0,0
sa_1928427.jpg,fireman,0,0,0
sa_3598319.jpg,farmer,0,2,0
sa_108062.jpg,seller,0,1,0
sa_4004586.jpg,carpenter,0,1,0
sa_389200.jpg,singer,0,0,0
sa_8826393.jpg,runner,0,2,0
sa_4116829.jpg,retailer,1,1,0
sa_864937.jpg,prayer,0,1,0
sa_5729342.jpg,runner,0,1,0
sa_344174.jpg,painter,0,1,1
sa_1650857.jpg,speaker,0,0,0
sa_4234037.jpg,lawman,0,0,0
sa_8578121.jpg,guitarist,0,0,0
sa_2334718.jpg,farmer,0,0,0
sa_4179702.jpg,hairdresser,0,2,0
sa_6641999.jpg,tennis_player,0,1,0
sa_6079246.jpg,hairdresser,1,1,0
sa_8510539.jpg,prayer,1,1,0
sa_6288576.jpg,singer,0,0,0
sa_3963775.jpg,referee,0,1,0
sa_4123917.jpg,retailer,1,1,0
sa_553661.jpg,gymnast,1,1,0
sa_3902044.jpg,runner,1,1,0
sa_1591831.jpg,dancer,0,0,0
sa_5483695.jpg,backpacker,0,1,0
sa_1914983.jpg,motorcyclist,0,0,0
sa_5460606.jpg,speaker,0,0,1
sa_9198606.jpg,tennis_player,1,1,0
sa_5514513.jpg,speaker,0,0,0
sa_6023253.jpg,sculptor,0,1,0
sa_7052708.jpg,singer,0,0,0
sa_981981.jpg,lawman,0,1,0
sa_5924574.jpg,seller,1,1,0
sa_7648069.jpg,soldier,0,0,0
sa_1031032.jpg,painter,0,1,0
sa_4607159.jpg,fireman,0,0,0
sa_10024187.jpg,farmer,0,1,0
sa_1546735.jpg,lawman,0,0,0
sa_4351970.jpg,repairman,0,1,0
sa_9476713.jpg,retailer,1,1,0
sa_8586777.jpg,boatman,0,1,1
sa_4996783.jpg,seller,0,0,1
sa_5578255.jpg,speaker,1,1,0
sa_5896130.jpg,backpacker,1,0,0
sa_3408424.jpg,skateboarder,0,0,0
sa_5321146.jpg,ballplayer,0,1,0
sa_5692872.jpg,ballplayer,0,1,0
sa_10890926.jpg,motorcyclist,0,1,0
sa_7108877.jpg,skateboarder,0,1,0
sa_2823527.jpg,doctor,1,0,0
sa_9889337.jpg,guard,0,1,0
sa_3380260.jpg,speaker,0,1,0
sa_5021622.jpg,machinist,0,0,0
sa_1364606.jpg,guard,0,1,0
sa_442958.jpg,basketball_player,0,1,0
sa_4472822.jpg,trumpeter,0,0,1
sa_5834056.jpg,craftsman,0,1,0
sa_2924194.jpg,singer,0,0,0
sa_6495037.jpg,horseman,0,1,0
sa_6269457.jpg,singer,1,0,0
sa_1393230.jpg,laborer,0,1,0
sa_9217893.jpg,sculptor,0,0,0
sa_3175822.jpg,repairman,0,1,0
sa_9219227.jpg,nurse,1,1,0
sa_8536337.jpg,tennis_player,1,1,0
sa_4338340.jpg,boatman,0,2,1
sa_1452306.jpg,farmer,0,1,0
sa_8408132.jpg,speaker,0,1,0
sa_867907.jpg,speaker,0,0,0
sa_622702.jpg,basketball_player,0,0,0
sa_4022311.jpg,lawman,0,2,0
sa_5913604.jpg,boatman,0,0,0
sa_7620321.jpg,speaker,0,1,1
sa_7178590.jpg,speaker,0,0,0
sa_5706990.jpg,boatman,1,1,0
sa_3523039.jpg,lifeguard,0,0,0
sa_2115246.jpg,lawman,0,0,0
sa_9468440.jpg,climber,1,0,0
sa_5163525.jpg,speaker,0,0,1
sa_9291140.jpg,runner,0,0,0
sa_7456613.jpg,guitarist,0,0,0
sa_7782889.jpg,lawman,0,0,0
sa_5479287.jpg,doctor,0,1,1
sa_2875664.jpg,painter,0,1,0
sa_8079735.jpg,farmer,0,1,0
sa_4269393.jpg,laborer,0,1,0
sa_7915147.jpg,computer_user,0,0,0
sa_10656004.jpg,climber,0,1,0
sa_8845214.jpg,reporter,1,0,0
sa_5888180.jpg,computer_user,1,1,0
sa_5062531.jpg,repairman,0,1,0
sa_4313658.jpg,basketball_player,0,0,0
sa_8790421.jpg,fireman,0,0,0
sa_3998696.jpg,speaker,0,0,0
sa_3428772.jpg,motorcyclist,0,0,0
sa_4733423.jpg,ballplayer,0,1,0
sa_8830500.jpg,painter,0,0,1
sa_3942558.jpg,craftsman,1,1,1
sa_1128846.jpg,guard,0,1,0
sa_2278858.jpg,runner,0,2,0
sa_5126881.jpg,skateboarder,0,0,0
sa_4669995.jpg,speaker,0,0,0
sa_7403251.jpg,laborer,1,1,0
sa_5716175.jpg,computer_user,1,0,0
sa_7137131.jpg,lawman,0,1,0
sa_7124169.jpg,laborer,0,1,0
sa_6212796.jpg,electrician,0,0,0
sa_3477516.jpg,student,1,1,0
sa_4040599.jpg,gardener,1,1,1
sa_9266267.jpg,craftsman,0,1,0
sa_10492509.jpg,laborer,0,0,0
sa_3031453.jpg,horseman,0,0,0
sa_5307020.jpg,fireman,0,1,0
sa_5269223.jpg,backpacker,1,1,0
sa_5984349.jpg,singer,1,1,0
sa_800090.jpg,farmer,0,2,0
sa_4555197.jpg,retailer,1,1,0
sa_6247938.jpg,singer,0,0,0
sa_3586298.jpg,craftsman,0,0,0
sa_10144695.jpg,backpacker,1,0,0
sa_4302069.jpg,prayer,0,0,0
sa_5531528.jpg,backpacker,0,0,0
sa_8450074.jpg,horseman,0,1,0
sa_6706029.jpg,motorcyclist,0,1,0
sa_6238456.jpg,laborer,0,0,0
sa_2382091.jpg,singer,0,0,0
sa_7531601.jpg,laborer,0,1,0
sa_6826297.jpg,computer_user,1,0,0
sa_9749993.jpg,guitarist,0,1,0
sa_9521382.jpg,prayer,0,2,0
sa_7273524.jpg,carpenter,0,1,0
sa_9410466.jpg,speaker,1,0,0
sa_6190349.jpg,referee,0,0,0
sa_6988881.jpg,singer,0,0,0
sa_9402022.jpg,fireman,0,0,1
sa_10948833.jpg,craftsman,0,1,0
sa_6793420.jpg,trumpeter,0,1,0
sa_9598752.jpg,seller,0,1,0
sa_1756922.jpg,tennis_player,0,0,0
sa_10177472.jpg,speaker,0,1,0
sa_6952249.jpg,backpacker,0,0,0
sa_5906244.jpg,computer_user,0,1,0
sa_711628.jpg,ballplayer,0,0,1
sa_8290409.jpg,singer,1,0,0
sa_8500061.jpg,dancer,1,1,0
sa_1890196.jpg,disk_jockey,0,0,0
sa_10263190.jpg,painter,0,1,0
sa_7362.jpg,soldier,0,1,0
sa_6336208.jpg,referee,0,1,0
sa_2685586.jpg,horseman,0,0,0
sa_2145935.jpg,backpacker,0,0,0
sa_981703.jpg,horseman,1,0,0
sa_10096868.jpg,tennis_player,0,0,0
sa_2930735.jpg,computer_user,1,0,0
sa_9956663.jpg,seller,0,0,0
sa_2969552.jpg,sculptor,0,0,0
sa_5112386.jpg,lawman,0,0,0
sa_1177022.jpg,disk_jockey,1,0,0
sa_3924477.jpg,singer,0,1,0
sa_9042095.jpg,teacher,0,0,1
sa_6861073.jpg,seller,0,1,0
sa_6925772.jpg,seller,0,1,0
sa_9812664.jpg,nurse,0,1,0
sa_2955081.jpg,gardener,1,1,0
sa_10641716.jpg,tennis_player,0,0,0
sa_6633540.jpg,dancer,1,0,0
sa_4655347.jpg,referee,0,0,0
sa_9452281.jpg,skateboarder,0,1,0
sa_5031570.jpg,guitarist,0,0,1
sa_2339387.jpg,ballplayer,0,0,0
sa_1869913.jpg,doctor,1,0,0
sa_2271941.jpg,prayer,0,0,0
sa_5420237.jpg,student,1,1,0
sa_3501040.jpg,lawman,0,1,0
sa_7229489.jpg,skateboarder,0,0,0
sa_10644487.jpg,speaker,0,0,0
sa_1148303.jpg,skateboarder,0,1,0
sa_8393383.jpg,painter,0,0,0
sa_9357043.jpg,flutist,0,0,0
sa_6710464.jpg,craftsman,0,1,0
sa_977747.jpg,craftsman,1,1,0
sa_5561652.jpg,guard,0,1,0
sa_5391008.jpg,speaker,0,1,1
sa_10079404.jpg,lawman,0,0,0
sa_5232770.jpg,horseman,0,0,0
sa_3151660.jpg,soldier,0,1,0
sa_1615446.jpg,carpenter,0,1,0
sa_1423719.jpg,soldier,0,1,0
sa_10319750.jpg,tennis_player,1,1,0
sa_2161644.jpg,backpacker,0,1,0
sa_10493910.jpg,ballplayer,0,0,0
sa_5390566.jpg,singer,0,1,0
sa_8127505.jpg,painter,0,2,0
sa_3322650.jpg,craftsman,0,1,0
sa_988743.jpg,machinist,0,1,0
sa_8610511.jpg,climber,1,0,0
sa_8839215.jpg,drummer,1,1,1
sa_6170966.jpg,gardener,0,0,1
sa_544772.jpg,electrician,1,0,0
sa_8709162.jpg,guard,0,1,0
sa_2161063.jpg,singer,1,1,0
sa_9476199.jpg,carpenter,0,1,0
sa_2174328.jpg,farmer,1,1,0
sa_9833020.jpg,motorcyclist,0,1,0
sa_7554345.jpg,machinist,0,1,0
sa_9023105.jpg,flutist,0,1,0
sa_62666.jpg,lawman,0,0,0
sa_7621653.jpg,retailer,1,0,0
sa_9645675.jpg,repairman,0,0,0
sa_9367595.jpg,seller,1,1,0
sa_3107986.jpg,singer,0,2,0
sa_4231575.jpg,guitarist,0,0,0
sa_7960508.jpg,guard,0,0,0
sa_10827303.jpg,tennis_player,0,1,0
sa_9201042.jpg,soldier,0,0,0
sa_5900214.jpg,backpacker,1,1,0
sa_2493473.jpg,tennis_player,1,1,0
sa_10567088.jpg,painter,0,0,1
sa_850888.jpg,seller,1,1,0
sa_3362391.jpg,climber,0,0,0
sa_4212151.jpg,boatman,1,1,0
sa_5656620.jpg,motorcyclist,0,1,0
sa_8906493.jpg,tennis_player,0,0,0
sa_9864070.jpg,prayer,0,0,1
sa_8145272.jpg,speaker,1,0,0
sa_5324181.jpg,tennis_player,0,1,0
sa_1780908.jpg,waiter,0,0,0
sa_9402228.jpg,basketball_player,0,0,0
sa_4636340.jpg,gardener,0,1,0
sa_2770099.jpg,skateboarder,0,1,0
sa_9233909.jpg,lawman,0,1,0
sa_1407349.jpg,boatman,0,1,0
sa_6347816.jpg,lawman,0,0,0
sa_3067152.jpg,tennis_player,1,2,0
sa_607366.jpg,lawman,0,1,0
sa_6223056.jpg,gardener,1,1,0
sa_6494341.jpg,speaker,0,1,0
sa_1798489.jpg,skateboarder,0,0,0
sa_75827.jpg,prayer,1,0,0
sa_793123.jpg,skateboarder,0,1,0
sa_5715025.jpg,speaker,0,0,0
sa_4569352.jpg,painter,0,2,0
sa_4196530.jpg,singer,0,1,0
sa_5299322.jpg,tennis_player,0,0,0
sa_3014801.jpg,student,0,2,0
sa_8305426.jpg,dancer,0,1,0
sa_7165341.jpg,backpacker,1,0,0
sa_5269533.jpg,basketball_player,0,2,0
sa_9867555.jpg,speaker,0,1,0
sa_8512506.jpg,laborer,0,0,0
sa_4933068.jpg,speaker,0,0,0
sa_9257644.jpg,horseman,0,0,0
sa_8052768.jpg,seller,1,1,0
sa_3426382.jpg,backpacker,0,0,0
sa_11065871.jpg,farmer,0,1,1
sa_692778.jpg,speaker,1,0,0
sa_2327182.jpg,farmer,0,1,0
sa_7708390.jpg,lawman,0,0,0
sa_488034.jpg,guard,0,1,0
sa_9356819.jpg,seller,0,1,0
sa_7547204.jpg,tennis_player,1,0,0
sa_10800321.jpg,guitarist,0,0,0
sa_4454525.jpg,painter,0,1,1
sa_1817099.jpg,craftsman,0,1,1
sa_9063808.jpg,prayer,0,1,0
sa_10456065.jpg,singer,0,0,0
sa_5790903.jpg,craftsman,0,0,0
sa_9442913.jpg,patient,1,0,0
sa_9135611.jpg,nurse,1,1,1
sa_3264977.jpg,singer,1,0,0
sa_4303187.jpg,painter,0,0,0
sa_3230689.jpg,farmer,0,1,0
sa_520762.jpg,farmer,0,1,0
sa_10065906.jpg,lawman,0,0,0
sa_4851857.jpg,patient,0,1,0
sa_218431.jpg,prayer,0,1,0
sa_9572300.jpg,speaker,0,0,0
sa_9931549.jpg,guard,0,1,0
sa_6692316.jpg,doctor,0,1,0
sa_9322594.jpg,lawman,0,0,0
sa_697951.jpg,lawman,0,0,0
sa_8130237.jpg,speaker,0,1,0
sa_4222104.jpg,doctor,1,1,0
sa_1831392.jpg,farmer,0,1,0
sa_6060262.jpg,flutist,0,0,1
sa_1437007.jpg,laborer,0,1,0
sa_4944888.jpg,guitarist,0,1,0
sa_8792093.jpg,lawman,0,1,0
sa_8106663.jpg,basketball_player,0,1,0
sa_7553604.jpg,speaker,0,0,0
sa_8864875.jpg,singer,0,1,0
sa_5062420.jpg,patient,0,2,1
sa_719752.jpg,lawman,0,1,0
sa_6696499.jpg,tennis_player,1,0,0
sa_10768130.jpg,backpacker,0,0,0
sa_5108271.jpg,doctor,0,0,0
sa_9319028.jpg,speaker,1,0,1
sa_8244893.jpg,craftsman,0,1,0
sa_5889880.jpg,tennis_player,0,0,0
sa_2816086.jpg,doctor,1,0,0
sa_5479463.jpg,lawman,0,1,0
sa_10174544.jpg,disk_jockey,1,0,0
sa_721659.jpg,skateboarder,0,1,0
sa_2334744.jpg,lifeguard,0,1,1
sa_7352185.jpg,boatman,1,1,0
sa_1560122.jpg,basketball_player,0,0,0
sa_2214555.jpg,skateboarder,0,1,0
sa_883711.jpg,singer,1,1,1
sa_3586006.jpg,patient,0,1,0
sa_6975286.jpg,seller,0,1,0
sa_7833243.jpg,boatman,0,0,1
sa_1298440.jpg,tennis_player,1,0,0
sa_8778142.jpg,guitarist,0,0,0
sa_4661143.jpg,sculptor,0,0,0
sa_2752354.jpg,lawman,0,1,0
sa_3178420.jpg,craftsman,0,1,0
sa_2688483.jpg,ballplayer,0,0,0
sa_7591969.jpg,speaker,0,1,1
sa_7762112.jpg,lawman,0,0,0
sa_3534694.jpg,skateboarder,0,2,0
sa_6386914.jpg,patient,0,0,1
sa_10418892.jpg,painter,0,0,0
sa_2432373.jpg,singer,0,1,1
sa_6929917.jpg,motorcyclist,1,0,0
sa_6043898.jpg,drummer,1,0,0
sa_4054907.jpg,reporter,0,1,0
sa_1431341.jpg,laborer,0,0,1
sa_1094197.jpg,hairdresser,0,0,1
sa_1232330.jpg,retailer,0,0,0
sa_4339274.jpg,backpacker,0,0,0
sa_9605249.jpg,cheerleader,0,0,1
sa_1840662.jpg,farmer,0,1,0
sa_8327563.jpg,lawman,0,0,0
sa_2307374.jpg,soccer_player,0,1,0
sa_9139110.jpg,basketball_player,0,0,0
sa_2247894.jpg,lawman,0,0,0
sa_9496645.jpg,patient,0,1,0
sa_2319615.jpg,lawman,0,1,0
sa_7583106.jpg,repairman,0,1,1
sa_3763403.jpg,tennis_player,0,1,0
sa_1494881.jpg,prayer,0,1,1
sa_10409496.jpg,gymnast,0,1,0
sa_19063.jpg,farmer,1,1,0
sa_3902628.jpg,disk_jockey,0,2,0
sa_2435740.jpg,seller,0,1,0
sa_7593806.jpg,motorcyclist,1,1,0
sa_3538669.jpg,painter,0,1,0
sa_8654752.jpg,computer_user,0,0,0
sa_1042676.jpg,lawman,0,1,0
sa_2580479.jpg,singer,0,0,1
sa_1703952.jpg,craftsman,0,0,0
sa_8128249.jpg,waiter,1,1,0
sa_1233476.jpg,lawman,0,0,0
sa_10680759.jpg,hairdresser,0,2,0
sa_5801200.jpg,tennis_player,1,1,0
sa_8728076.jpg,skateboarder,0,1,0
sa_326692.jpg,repairman,0,0,1
sa_5526237.jpg,singer,0,2,0
sa_1232867.jpg,repairman,0,1,0
sa_3527707.jpg,tennis_player,0,0,0
sa_10995083.jpg,seller,0,1,0
sa_4775334.jpg,speaker,0,0,0
sa_4633915.jpg,skateboarder,0,1,0
sa_8273768.jpg,runner,0,0,1
sa_6646257.jpg,backpacker,0,0,0
sa_4460867.jpg,craftsman,0,1,0
sa_7146960.jpg,boatman,1,0,0
sa_9298259.jpg,guitarist,0,0,0
sa_851141.jpg,seller,1,0,0
sa_6254820.jpg,lifeguard,0,1,0
sa_4161357.jpg,speaker,0,0,1
sa_3519496.jpg,speaker,0,1,1
sa_5971037.jpg,boatman,1,0,0
sa_5678716.jpg,hairdresser,1,0,0
sa_10349332.jpg,singer,0,1,0
sa_10722725.jpg,prayer,1,0,0
sa_4354173.jpg,tennis_player,0,0,0
sa_8654158.jpg,seller,1,1,0
sa_11113273.jpg,retailer,0,1,0
sa_7672870.jpg,hairdresser,1,1,0
sa_8039858.jpg,boatman,1,1,0
sa_3521935.jpg,singer,0,0,0
sa_5219665.jpg,boatman,0,1,0
sa_7891017.jpg,speaker,0,0,0
sa_2725465.jpg,basketball_player,0,0,0
sa_8428910.jpg,prayer,0,0,0
sa_6525933.jpg,farmer,0,1,1
sa_5335764.jpg,computer_user,1,0,0
sa_6267789.jpg,machinist,0,1,0
sa_9416538.jpg,gymnast,0,0,0
sa_9514047.jpg,tennis_player,0,0,0
sa_6134782.jpg,skateboarder,0,0,0
sa_7390064.jpg,gymnast,0,0,0
sa_7053339.jpg,lawman,0,1,0
sa_11042755.jpg,lawman,0,1,0
sa_8244554.jpg,horseman,0,0,0
sa_841796.jpg,lawman,0,1,0
sa_10025515.jpg,hairdresser,0,1,0
sa_7105649.jpg,painter,0,0,0
sa_4806424.jpg,prayer,0,0,0
sa_527352.jpg,farmer,0,0,0
sa_10488863.jpg,retailer,1,0,0
sa_5821499.jpg,dancer,1,0,0
sa_6177703.jpg,tennis_player,0,0,0
sa_9124126.jpg,electrician,0,1,0
sa_7791860.jpg,painter,0,1,1
sa_9010105.jpg,seller,1,1,1
sa_8874640.jpg,guitarist,0,0,0
sa_1570221.jpg,dancer,1,0,0
sa_8552386.jpg,speaker,0,1,0
sa_4747634.jpg,tennis_player,1,0,0
sa_9657168.jpg,disk_jockey,1,0,0
sa_258137.jpg,repairman,0,1,0
sa_5943.jpg,flutist,1,0,0
sa_9147965.jpg,tennis_player,1,0,0
sa_8597104.jpg,waiter,0,1,0
sa_6686237.jpg,backpacker,1,0,0
sa_491336.jpg,doctor,0,1,0
sa_5244788.jpg,gymnast,1,1,0
sa_5000250.jpg,motorcyclist,0,1,0
sa_7862589.jpg,backpacker,1,0,0
sa_10884652.jpg,painter,0,1,0
sa_9915004.jpg,boatman,1,0,0
sa_8250538.jpg,motorcyclist,0,0,0
sa_2359082.jpg,guard,0,0,0
sa_554302.jpg,soldier,0,0,0
sa_10996275.jpg,nurse,1,0,0
sa_8335409.jpg,computer_user,0,2,0
sa_4839033.jpg,drummer,0,0,0
sa_4539677.jpg,runner,0,1,0
sa_99674.jpg,gardener,0,1,0
sa_660174.jpg,farmer,0,1,0
sa_7181991.jpg,lawman,0,0,0
sa_9974326.jpg,tennis_player,0,1,0
sa_2979494.jpg,guard,1,0,0
sa_2001315.jpg,lifeguard,0,1,0
sa_7174403.jpg,hairdresser,0,1,0
sa_4031477.jpg,drummer,0,0,0
sa_6323540.jpg,drummer,1,1,1
sa_3494793.jpg,laborer,1,0,0
sa_6796244.jpg,computer_user,0,1,0
sa_609124.jpg,singer,0,1,0
sa_1429619.jpg,skateboarder,0,0,0
sa_5903527.jpg,computer_user,0,0,1
sa_6493071.jpg,flutist,0,1,0
sa_6101924.jpg,craftsman,0,0,0
sa_1795506.jpg,craftsman,0,0,0
sa_735395.jpg,painter,0,1,0
sa_938868.jpg,speaker,0,0,0
sa_511909.jpg,seller,1,1,0
sa_2692068.jpg,laborer,0,1,0
sa_5657268.jpg,skateboarder,1,1,0
sa_5697794.jpg,gymnast,0,0,0
sa_10465143.jpg,waiter,0,0,0
sa_2157100.jpg,seller,1,1,1
sa_2069463.jpg,gardener,1,1,1
sa_1978444.jpg,painter,0,1,1
sa_8097015.jpg,boatman,0,1,0
sa_5123803.jpg,speaker,0,0,0
sa_8311131.jpg,machinist,1,0,0
sa_1159600.jpg,skateboarder,0,0,0
sa_10565525.jpg,machinist,0,1,0
sa_10541297.jpg,guitarist,0,1,1
sa_10571016.jpg,skateboarder,0,0,0
sa_3467540.jpg,waiter,1,0,0
sa_6232197.jpg,seller,0,0,0
sa_10154456.jpg,computer_user,0,1,0
sa_11151261.jpg,drummer,0,1,0
sa_6280344.jpg,electrician,0,1,0
sa_4279791.jpg,repairman,0,0,0
sa_7527231.jpg,tennis_player,0,0,0
sa_8502643.jpg,craftsman,0,0,0
sa_5029187.jpg,farmer,1,1,1
sa_9129438.jpg,drummer,0,0,0
sa_3605006.jpg,guitarist,0,0,0
sa_4163356.jpg,tennis_player,0,0,0
sa_6214913.jpg,speaker,0,0,0
sa_8618472.jpg,machinist,0,0,0
sa_2999471.jpg,basketball_player,0,0,0
sa_8355076.jpg,lawman,0,1,0
sa_8175605.jpg,repairman,0,1,0
sa_6201189.jpg,skateboarder,0,1,0
sa_9305938.jpg,boatman,1,1,0
sa_3898922.jpg,hairdresser,0,0,0
sa_9052526.jpg,gardener,1,0,0
sa_9505810.jpg,lawman,0,1,0
sa_134169.jpg,horseman,1,0,0
sa_9115376.jpg,tennis_player,0,0,0
sa_2025103.jpg,seller,1,0,0
sa_7378589.jpg,boatman,0,1,0
sa_5848620.jpg,painter,0,1,0
sa_1251198.jpg,craftsman,0,0,0
sa_10592233.jpg,student,0,1,0
sa_1893416.jpg,skateboarder,0,1,0
sa_8243113.jpg,referee,0,1,0
sa_8485512.jpg,horseman,1,0,0
sa_4852075.jpg,craftsman,0,0,0
sa_7098997.jpg,soldier,0,1,0
sa_1567129.jpg,cheerleader,1,1,0
sa_10890138.jpg,computer_user,0,1,0
sa_5605905.jpg,soldier,0,0,0
sa_9427084.jpg,soldier,1,0,0
sa_9777786.jpg,repairman,0,1,0
sa_8825395.jpg,lifeguard,0,1,0
sa_2148682.jpg,drummer,1,1,0
sa_6118724.jpg,lawman,0,0,0
sa_7641204.jpg,skateboarder,0,0,0
sa_2003020.jpg,seller,0,1,0
sa_2856128.jpg,drummer,0,1,0
sa_10014803.jpg,painter,0,1,1
sa_8026041.jpg,repairman,0,0,0
sa_8063100.jpg,disk_jockey,0,1,0
sa_162427.jpg,backpacker,1,1,0
sa_3822717.jpg,speaker,0,0,0
sa_3726868.jpg,guard,0,0,0
sa_10492088.jpg,sculptor,0,1,1
sa_4246413.jpg,motorcyclist,0,1,0
sa_7220265.jpg,backpacker,1,0,0
sa_3584837.jpg,reporter,1,0,0
sa_1794378.jpg,laborer,0,1,0
sa_6455010.jpg,backpacker,1,1,0
sa_5158350.jpg,guard,0,0,0
sa_2246638.jpg,sculptor,0,1,1
sa_188548.jpg,craftsman,0,1,0
sa_10913462.jpg,hairdresser,0,0,0
sa_5078819.jpg,singer,1,0,0
sa_7224727.jpg,farmer,0,1,0
sa_7964969.jpg,laborer,0,2,0
sa_5136619.jpg,backpacker,1,0,0
sa_10749830.jpg,tennis_player,0,0,0
sa_3160780.jpg,skateboarder,0,1,0
sa_4677724.jpg,sculptor,0,0,0
sa_3122032.jpg,singer,0,0,1
sa_8774508.jpg,retailer,0,0,0
sa_3895550.jpg,machinist,0,0,0
sa_3939235.jpg,lawman,0,0,0
sa_2552471.jpg,singer,0,1,0
sa_9683651.jpg,speaker,1,0,1
sa_1447554.jpg,ballplayer,0,1,0
sa_9786441.jpg,lawman,0,0,0
sa_6309856.jpg,gardener,0,1,0
sa_6009551.jpg,horseman,1,0,0
sa_4579350.jpg,repairman,0,1,0
sa_7122567.jpg,lawman,0,1,0
sa_1796485.jpg,lawman,0,1,0
sa_2006372.jpg,speaker,0,2,0
sa_9352124.jpg,guitarist,0,0,0
sa_8177694.jpg,doctor,0,0,0
sa_5637467.jpg,farmer,1,0,0
sa_5168703.jpg,computer_user,0,0,0
sa_9249762.jpg,prayer,0,1,0
sa_9537484.jpg,retailer,0,2,0
sa_2996879.jpg,soccer_player,0,1,0
sa_2324883.jpg,speaker,1,1,0
sa_7042697.jpg,seller,1,0,0
sa_10374862.jpg,computer_user,1,2,0
sa_6324203.jpg,speaker,0,0,0
sa_9102997.jpg,computer_user,0,0,0
sa_9253253.jpg,farmer,1,1,0
sa_2482667.jpg,seller,0,0,0
sa_6055095.jpg,soldier,0,0,0
sa_8520017.jpg,waiter,1,0,0
sa_6229702.jpg,repairman,0,1,0
sa_6656562.jpg,speaker,0,1,0
sa_1189628.jpg,seller,0,1,0
sa_450076.jpg,computer_user,0,1,0
sa_4974553.jpg,horseman,1,0,0
sa_2728703.jpg,speaker,0,1,0
sa_5884124.jpg,backpacker,1,1,0
sa_2166388.jpg,tennis_player,1,0,0
sa_8980592.jpg,reporter,0,0,0
sa_9808846.jpg,reporter,0,0,0
sa_2201669.jpg,prayer,0,1,0
sa_10627959.jpg,painter,0,1,1
sa_3688585.jpg,speaker,0,0,0
sa_3729609.jpg,fireman,0,1,0
sa_408493.jpg,carpenter,0,1,1
sa_10975945.jpg,electrician,0,1,0
sa_10043362.jpg,patient,1,1,1
sa_6560740.jpg,backpacker,0,0,0
sa_10464680.jpg,speaker,0,0,0
sa_2517837.jpg,speaker,1,0,1
sa_1129679.jpg,farmer,1,1,0
sa_8847245.jpg,patient,0,0,0
sa_8620778.jpg,horseman,1,0,1
sa_3619417.jpg,tennis_player,1,0,0
sa_4232157.jpg,ballplayer,0,0,0
sa_5092062.jpg,motorcyclist,1,0,0
sa_3568238.jpg,teacher,1,1,0
sa_10198100.jpg,painter,0,1,1
sa_934523.jpg,reporter,0,1,0
sa_5374957.jpg,craftsman,0,0,0
sa_5615245.jpg,prayer,0,1,0
sa_952336.jpg,skateboarder,0,0,0
sa_2366527.jpg,soldier,0,0,0
sa_139608.jpg,soccer_player,0,1,0
sa_5478643.jpg,farmer,0,2,0
sa_10629911.jpg,farmer,1,0,1
sa_7707491.jpg,basketball_player,0,0,0
sa_8700475.jpg,speaker,0,1,0
sa_6505555.jpg,guitarist,1,0,0
sa_7926848.jpg,soldier,0,2,0
sa_7855293.jpg,farmer,1,0,0
sa_1269419.jpg,laborer,0,0,0
sa_902427.jpg,speaker,1,0,0
sa_1322749.jpg,lawman,0,0,0
sa_5394721.jpg,gardener,1,0,0
sa_3775993.jpg,tennis_player,0,0,0
sa_67185.jpg,skateboarder,0,1,0
sa_9068164.jpg,backpacker,0,1,0
sa_8128585.jpg,tennis_player,0,1,0
sa_1830.jpg,backpacker,0,0,0
sa_5218411.jpg,speaker,0,1,1
sa_9956793.jpg,boatman,0,0,0
sa_1219621.jpg,patient,1,1,0
sa_5166572.jpg,lawman,0,0,0
sa_9796770.jpg,skateboarder,0,0,0
sa_9333807.jpg,seller,0,1,0
sa_9206333.jpg,skateboarder,0,1,0
sa_6305691.jpg,seller,0,2,0
sa_266587.jpg,speaker,0,0,0
sa_5685445.jpg,speaker,0,1,0
sa_4637990.jpg,painter,0,0,1
sa_9893159.jpg,repairman,0,1,0
sa_5415781.jpg,backpacker,1,1,0
sa_4964450.jpg,dancer,0,1,0
sa_8985741.jpg,skateboarder,0,0,0
sa_10409627.jpg,farmer,0,1,0
sa_10166702.jpg,skateboarder,0,0,0
sa_5245673.jpg,runner,0,1,0
sa_9709800.jpg,teacher,1,0,0
sa_10049067.jpg,backpacker,0,1,0
sa_1785779.jpg,tennis_player,0,1,0
sa_4305043.jpg,farmer,1,1,1
sa_1932304.jpg,patient,0,1,0
sa_8630018.jpg,tennis_player,0,0,0
sa_8492936.jpg,painter,0,0,0
sa_9042497.jpg,hairdresser,1,0,0
sa_2549181.jpg,referee,0,1,0
sa_10612120.jpg,farmer,0,1,1
sa_4352285.jpg,skateboarder,0,1,0
sa_3692418.jpg,prayer,1,1,1
sa_6719773.jpg,computer_user,0,0,0
sa_5918098.jpg,speaker,0,0,0
sa_6134604.jpg,repairman,0,1,0
sa_3585109.jpg,lifeguard,0,0,0
sa_2140694.jpg,backpacker,1,0,0
sa_6427632.jpg,tennis_player,1,0,0
sa_3485960.jpg,repairman,0,1,0
sa_4325756.jpg,farmer,1,1,0
sa_4660189.jpg,laborer,0,1,0
sa_3505121.jpg,tennis_player,1,1,0
sa_9650630.jpg,tennis_player,0,1,0
sa_1975913.jpg,boatman,0,1,0
sa_3883284.jpg,farmer,0,1,1
sa_4032483.jpg,basketball_player,0,0,0
sa_1766250.jpg,skateboarder,0,0,0
sa_2613629.jpg,tennis_player,0,0,0
sa_10799105.jpg,retailer,0,1,0
sa_4281688.jpg,speaker,0,1,0
sa_10188005.jpg,sculptor,0,1,0
sa_461774.jpg,farmer,0,0,0
sa_9330307.jpg,lawman,0,0,0
sa_4953473.jpg,seller,0,1,0
sa_8056766.jpg,seller,1,0,0
sa_4646962.jpg,skateboarder,0,0,0
sa_8225528.jpg,computer_user,1,0,0
sa_9655003.jpg,farmer,0,1,0
sa_5653045.jpg,skateboarder,0,1,0
sa_448449.jpg,computer_user,0,0,0
sa_10477823.jpg,hairdresser,0,1,0
sa_1455011.jpg,drummer,0,1,0
sa_10200065.jpg,painter,0,1,1
sa_4003261.jpg,laborer,0,1,0
sa_757855.jpg,farmer,0,1,0
sa_8072048.jpg,runner,0,0,0
sa_366834.jpg,farmer,0,0,0
sa_7655076.jpg,computer_user,1,1,0
sa_2471877.jpg,speaker,0,1,0
sa_2421354.jpg,sculptor,0,0,0
sa_9793931.jpg,bartender,0,0,0
sa_5997671.jpg,waiter,0,0,0
sa_4165128.jpg,dancer,0,0,0
sa_59628.jpg,soldier,0,0,0
sa_4677390.jpg,seller,0,1,1
sa_1950998.jpg,painter,1,1,0
sa_9332624.jpg,seller,1,0,0
sa_2896526.jpg,singer,0,0,0
sa_7926997.jpg,tennis_player,1,0,0
sa_6695778.jpg,craftsman,0,2,0
sa_2783639.jpg,waiter,0,1,0
sa_145378.jpg,painter,0,1,0
sa_8624348.jpg,boatman,1,1,0
sa_4820887.jpg,singer,1,0,0
sa_5894165.jpg,horseman,1,0,0
sa_944986.jpg,fireman,0,1,0
sa_11045767.jpg,craftsman,0,2,0
sa_6672628.jpg,seller,0,2,0
sa_10132382.jpg,lifeguard,0,0,0
sa_3072259.jpg,seller,1,0,0
sa_8123984.jpg,repairman,0,2,0
sa_5826807.jpg,soldier,0,1,0
sa_2191447.jpg,painter,0,1,0
sa_7777646.jpg,nurse,1,0,0
sa_1650128.jpg,boatman,1,1,0
sa_10995721.jpg,laborer,0,0,1
sa_6363331.jpg,speaker,1,0,0
sa_3984432.jpg,laborer,1,1,0
sa_9339542.jpg,lifeguard,0,0,0
sa_6835618.jpg,computer_user,1,0,0
sa_64228.jpg,student,0,1,0
sa_8256256.jpg,guitarist,0,0,1
sa_2612714.jpg,soldier,0,0,0
sa_1077114.jpg,backpacker,0,0,0
sa_8732684.jpg,astronaut,0,0,0
sa_7370985.jpg,retailer,0,0,0
sa_5819485.jpg,hairdresser,0,1,0
sa_561605.jpg,gardener,1,0,0
sa_10971346.jpg,farmer,1,1,1
sa_10615055.jpg,guitarist,0,0,0
sa_184040.jpg,bartender,1,0,0
sa_10310193.jpg,horseman,0,0,1
sa_210879.jpg,lawman,0,0,0
sa_9523754.jpg,tennis_player,0,0,0
sa_427094.jpg,boatman,0,1,1
sa_7599869.jpg,farmer,0,0,0
sa_8273849.jpg,laborer,0,1,0
sa_10658769.jpg,climber,0,0,0
sa_4816390.jpg,backpacker,1,0,0
sa_572417.jpg,tennis_player,0,0,0
sa_10820366.jpg,skateboarder,0,1,0
sa_4423551.jpg,soccer_player,0,0,0
sa_6319161.jpg,patient,0,1,0
sa_6924719.jpg,speaker,0,0,1
sa_2639705.jpg,gymnast,1,0,0
sa_341309.jpg,painter,1,0,0
sa_9357558.jpg,skateboarder,0,0,0
sa_5416116.jpg,guitarist,0,0,0
sa_5238673.jpg,basketball_player,0,2,0
sa_2131805.jpg,singer,1,1,0
sa_1945071.jpg,boatman,0,0,0
sa_9270626.jpg,gardener,1,1,0
sa_10267459.jpg,craftsman,0,1,0
sa_1297835.jpg,prayer,1,1,1
sa_5762026.jpg,drummer,0,1,0
sa_7418894.jpg,guard,0,0,0
sa_3283671.jpg,gymnast,0,1,0
sa_3910899.jpg,seller,0,1,0
sa_2660137.jpg,backpacker,0,0,0
sa_5086364.jpg,singer,0,1,0
sa_5392800.jpg,motorcyclist,0,0,0
sa_6273605.jpg,skateboarder,0,1,0
sa_9248220.jpg,laborer,0,1,0
sa_8310814.jpg,fireman,0,0,0
sa_833527.jpg,seller,1,1,0
sa_2412519.jpg,referee,0,0,0
sa_9256393.jpg,prayer,0,1,0
sa_2397512.jpg,guitarist,0,1,0
sa_1889024.jpg,judge,0,1,0
sa_663266.jpg,speaker,0,1,0
sa_8782636.jpg,guard,0,0,0
sa_5314391.jpg,singer,0,0,0
sa_9485756.jpg,flutist,0,1,0
sa_6259783.jpg,gymnast,1,1,0
sa_8277514.jpg,guard,0,0,0
sa_7938904.jpg,tennis_player,0,1,0
sa_4347450.jpg,skateboarder,0,2,0
sa_10113784.jpg,lawman,0,0,0
sa_10829093.jpg,gardener,0,2,0
sa_1105037.jpg,farmer,1,1,0
sa_6675308.jpg,soldier,0,0,0
sa_5868115.jpg,lawman,0,1,0
sa_9602037.jpg,craftsman,0,0,1
sa_9847809.jpg,guard,0,1,0
sa_2420933.jpg,runner,0,1,0
sa_9527827.jpg,skateboarder,1,0,0
sa_9015065.jpg,gardener,0,0,0
sa_616043.jpg,guitarist,0,0,0
sa_1288364.jpg,laborer,0,1,0
sa_2148689.jpg,boatman,0,2,0
sa_1192336.jpg,dancer,0,1,0
sa_11145236.jpg,retailer,0,1,0
sa_7870644.jpg,reporter,0,0,0
sa_536044.jpg,fireman,0,0,0
sa_8835470.jpg,lifeguard,0,1,0
sa_3527141.jpg,horseman,1,0,0
sa_7222370.jpg,drummer,1,1,0
sa_8501534.jpg,speaker,0,1,0
sa_815121.jpg,guard,0,1,0
sa_9139760.jpg,computer_user,0,0,0
sa_10036145.jpg,climber,0,1,0
sa_9282670.jpg,speaker,0,1,0
sa_7580408.jpg,lawman,0,0,0
sa_910767.jpg,farmer,0,1,0
sa_9307505.jpg,lawman,0,1,0
sa_6514198.jpg,guitarist,0,1,0
sa_7789829.jpg,seller,0,0,0
sa_1320860.jpg,reporter,0,0,0
sa_8495058.jpg,repairman,0,0,0
sa_8067989.jpg,repairman,0,1,0
sa_1329756.jpg,guard,0,0,0
sa_10979884.jpg,seller,0,1,0
sa_7763703.jpg,backpacker,0,1,0
sa_8852621.jpg,prayer,0,0,0
sa_1345545.jpg,waiter,1,0,0
sa_9752129.jpg,speaker,0,1,0
sa_1047491.jpg,boatman,1,0,0
sa_3565059.jpg,speaker,0,0,0
sa_5385015.jpg,backpacker,0,0,0
sa_4589654.jpg,speaker,0,0,0
sa_10717742.jpg,machinist,0,0,0
sa_8241041.jpg,gymnast,1,0,0
sa_5063479.jpg,tennis_player,0,1,0
sa_7409466.jpg,speaker,0,0,0
sa_5512845.jpg,craftsman,0,1,0
sa_7909026.jpg,horseman,0,0,0
sa_3359910.jpg,craftsman,1,0,0
sa_688250.jpg,laborer,0,2,0
sa_4614872.jpg,soldier,0,0,0
sa_3638975.jpg,singer,0,1,0
sa_6276618.jpg,craftsman,0,0,0
sa_5815241.jpg,boatman,1,0,0
sa_1817143.jpg,motorcyclist,0,1,0
sa_2196369.jpg,fireman,0,1,0
sa_5578073.jpg,boatman,0,0,0
sa_6573126.jpg,craftsman,0,1,0
sa_5816564.jpg,waiter,1,1,0
sa_5327349.jpg,disk_jockey,0,0,0
sa_3357438.jpg,tennis_player,0,1,0
sa_7151506.jpg,soccer_player,0,0,0
sa_8089754.jpg,repairman,0,1,0
sa_2643752.jpg,tennis_player,0,0,0
sa_1230989.jpg,singer,1,0,0
sa_10701431.jpg,prayer,1,1,0
sa_7826155.jpg,astronaut,0,1,0
sa_3680524.jpg,gymnast,0,0,0
sa_8121530.jpg,tennis_player,0,0,0
sa_9019507.jpg,drummer,1,0,0
sa_5753779.jpg,painter,1,1,0
sa_1656029.jpg,reporter,0,0,0
sa_2098039.jpg,painter,1,0,0
sa_10150604.jpg,craftsman,1,1,0
sa_7860219.jpg,soldier,0,0,0
sa_7098950.jpg,backpacker,0,0,0
sa_3084563.jpg,farmer,1,1,0
sa_9709963.jpg,student,0,1,0
sa_6685063.jpg,lawman,0,1,0
sa_4737541.jpg,computer_user,0,1,0
sa_10556026.jpg,ballplayer,0,1,0
sa_7860472.jpg,repairman,0,0,0
sa_10983263.jpg,waiter,1,0,0
sa_8867969.jpg,boatman,0,2,0
sa_9906541.jpg,singer,0,0,0
sa_9427405.jpg,tennis_player,0,1,0
sa_160791.jpg,prayer,0,2,1
sa_1342778.jpg,craftsman,0,1,0
sa_10514457.jpg,soldier,0,0,0
sa_9273948.jpg,waiter,0,1,0
sa_8511625.jpg,lawman,0,0,0
sa_7835470.jpg,judge,1,1,0
sa_390198.jpg,ballplayer,0,0,0
sa_4411937.jpg,teacher,0,0,0
sa_9978837.jpg,lawman,0,0,0
sa_2821974.jpg,motorcyclist,0,1,0
sa_6064148.jpg,singer,0,0,0
sa_3730635.jpg,carpenter,0,0,0
sa_2887325.jpg,boatman,0,1,1
sa_1569701.jpg,craftsman,1,1,0
sa_9857028.jpg,craftsman,0,1,0
sa_10228309.jpg,computer_user,0,0,0
sa_8584101.jpg,soccer_player,0,1,0
sa_8247845.jpg,tennis_player,0,1,0
sa_4089043.jpg,computer_user,0,0,0
sa_8531352.jpg,referee,0,0,0
sa_8654646.jpg,singer,0,1,0
sa_10442782.jpg,doctor,1,0,0
sa_7154216.jpg,teacher,0,1,0
sa_3883463.jpg,farmer,0,1,0
sa_2875020.jpg,lifeguard,0,1,0
sa_727214.jpg,sculptor,0,2,0
sa_2191320.jpg,dancer,0,1,0
sa_659839.jpg,computer_user,0,1,0
sa_10752793.jpg,sculptor,0,1,0
sa_5875698.jpg,craftsman,0,0,0
sa_848326.jpg,painter,0,1,0
sa_3479154.jpg,repairman,0,1,0
sa_6776651.jpg,horseman,0,1,0
sa_3192088.jpg,computer_user,0,1,0
sa_11035141.jpg,repairman,0,1,0
sa_2735334.jpg,prayer,0,1,1
sa_213470.jpg,gardener,1,0,1
sa_9846773.jpg,flutist,0,1,0
sa_3252642.jpg,trumpeter,0,0,0
sa_2165092.jpg,seller,1,1,0
sa_9465704.jpg,laborer,0,1,0
sa_5475508.jpg,guitarist,0,0,0
sa_8907168.jpg,runner,1,0,0
sa_10334098.jpg,tennis_player,0,0,0
sa_2545985.jpg,flutist,0,1,0
sa_378625.jpg,craftsman,0,1,0
sa_10402361.jpg,craftsman,0,1,0
sa_9623926.jpg,craftsman,0,1,0
sa_5194318.jpg,computer_user,0,1,0
sa_5190824.jpg,lawman,0,0,0
sa_7355899.jpg,craftsman,0,1,0
sa_8948099.jpg,computer_user,1,1,0
sa_6416040.jpg,reporter,1,0,0
sa_462868.jpg,tennis_player,0,1,0
sa_10116509.jpg,tennis_player,0,1,0
sa_5409783.jpg,boatman,1,0,1
sa_4208377.jpg,waiter,1,1,0
sa_825856.jpg,ballplayer,0,0,0
sa_7341376.jpg,lawman,1,1,0
sa_6147085.jpg,basketball_player,0,1,0
sa_1405057.jpg,speaker,0,1,0
sa_4983291.jpg,guard,0,0,0
sa_9505394.jpg,gardener,0,1,0
sa_5266297.jpg,guitarist,1,1,0
sa_6133336.jpg,computer_user,0,0,0
sa_6735103.jpg,seller,0,1,0
sa_9188419.jpg,carpenter,0,1,1
sa_2315130.jpg,lifeguard,0,1,0
sa_9829666.jpg,skateboarder,0,0,0
sa_3997840.jpg,craftsman,0,0,1
sa_8598795.jpg,seller,1,1,0
sa_9811401.jpg,gardener,1,1,1
sa_758521.jpg,retailer,0,1,0
sa_2432204.jpg,craftsman,0,0,1
sa_11138275.jpg,painter,0,0,0
sa_4366004.jpg,painter,1,1,0
sa_2585488.jpg,ballplayer,0,1,0
sa_5319106.jpg,skateboarder,0,0,0
sa_10520791.jpg,waiter,0,0,0
sa_8432361.jpg,guard,0,1,0
sa_4252974.jpg,climber,0,1,0
sa_4714293.jpg,runner,0,0,0
sa_4063075.jpg,drummer,0,1,0
sa_8538901.jpg,lawman,0,0,0
sa_7441080.jpg,computer_user,1,0,0
sa_7073384.jpg,laborer,0,0,0
sa_1924564.jpg,craftsman,1,0,0
sa_1509300.jpg,computer_user,1,0,0
sa_3525037.jpg,drummer,0,1,0
sa_1259631.jpg,farmer,0,1,0
sa_7897526.jpg,dancer,1,1,0
sa_6102443.jpg,gymnast,1,0,0
sa_9914770.jpg,skateboarder,0,1,0
sa_3765238.jpg,guard,0,1,0
sa_11157701.jpg,patient,1,0,0
sa_5629083.jpg,waiter,0,0,0
sa_7857810.jpg,doctor,1,0,0
sa_11183747.jpg,dancer,1,1,0
sa_4152011.jpg,referee,0,0,0
sa_7571610.jpg,lawman,0,0,0
sa_8668906.jpg,seller,0,1,1
sa_641497.jpg,guard,0,0,0
sa_10853781.jpg,tennis_player,0,1,0
sa_2949820.jpg,guard,0,1,0
sa_8274458.jpg,backpacker,0,1,0
sa_2003237.jpg,farmer,0,0,1
sa_2902033.jpg,lawman,0,1,0
sa_7157401.jpg,trumpeter,0,0,0
sa_2842886.jpg,seller,0,0,1
sa_8081398.jpg,prayer,0,0,0
sa_6071228.jpg,gardener,0,1,0
sa_4671141.jpg,basketball_player,1,0,0
sa_4014612.jpg,tennis_player,0,1,0
sa_3174220.jpg,speaker,0,0,0
sa_5375941.jpg,dancer,0,1,0
sa_8351368.jpg,dancer,0,0,0
sa_6016534.jpg,guitarist,0,0,0
sa_6457522.jpg,craftsman,0,1,0
sa_5937260.jpg,waiter,0,1,0
sa_5729557.jpg,speaker,1,1,0
sa_9984155.jpg,tennis_player,1,1,0
sa_7163178.jpg,speaker,0,2,0
sa_1179342.jpg,reporter,0,0,1
sa_1008517.jpg,computer_user,0,0,0
sa_3661206.jpg,farmer,0,1,1
sa_7214325.jpg,seller,0,1,0
sa_5570795.jpg,skateboarder,0,0,0
sa_8083358.jpg,guard,0,1,0
sa_3271611.jpg,nurse,1,1,0
sa_2119136.jpg,repairman,0,0,0
sa_2964154.jpg,horseman,1,0,0
sa_7768983.jpg,horseman,0,1,0
sa_8565795.jpg,drummer,0,2,0
sa_10068666.jpg,computer_user,1,1,0
sa_7848647.jpg,motorcyclist,0,1,0
sa_7355824.jpg,hairdresser,1,0,0
sa_1879966.jpg,carpenter,0,0,0
sa_6936090.jpg,ballplayer,0,0,0
sa_7281791.jpg,gardener,0,1,0
sa_4999075.jpg,seller,1,1,0
sa_2481108.jpg,ballplayer,0,2,0
sa_6292003.jpg,sculptor,0,1,0
sa_6568659.jpg,skateboarder,0,0,0
sa_1518057.jpg,craftsman,0,1,0
sa_5663690.jpg,fireman,0,0,0
sa_3596950.jpg,ballplayer,0,1,0
sa_10457649.jpg,retailer,0,0,0
sa_4969058.jpg,retailer,0,1,0
sa_10624860.jpg,speaker,1,0,0
sa_4797548.jpg,machinist,0,1,0
sa_4321940.jpg,guitarist,0,0,0
sa_4383064.jpg,flutist,0,0,1
sa_10056288.jpg,gymnast,1,0,0
sa_4086368.jpg,speaker,0,1,0
sa_7586876.jpg,dancer,1,2,0
sa_5939518.jpg,repairman,0,1,0
sa_9204383.jpg,guitarist,0,1,0
sa_8387656.jpg,horseman,1,1,0
sa_10474369.jpg,speaker,0,0,0
sa_11132363.jpg,disk_jockey,0,0,0
sa_10808238.jpg,computer_user,0,1,0
sa_1273202.jpg,computer_user,0,0,0
sa_3615336.jpg,horseman,1,0,0
sa_5456797.jpg,backpacker,0,0,0
sa_5208621.jpg,guard,0,1,0
sa_6940363.jpg,guitarist,0,0,0
sa_6000657.jpg,reporter,0,0,0
sa_10409447.jpg,waiter,0,1,0
sa_6387298.jpg,waiter,1,0,1
sa_5111948.jpg,lifeguard,0,2,0
sa_1066673.jpg,laborer,0,1,0
sa_5396784.jpg,waiter,0,0,0
sa_8680288.jpg,speaker,0,1,0
sa_652442.jpg,ballplayer,0,1,0
sa_6876859.jpg,lawman,0,0,1
sa_1988989.jpg,farmer,1,1,0
sa_4955743.jpg,motorcyclist,1,1,0
sa_8958470.jpg,motorcyclist,0,1,1
sa_9333221.jpg,repairman,0,0,0
sa_895618.jpg,seller,0,1,0
sa_5020457.jpg,motorcyclist,0,1,0
sa_1495336.jpg,prayer,0,1,1
sa_11023929.jpg,speaker,0,0,0
sa_1581672.jpg,lawman,0,1,0
sa_3821439.jpg,seller,0,0,0
sa_2039975.jpg,guitarist,0,0,0
sa_3721126.jpg,lawman,0,0,0
sa_674118.jpg,hairdresser,1,0,0
sa_4900358.jpg,gardener,0,1,1
sa_1583138.jpg,lawman,0,0,0
sa_3447937.jpg,singer,1,1,0
sa_3937884.jpg,hairdresser,0,1,0
sa_8848810.jpg,farmer,0,0,0
sa_9081412.jpg,boatman,1,0,0
sa_9166661.jpg,speaker,0,0,0
sa_8921745.jpg,repairman,0,1,0
sa_9176262.jpg,nurse,0,0,0
sa_1541033.jpg,laborer,0,0,0
sa_4050216.jpg,cheerleader,1,0,0
sa_6602303.jpg,speaker,1,2,0
sa_5817447.jpg,prayer,1,0,1
sa_6943485.jpg,boatman,1,1,0
sa_4291806.jpg,farmer,0,2,0
sa_2972059.jpg,drummer,0,1,0
sa_10226682.jpg,tennis_player,0,1,0
sa_5413510.jpg,seller,0,1,0
sa_3006691.jpg,farmer,1,1,0
sa_3945416.jpg,nurse,0,1,0
sa_8100320.jpg,lawman,0,0,0
sa_2985552.jpg,speaker,0,0,1
sa_6584510.jpg,singer,1,0,0
sa_3236184.jpg,prayer,0,1,0
sa_10675824.jpg,nurse,0,0,0
sa_1414239.jpg,singer,1,0,0
sa_3854977.jpg,lawman,0,1,0
sa_4898127.jpg,referee,0,1,0
sa_9071693.jpg,runner,0,2,0
sa_4594066.jpg,soldier,0,0,0
sa_7364204.jpg,seller,1,1,0
sa_6200439.jpg,motorcyclist,0,1,0
sa_4120340.jpg,electrician,0,1,0
sa_1923073.jpg,laborer,0,0,0
sa_10858052.jpg,craftsman,0,1,0
sa_1548143.jpg,laborer,0,0,0
sa_3802968.jpg,lawman,0,1,0
sa_6443495.jpg,repairman,0,1,0
sa_4670392.jpg,drummer,0,1,0
sa_10565813.jpg,lawman,0,0,0
sa_9889532.jpg,seller,0,1,0
sa_213409.jpg,backpacker,1,0,0
sa_9652493.jpg,climber,0,0,0
sa_1410460.jpg,painter,0,0,1
sa_8878247.jpg,skateboarder,0,1,0
sa_2327885.jpg,seller,0,1,0
sa_6985394.jpg,farmer,1,1,0
sa_6876407.jpg,prayer,0,1,1
sa_7868417.jpg,reporter,0,0,0
sa_6840188.jpg,guitarist,0,1,0
sa_5914955.jpg,farmer,1,1,0
sa_349049.jpg,guitarist,0,1,0
sa_9636015.jpg,lawman,0,0,0
sa_1635972.jpg,singer,0,0,0
sa_11175543.jpg,soccer_player,1,0,0
sa_6653929.jpg,waiter,0,1,0
sa_1555316.jpg,repairman,0,1,1
sa_4615735.jpg,machinist,0,1,1
sa_9254706.jpg,singer,0,0,0
sa_8192373.jpg,guard,0,1,0
sa_3868202.jpg,singer,0,0,0
sa_1680083.jpg,gymnast,1,1,0
sa_3480311.jpg,gardener,1,1,0
sa_4956048.jpg,dancer,0,2,0
sa_654620.jpg,craftsman,0,1,1
sa_610399.jpg,repairman,0,1,0
sa_2620322.jpg,backpacker,0,1,0
sa_8601713.jpg,laborer,1,0,1
sa_2591514.jpg,skateboarder,0,0,0
sa_10345951.jpg,repairman,0,1,0
sa_6167930.jpg,soccer_player,0,1,0
sa_7230014.jpg,sculptor,0,0,0
sa_3090424.jpg,teacher,1,0,0
sa_8698122.jpg,backpacker,1,0,0
sa_7919224.jpg,painter,0,1,0
sa_7828016.jpg,referee,0,0,0
sa_8520754.jpg,singer,0,0,1
sa_3195151.jpg,machinist,0,1,0
sa_9559857.jpg,motorcyclist,0,1,1
sa_5089105.jpg,speaker,0,0,0
sa_144937.jpg,singer,0,0,0
sa_2243407.jpg,retailer,0,0,0
sa_2499820.jpg,soldier,0,0,0
sa_1386695.jpg,guitarist,0,1,1
sa_7418030.jpg,guard,1,0,0
sa_10840197.jpg,guard,0,0,0
sa_8664383.jpg,seller,1,1,0
sa_8769444.jpg,skateboarder,0,1,0
sa_10088759.jpg,waiter,1,1,0
sa_1414000.jpg,repairman,0,0,1
sa_1114511.jpg,seller,0,0,0
sa_2270285.jpg,horseman,0,0,0
sa_8600346.jpg,farmer,0,1,0
sa_5402265.jpg,repairman,0,1,1
sa_1488760.jpg,gymnast,1,0,0
sa_2790434.jpg,laborer,0,1,0
sa_11080641.jpg,prayer,1,1,0
sa_10958651.jpg,horseman,0,1,0
sa_2301438.jpg,lawman,0,1,0
sa_7632505.jpg,singer,0,1,0
sa_7037274.jpg,speaker,0,0,0
sa_3990092.jpg,painter,0,1,0
sa_8974323.jpg,basketball_player,0,0,0
sa_3276749.jpg,doctor,0,2,0
sa_5213371.jpg,horseman,1,0,0
sa_9494881.jpg,gardener,0,1,0
sa_6589876.jpg,dancer,0,1,0
sa_2939441.jpg,motorcyclist,0,1,0
sa_6047672.jpg,hairdresser,0,1,0
sa_2389927.jpg,backpacker,1,0,0
sa_5254321.jpg,guitarist,0,0,0
sa_3005976.jpg,craftsman,1,1,0
sa_9446358.jpg,speaker,0,1,0
sa_4450505.jpg,carpenter,0,0,0
sa_9926899.jpg,fireman,0,1,0
sa_1583866.jpg,lawman,0,0,0
sa_6213908.jpg,gymnast,0,1,0
sa_622299.jpg,repairman,0,0,0
sa_1956043.jpg,craftsman,1,1,0
sa_9532781.jpg,horseman,0,1,0
sa_4307058.jpg,gardener,0,1,0
sa_10093228.jpg,skateboarder,0,1,0
sa_1124923.jpg,repairman,1,0,0
sa_4664056.jpg,horseman,0,0,0
sa_2804653.jpg,guard,1,0,0
sa_2511452.jpg,retailer,1,1,0
sa_3828696.jpg,lawman,1,0,0
sa_1229330.jpg,nurse,1,0,1
sa_7146414.jpg,disk_jockey,0,1,0
sa_7241198.jpg,guitarist,0,1,0
sa_8682931.jpg,skateboarder,0,1,0
sa_2376926.jpg,nurse,1,0,0
sa_6793500.jpg,drummer,0,0,0
sa_368078.jpg,skateboarder,0,1,0
sa_11160697.jpg,retailer,0,1,0
sa_10787574.jpg,skateboarder,1,1,0
sa_5730682.jpg,painter,0,1,0
sa_8327299.jpg,soldier,0,1,0
sa_11002180.jpg,tennis_player,1,0,0
sa_417158.jpg,motorcyclist,1,1,0
sa_6323588.jpg,lawman,0,0,0
sa_6610346.jpg,dancer,1,0,0
sa_1186603.jpg,waiter,0,0,0
sa_10523774.jpg,soldier,0,0,0
sa_4830848.jpg,retailer,0,1,0
sa_6561618.jpg,doctor,1,0,0
sa_3315917.jpg,speaker,0,1,0
sa_8771614.jpg,prayer,0,0,1
sa_138505.jpg,tennis_player,0,1,0
sa_3645945.jpg,boatman,0,0,0
sa_727892.jpg,tennis_player,1,0,0
sa_4547800.jpg,singer,0,0,0
sa_3604679.jpg,patient,0,0,1
sa_5495152.jpg,tennis_player,0,0,0
sa_9124432.jpg,skateboarder,0,1,0
sa_9569455.jpg,laborer,0,1,1
sa_7678746.jpg,laborer,0,1,0
sa_701215.jpg,lawman,0,1,0
sa_2396218.jpg,astronaut,0,1,0
sa_4514005.jpg,speaker,0,1,0
sa_39972.jpg,singer,1,0,0
sa_6696625.jpg,backpacker,0,1,0
sa_4008484.jpg,laborer,0,0,0
sa_7309842.jpg,tennis_player,1,1,0
sa_6916587.jpg,farmer,0,0,0
sa_5426165.jpg,lawman,0,1,0
sa_195435.jpg,guard,0,1,0
sa_7250177.jpg,singer,0,0,0
sa_3719015.jpg,bartender,0,1,0
sa_4116643.jpg,skateboarder,1,0,0
sa_3023475.jpg,electrician,0,0,0
sa_9393101.jpg,basketball_player,0,0,0
sa_1699258.jpg,retailer,0,0,0
sa_985558.jpg,referee,0,0,0
sa_11106374.jpg,guard,0,1,0
sa_9896831.jpg,runner,1,0,0
sa_9156675.jpg,repairman,0,1,0
sa_5316297.jpg,hairdresser,0,1,0
sa_7813413.jpg,craftsman,1,1,0
sa_2843388.jpg,patient,1,0,0
sa_9752674.jpg,craftsman,0,2,0
sa_9577261.jpg,repairman,0,1,0
sa_2072802.jpg,nurse,1,1,0
sa_2989171.jpg,tennis_player,0,0,0
sa_4656440.jpg,soccer_player,0,0,0
sa_6597202.jpg,speaker,1,0,0
sa_2477538.jpg,lawman,1,1,0
sa_5930437.jpg,judge,0,0,0
sa_3550451.jpg,repairman,0,1,0
sa_1700556.jpg,laborer,0,1,0
sa_1208523.jpg,machinist,0,0,0
sa_10847459.jpg,motorcyclist,1,1,0
sa_3826995.jpg,basketball_player,0,2,0
sa_10220416.jpg,singer,0,0,0
sa_9666302.jpg,singer,1,1,0
sa_6305533.jpg,retailer,0,0,1
sa_2295384.jpg,boatman,1,1,0
sa_8171504.jpg,lifeguard,0,1,0
sa_2230706.jpg,repairman,0,1,0
sa_7424634.jpg,boatman,1,0,0
sa_3632150.jpg,farmer,0,2,1
sa_1353994.jpg,boatman,0,1,0
sa_5510057.jpg,computer_user,0,1,0
sa_4229831.jpg,craftsman,0,0,0
sa_6611518.jpg,speaker,0,0,0
sa_5406604.jpg,painter,1,1,0
sa_9948549.jpg,tennis_player,0,0,0
sa_8509037.jpg,tennis_player,1,0,0
sa_3733827.jpg,seller,0,1,0
sa_3971174.jpg,motorcyclist,1,0,0
sa_10782876.jpg,climber,0,0,0
sa_3021213.jpg,seller,0,1,0
sa_3057500.jpg,tennis_player,1,0,0
sa_702801.jpg,farmer,1,0,0
sa_6249946.jpg,singer,1,1,0
sa_675635.jpg,patient,0,0,0
sa_10896122.jpg,gymnast,0,0,0
sa_9108514.jpg,painter,1,1,0
sa_4902982.jpg,farmer,1,1,0
sa_8557836.jpg,lawman,0,0,0
sa_1299772.jpg,laborer,0,1,0
sa_487114.jpg,boatman,0,1,1
sa_8413619.jpg,speaker,0,1,1
sa_7595396.jpg,craftsman,0,1,0
sa_5123515.jpg,repairman,0,1,0
sa_6960989.jpg,reporter,0,1,0
sa_3208322.jpg,speaker,0,0,0
sa_9276344.jpg,climber,0,0,0
sa_3964836.jpg,lawman,0,0,0
sa_4484836.jpg,painter,0,0,0
sa_9643196.jpg,prayer,0,0,0
sa_7933528.jpg,student,1,1,0
sa_1798850.jpg,backpacker,1,0,0
sa_6002833.jpg,seller,1,0,0
sa_9190726.jpg,boatman,1,1,0
sa_5583546.jpg,basketball_player,0,1,0
sa_8509822.jpg,craftsman,0,0,1
sa_9785233.jpg,computer_user,1,0,0
sa_7367878.jpg,laborer,0,1,0
sa_2399178.jpg,motorcyclist,0,1,0
sa_2471993.jpg,nurse,1,1,0
sa_6581417.jpg,lawman,0,1,0
sa_587267.jpg,disk_jockey,0,0,0
sa_2147068.jpg,painter,1,0,0
sa_3248952.jpg,doctor,0,0,0
sa_4717506.jpg,tennis_player,0,1,0
sa_5392756.jpg,retailer,0,1,0
sa_8392513.jpg,seller,0,1,0
sa_3769368.jpg,repairman,0,1,0
sa_582790.jpg,singer,0,2,0
sa_3480861.jpg,lawman,0,0,0
sa_7172519.jpg,boatman,1,1,1
sa_1031824.jpg,lawman,0,1,0
sa_5876598.jpg,gymnast,1,0,0
sa_1508552.jpg,boatman,0,0,1
sa_200074.jpg,gymnast,1,1,0
sa_1507381.jpg,singer,1,0,0
sa_5597774.jpg,basketball_player,0,1,0
sa_1040211.jpg,computer_user,0,0,0
sa_4950210.jpg,craftsman,1,0,1
sa_2958161.jpg,machinist,0,0,0
sa_11039483.jpg,waiter,1,0,0
sa_10305990.jpg,tennis_player,0,0,0
sa_2172153.jpg,teacher,0,0,0
sa_10546927.jpg,ballplayer,0,0,0
sa_4993369.jpg,tennis_player,0,0,0
sa_5230989.jpg,gymnast,1,0,0
sa_10249607.jpg,laborer,1,1,0
sa_5837936.jpg,tennis_player,1,1,0
sa_4375077.jpg,backpacker,0,0,0
sa_947228.jpg,tennis_player,1,0,0
sa_7848040.jpg,farmer,0,1,0
sa_540034.jpg,soccer_player,0,1,0
sa_7750270.jpg,gardener,0,0,1
sa_9282713.jpg,computer_user,0,1,0
sa_7379330.jpg,guitarist,0,0,0
sa_113968.jpg,student,0,0,0
sa_528789.jpg,boatman,1,2,0
sa_6711073.jpg,gymnast,0,0,0
sa_2358736.jpg,painter,0,1,1
sa_7187797.jpg,singer,0,1,0
sa_2644686.jpg,seller,0,0,0
sa_939348.jpg,disk_jockey,1,0,0
sa_7187596.jpg,sculptor,0,2,0
sa_5581129.jpg,lawman,0,1,0
sa_3493318.jpg,tennis_player,1,1,0
sa_8382324.jpg,boatman,0,0,0
sa_8320951.jpg,soccer_player,0,2,0
sa_8322594.jpg,lawman,0,0,1
sa_2896384.jpg,tennis_player,0,0,0
sa_2011348.jpg,singer,0,1,1
sa_3435755.jpg,tennis_player,0,0,0
sa_5860629.jpg,computer_user,1,0,0
sa_7064101.jpg,patient,1,1,0
sa_1301650.jpg,motorcyclist,0,1,0
sa_688545.jpg,repairman,0,1,0
sa_8715653.jpg,disk_jockey,0,1,0
sa_9877434.jpg,ballplayer,0,1,0
sa_996739.jpg,referee,0,1,0
sa_6377719.jpg,seller,0,1,0
sa_2165420.jpg,runner,1,0,0
sa_5687262.jpg,carpenter,0,0,0
sa_3399394.jpg,painter,0,1,0
sa_10381645.jpg,guitarist,0,0,0
sa_8028903.jpg,repairman,0,0,0
sa_8316969.jpg,machinist,0,1,0
sa_8654112.jpg,laborer,0,1,0
sa_7716135.jpg,lawman,0,1,0
sa_591012.jpg,tennis_player,0,0,0
sa_7858116.jpg,speaker,0,0,0
sa_9427912.jpg,motorcyclist,0,0,0
sa_6099966.jpg,singer,1,0,0
sa_4024672.jpg,laborer,0,0,0
sa_77407.jpg,laborer,1,2,0
sa_9202211.jpg,motorcyclist,1,0,0
sa_8897983.jpg,hairdresser,0,0,0
sa_6034329.jpg,soldier,0,0,0
sa_10655327.jpg,tennis_player,0,0,0
sa_8673619.jpg,craftsman,0,1,0
sa_10804608.jpg,guard,0,0,0
sa_10284354.jpg,speaker,0,0,0
sa_9281371.jpg,backpacker,0,1,0
sa_7826774.jpg,lawman,0,0,0
sa_5096862.jpg,patient,0,2,1
sa_9982857.jpg,repairman,1,1,0
sa_5058313.jpg,retailer,1,0,0
sa_5136127.jpg,prayer,0,1,0
sa_7690938.jpg,reporter,1,1,0
sa_5654916.jpg,boatman,1,0,0
sa_11131646.jpg,lawman,0,1,0
sa_4728499.jpg,tennis_player,0,0,0
sa_6274483.jpg,boatman,0,1,0
sa_1025882.jpg,craftsman,0,1,0
sa_4548800.jpg,prayer,0,1,1
sa_10093753.jpg,fireman,0,0,0
sa_7871622.jpg,basketball_player,0,0,0
sa_10840753.jpg,farmer,0,1,0
sa_2259230.jpg,computer_user,1,0,0
sa_7083475.jpg,tennis_player,1,0,0
sa_2674726.jpg,seller,0,0,1
sa_1717859.jpg,climber,0,0,0
sa_8552413.jpg,prayer,0,0,1
sa_2716976.jpg,painter,0,1,0
sa_1561114.jpg,lawman,0,0,0
sa_4379226.jpg,seller,1,1,0
sa_387694.jpg,machinist,0,0,0
sa_4119655.jpg,speaker,0,1,0
sa_256911.jpg,astronaut,0,1,0
sa_10584393.jpg,repairman,0,1,0
sa_161276.jpg,painter,1,0,1
sa_7678292.jpg,horseman,0,0,0
sa_5827921.jpg,laborer,1,1,0
sa_1988320.jpg,painter,0,0,1
sa_9072886.jpg,painter,0,1,0
sa_2185033.jpg,lawman,0,1,1
sa_9274637.jpg,painter,1,1,1
sa_7432625.jpg,backpacker,0,1,0
sa_10560925.jpg,patient,0,1,0
sa_9085704.jpg,skateboarder,0,0,0
sa_8683571.jpg,painter,1,1,0
sa_4702683.jpg,craftsman,0,1,0
sa_5244898.jpg,soldier,1,0,0
sa_11131565.jpg,farmer,0,0,0
sa_5101298.jpg,carpenter,0,0,0
sa_7735147.jpg,speaker,0,0,0
sa_5238486.jpg,farmer,1,1,0
sa_2001699.jpg,farmer,0,1,1
sa_5033109.jpg,dancer,0,0,0
sa_10345602.jpg,painter,0,1,0
sa_8136578.jpg,laborer,0,0,0
sa_2648773.jpg,tennis_player,0,0,0
sa_2823943.jpg,guitarist,0,1,0
sa_3815494.jpg,skateboarder,0,1,0
sa_2665723.jpg,farmer,0,1,0
sa_4769752.jpg,reporter,0,0,0
sa_5143853.jpg,speaker,0,0,0
sa_9925964.jpg,tennis_player,1,1,0
sa_7466814.jpg,speaker,0,0,0
sa_11180829.jpg,tennis_player,1,1,0
sa_3226086.jpg,speaker,1,0,0
sa_4676559.jpg,singer,0,1,0
sa_5927098.jpg,singer,0,1,0
sa_3228870.jpg,retailer,1,1,0
sa_121115.jpg,speaker,0,1,1
sa_3206069.jpg,seller,1,0,0
sa_2385901.jpg,seller,0,1,0
sa_9322230.jpg,guitarist,0,1,0
sa_8398619.jpg,singer,0,0,0
sa_6116558.jpg,repairman,0,1,0
sa_624821.jpg,disk_jockey,0,1,0
sa_4331062.jpg,retailer,0,1,0
sa_8872653.jpg,machinist,0,1,0
sa_8075984.jpg,climber,0,1,0
sa_1367122.jpg,nurse,1,0,0
sa_3107015.jpg,repairman,0,0,0
sa_11109682.jpg,tennis_player,0,0,0
sa_97569.jpg,repairman,0,0,0
sa_9277157.jpg,prayer,0,1,0
sa_138545.jpg,waiter,0,1,0
sa_3941793.jpg,computer_user,0,1,0
sa_1253751.jpg,singer,0,0,0
sa_5306595.jpg,fireman,0,0,0
sa_3857901.jpg,farmer,0,1,1
sa_2192683.jpg,seller,0,1,0
sa_10016830.jpg,craftsman,0,1,1
sa_5218122.jpg,speaker,0,1,0
sa_4073702.jpg,farmer,0,1,0
sa_7648812.jpg,electrician,0,0,0
sa_7379351.jpg,tennis_player,0,1,0
sa_806624.jpg,astronaut,0,0,0
sa_9595924.jpg,speaker,0,0,0
sa_9141859.jpg,hairdresser,0,1,0
sa_7516101.jpg,electrician,0,0,0
sa_7097737.jpg,skateboarder,1,1,0
sa_3943925.jpg,farmer,0,1,1
sa_4776817.jpg,repairman,0,1,0
sa_2475279.jpg,horseman,0,1,0
sa_1672824.jpg,lifeguard,0,1,0
sa_8564684.jpg,speaker,0,0,1
sa_4579317.jpg,repairman,0,0,0
sa_1761146.jpg,laborer,0,0,0
sa_9462330.jpg,tennis_player,0,0,0
sa_3903283.jpg,boatman,1,0,0
sa_1382314.jpg,skateboarder,0,0,0
sa_7679816.jpg,lawman,0,1,0
sa_6883326.jpg,farmer,0,2,1
sa_6414725.jpg,trumpeter,0,1,0
sa_8069217.jpg,boatman,0,0,1
sa_9782484.jpg,nurse,1,0,0
sa_4063382.jpg,horseman,0,0,0
sa_3735818.jpg,repairman,0,0,0
sa_10619517.jpg,nurse,1,1,0
sa_8092047.jpg,speaker,0,1,0
sa_9203956.jpg,tennis_player,0,1,0
sa_2487880.jpg,guitarist,0,0,0
sa_10524571.jpg,speaker,1,1,0
sa_7646741.jpg,backpacker,0,0,0
sa_5267764.jpg,soccer_player,0,0,0
sa_3803376.jpg,singer,1,0,0
sa_5287332.jpg,horseman,1,0,0
sa_10102183.jpg,laborer,0,1,0
sa_4851864.jpg,speaker,1,1,0
sa_4194479.jpg,seller,1,1,1
sa_6120488.jpg,speaker,1,0,0
sa_6945318.jpg,motorcyclist,0,1,0
sa_5024810.jpg,boatman,1,0,0
sa_3984557.jpg,laborer,0,1,0
sa_3379562.jpg,speaker,0,1,0
sa_7572359.jpg,motorcyclist,0,1,0
sa_2175757.jpg,speaker,0,1,0
sa_5724719.jpg,prayer,0,0,1
sa_7781268.jpg,climber,0,2,1
sa_7800181.jpg,tennis_player,0,1,0
sa_10144756.jpg,seller,0,1,0
sa_4226830.jpg,retailer,1,1,0
sa_7623502.jpg,electrician,0,1,0
sa_8821432.jpg,speaker,0,0,0
sa_7152943.jpg,gardener,0,0,1
sa_96716.jpg,farmer,1,1,0
sa_8266539.jpg,lawman,1,1,0
sa_405686.jpg,seller,0,1,0
sa_5850231.jpg,tennis_player,1,1,0
sa_10975486.jpg,speaker,0,0,0
sa_7054184.jpg,soccer_player,0,0,0
sa_5389849.jpg,carpenter,0,1,0
sa_7754184.jpg,guard,0,0,0
sa_9850718.jpg,tennis_player,1,1,0
sa_7819518.jpg,tennis_player,0,0,0
sa_8730213.jpg,boatman,1,1,0
sa_2132369.jpg,craftsman,0,1,0
sa_4667698.jpg,speaker,0,1,0
sa_2162410.jpg,tennis_player,0,0,0
sa_7580384.jpg,soldier,0,0,0
sa_276479.jpg,farmer,0,1,1
sa_22547.jpg,judge,1,0,0
sa_8888948.jpg,tennis_player,1,0,0
sa_8043981.jpg,electrician,0,0,0
sa_792965.jpg,guard,0,0,0
sa_792006.jpg,ballplayer,1,2,0
sa_3810302.jpg,soldier,0,1,0
sa_4089709.jpg,waiter,1,0,0
sa_11156807.jpg,lawman,0,1,0
sa_2711896.jpg,boatman,1,0,0
sa_1647365.jpg,backpacker,0,1,0
sa_7708053.jpg,tennis_player,1,1,0
sa_6257323.jpg,machinist,0,0,1
sa_9646598.jpg,computer_user,1,0,0
sa_7973500.jpg,tennis_player,1,1,0
sa_10744246.jpg,painter,0,1,0
sa_1557770.jpg,lifeguard,0,1,0
sa_9133069.jpg,skateboarder,0,0,0
sa_1739132.jpg,gymnast,0,1,0
sa_8480488.jpg,drummer,0,0,0
sa_9060803.jpg,laborer,0,1,0
sa_2110170.jpg,singer,0,0,0
sa_6061229.jpg,reporter,0,0,0
sa_5076186.jpg,farmer,0,0,0
sa_6768549.jpg,laborer,0,1,0
sa_10845056.jpg,retailer,1,1,0
sa_7210321.jpg,machinist,0,0,0
sa_1325307.jpg,speaker,1,0,1
sa_9185716.jpg,boatman,1,0,0
sa_8229088.jpg,motorcyclist,1,0,0
sa_593593.jpg,gardener,1,0,1
sa_767958.jpg,guard,0,0,0
sa_8185612.jpg,painter,0,1,1
sa_989096.jpg,disk_jockey,0,1,0
sa_9456954.jpg,ballplayer,0,0,0
sa_9135204.jpg,singer,0,0,0
sa_7251813.jpg,speaker,1,0,0
sa_5822351.jpg,trumpeter,0,0,0
sa_6685005.jpg,tennis_player,0,1,0
sa_5601667.jpg,referee,0,0,0
sa_8623498.jpg,seller,0,1,0
sa_3331537.jpg,patient,0,1,0
sa_6803213.jpg,drummer,0,1,0
sa_974686.jpg,speaker,0,1,0
sa_6819445.jpg,fireman,0,1,0
sa_8126721.jpg,lawman,0,0,0
sa_9609549.jpg,painter,0,1,0
sa_2442041.jpg,lifeguard,0,2,0
sa_9608704.jpg,disk_jockey,0,1,0
sa_6906786.jpg,lawman,0,0,0
sa_2911512.jpg,lawman,0,1,0
sa_531977.jpg,boatman,0,1,0
sa_9543845.jpg,lifeguard,0,0,0
sa_3103553.jpg,drummer,0,0,0
sa_6508935.jpg,ballplayer,0,0,0
sa_10118269.jpg,runner,1,0,0
sa_856705.jpg,hairdresser,0,0,0
sa_3460665.jpg,ballplayer,0,0,0
sa_4091798.jpg,farmer,0,1,0
sa_9931122.jpg,farmer,0,2,1
sa_2537545.jpg,ballplayer,0,0,0
sa_1706134.jpg,farmer,0,1,0
sa_8064497.jpg,tennis_player,0,1,0
sa_10624956.jpg,horseman,1,0,0
sa_5633740.jpg,painter,0,1,0
sa_671874.jpg,skateboarder,0,1,0
sa_209943.jpg,patient,1,1,0
sa_794297.jpg,skateboarder,0,1,0
sa_8206267.jpg,computer_user,0,0,0
sa_4130220.jpg,boatman,0,1,0
sa_4884973.jpg,referee,0,0,0
sa_3139924.jpg,waiter,1,0,0
sa_10634893.jpg,gymnast,0,2,0
sa_10803218.jpg,speaker,0,0,0
sa_6157294.jpg,backpacker,0,1,0
sa_10943334.jpg,horseman,1,0,0
sa_9638643.jpg,guitarist,0,1,0
sa_856761.jpg,tennis_player,0,0,0
sa_10627191.jpg,lawman,0,0,0
sa_7522688.jpg,farmer,0,1,0
sa_3223974.jpg,boatman,0,0,0
sa_7457969.jpg,soldier,0,1,0
sa_6655754.jpg,backpacker,0,0,0
sa_3207731.jpg,farmer,1,1,0
sa_4654892.jpg,machinist,0,0,0
sa_9550405.jpg,gymnast,1,1,0
sa_7928212.jpg,singer,0,0,0
sa_6142974.jpg,gymnast,1,0,0
sa_6599988.jpg,drummer,0,0,0
sa_11763.jpg,skateboarder,0,0,0
sa_9956268.jpg,tennis_player,0,0,0
sa_4856478.jpg,soccer_player,0,0,0
sa_4516115.jpg,seller,0,1,0
sa_8274846.jpg,drummer,0,2,0
sa_1981777.jpg,skateboarder,1,1,0
sa_5954476.jpg,speaker,0,0,0
sa_6656534.jpg,backpacker,1,1,0
sa_2630176.jpg,hairdresser,0,1,0
sa_8160332.jpg,guitarist,0,0,1
sa_347421.jpg,tennis_player,1,1,0
sa_3722257.jpg,repairman,0,0,0
sa_3811745.jpg,gymnast,0,0,0
sa_4818317.jpg,lawman,1,1,0
sa_1570682.jpg,horseman,1,0,0
sa_1139027.jpg,carpenter,0,1,0
sa_5660355.jpg,gymnast,1,0,0
sa_6409492.jpg,seller,1,1,0
sa_2993072.jpg,guard,0,0,0
sa_10058230.jpg,motorcyclist,0,1,0
sa_4694948.jpg,gymnast,0,1,0
sa_7634865.jpg,singer,0,1,0
sa_2658356.jpg,boatman,1,1,0
sa_6867984.jpg,basketball_player,0,1,0
sa_8297396.jpg,lawman,0,0,0
sa_2911103.jpg,skateboarder,0,1,0
sa_2931248.jpg,horseman,0,2,0
sa_4993242.jpg,guard,0,2,0
sa_8840190.jpg,repairman,0,0,0
sa_2609469.jpg,climber,0,0,0
sa_8076889.jpg,tennis_player,1,1,0
sa_10662711.jpg,waiter,0,1,0
sa_9844048.jpg,painter,1,0,0
sa_806151.jpg,farmer,0,1,0
sa_165684.jpg,repairman,0,1,0
sa_5265603.jpg,gymnast,0,0,0
sa_406717.jpg,soldier,0,0,0
sa_441198.jpg,nurse,1,0,0
sa_675717.jpg,retailer,0,0,0
sa_10705056.jpg,dancer,1,0,0
sa_10684384.jpg,backpacker,0,0,0
sa_3401144.jpg,craftsman,0,1,1
sa_10859100.jpg,tennis_player,0,0,0
sa_4763209.jpg,tennis_player,1,1,0
sa_8470765.jpg,soccer_player,0,1,0
sa_8244874.jpg,singer,0,0,0
sa_9336087.jpg,electrician,0,2,0
sa_10433009.jpg,laborer,0,0,1
sa_606319.jpg,painter,1,1,0
sa_541737.jpg,laborer,0,1,0
sa_10907581.jpg,lawman,0,1,0
sa_937545.jpg,teacher,1,1,0
sa_10496613.jpg,machinist,0,1,0
sa_10744633.jpg,waiter,1,1,0
sa_6424878.jpg,soldier,0,1,0
sa_10059424.jpg,reporter,1,0,0
sa_1111999.jpg,motorcyclist,0,2,0
sa_9610723.jpg,seller,0,0,0
sa_3386416.jpg,machinist,0,0,0
sa_2100985.jpg,gardener,1,0,0
sa_7083015.jpg,seller,0,1,0
sa_8028499.jpg,tennis_player,0,1,0
sa_7409627.jpg,gymnast,1,0,0
sa_5010464.jpg,seller,1,1,0
sa_3844286.jpg,lawman,0,1,0
sa_9654190.jpg,speaker,0,0,1
sa_9704080.jpg,lawman,1,0,0
sa_8801392.jpg,craftsman,0,0,0
sa_9708721.jpg,guitarist,0,0,0
sa_9620763.jpg,laborer,1,1,0
sa_3275532.jpg,tennis_player,0,0,0
sa_5995470.jpg,waiter,1,0,0
sa_6696334.jpg,seller,0,1,0
sa_2375767.jpg,lawman,0,0,0
sa_766081.jpg,trumpeter,0,1,0
sa_8629086.jpg,repairman,0,1,0
sa_4917625.jpg,referee,0,0,0
sa_103437.jpg,climber,1,0,0
sa_4602180.jpg,lawman,0,1,0
sa_9291116.jpg,gymnast,1,0,0
sa_1181162.jpg,speaker,0,1,0
